fixed acidity,volatile acidity,citric acid,residual sugar,chlorides,free sulfur dioxide,total sulfur dioxide,density,pH,sulphates,alcohol,quality
0.084864597,-0.058802624,0.180269754,2.790017893,-0.036655575,0.570167633,0.707867594,2.283927436,-1.24041025,-0.343943534,-1.368910422,6
-0.749662704,0.240763174,0.015890969,-0.942731622,0.148365752,-1.272374085,-0.177029206,-0.053051981,0.731728712,0.004643228,-0.794109806,6
1.396264643,0.041052642,0.509027324,0.09305751,0.194621084,-0.321384812,-0.992065732,0.314187642,0.46877685,-0.431090225,-0.301423563,6
0.323300969,-0.458223689,-0.148487816,0.405748569,0.564663739,0.689041292,1.08045572,0.481114743,0.008611092,-0.779676987,-0.465652311,6
0.323300969,-0.458223689,-0.148487816,0.405748569,0.564663739,0.689041292,1.08045572,0.481114743,0.008611092,-0.779676987,-0.465652311,6
1.396264643,0.041052642,0.509027324,0.09305751,0.194621084,-0.321384812,-0.992065732,0.314187642,0.46877685,-0.431090225,-0.301423563,6
-0.86888089,0.440473707,-1.463518095,0.112600701,-0.036655575,-0.321384812,-0.083882174,0.247416802,-0.057126873,-0.169650153,-0.711995432,6
0.084864597,-0.058802624,0.180269754,2.790017893,-0.036655575,0.570167633,0.707867594,2.283927436,-1.24041025,-0.343943534,-1.368910422,6
-0.749662704,0.240763174,0.015890969,-0.942731622,0.148365752,-1.272374085,-0.177029206,-0.053051981,0.731728712,0.004643228,-0.794109806,6
1.396264643,-0.558078955,0.755595501,-0.962274813,-0.082910907,-0.440258471,-0.24688948,-0.119822821,0.205824988,-0.343943534,0.437605801,6
1.396264643,-0.058802624,0.591216716,-0.972046409,-0.591719556,-1.450684574,-1.7838155,-1.121385428,-1.306148216,0.614670061,1.258749538,5
1.992355573,-0.458223689,0.509027324,-0.434608652,-0.499208893,-1.094063597,-0.712624637,0.180645961,-0.320078735,0.353229989,-0.629881058,5
1.157828271,-0.957500019,0.262459146,-1.020904387,-0.267932234,-1.153500426,-1.504374405,-0.720760385,-0.057126873,1.224696894,0.273377053,5
-0.392008146,-1.157210552,0.509027324,-0.962274813,-0.082910907,0.748478121,0.079125131,-0.987843747,2.309439881,0.266083299,1.587207033,7
1.634701015,1.439026368,2.317193957,2.506641621,-0.267932234,0.332420314,0.754441109,2.016844074,-1.371886181,1.573283656,-0.629881058,5
-0.392008146,-1.057355286,0.344648539,-0.962274813,-0.637974888,-0.440258471,-0.642764364,-0.921072907,0.403038885,0.52752337,0.766063296,7
-0.749662704,2.038157965,-2.449790804,-1.040447578,0.009599757,-0.321384812,-0.945492216,-0.453677023,0.337300919,-1.128263748,-0.711995432,6
-0.86888089,3.835552755,1.166542463,-1.020904387,-0.776740884,-0.380821641,-1.504374405,-1.655552152,0.928942608,-0.866823677,1.915664528,8
0.561737341,0.640184239,0.673406109,-1.040447578,-0.591719556,-1.094063597,0.731154351,-0.820916646,-0.451554666,0.353229989,0.683948922,6
-0.511226332,0.34061844,-1.62789688,0.210316657,-0.082910907,-0.083637493,-0.153742448,0.447729323,0.205824988,0.091789918,-0.794109806,5
-0.86888089,3.835552755,1.166542463,-1.020904387,-0.776740884,-0.380821641,-1.504374405,-1.655552152,0.928942608,-0.866823677,1.915664528,8
-0.630444518,0.34061844,0.344648539,-0.688670137,-0.360442897,-0.975189937,-0.875631942,-0.987843747,-0.122864839,-1.215410439,0.437605801,7
-0.153571774,-0.15865789,0.673406109,-0.923188431,0.148365752,0.332420314,-0.409896785,-0.386906183,1.849274124,-0.082503463,0.027033932,8
0.800173713,3.935408022,-1.62789688,-0.962274813,1.304749048,-0.61856896,0.661294078,-0.153208241,-0.911720423,0.178936609,-0.958338553,5
-0.392008146,-0.058802624,0.591216716,-1.001361196,0.287131748,-1.153500426,0.055838373,0.314187642,1.520584297,-0.169650153,-0.383537937,6
0.084864597,-0.258513156,-0.148487816,0.503464525,0.009599757,1.223972758,2.454374435,0.447729323,0.403038885,0.091789918,-0.055080442,6
-0.034353588,-0.358368423,0.098080362,-1.059990769,0.287131748,-0.024200664,0.148985404,-0.386906183,1.717798193,-0.431090225,-0.383537937,6
0.084864597,0.041052642,0.426837931,0.444834951,0.240876416,-0.202511152,0.032551615,0.648041844,1.257632435,0.353229989,0.027033932,6
0.561737341,-0.058802624,1.166542463,-1.040447578,0.055855089,-1.094063597,-0.177029206,-0.921072907,0.008611092,0.004643228,0.930292043,6
0.323300969,0.440473707,0.180269754,-0.864558858,-0.591719556,0.094672996,-0.596190848,-1.188156269,-0.583030596,1.921870418,1.505092659,7
1.873137387,-0.358368423,0.426837931,0.777069202,-0.082910907,-0.915753108,0.055838373,1.082052307,0.074349058,0.353229989,-0.383537937,6
1.634701015,-1.356921084,0.015890969,-1.040447578,-0.17542157,-1.688431893,-2.156403626,-0.253364502,1.849274124,-0.779676987,-0.219309189,6
0.561737341,-0.258513156,0.180269754,-0.854787262,0.194621084,-0.261947982,-0.922205458,-0.720760385,0.008611092,-0.431090225,0.273377053,6
-0.86888089,-1.556631616,0.015890969,-0.962274813,-0.036655575,0.451293973,-0.526330574,-0.086437401,1.520584297,0.178936609,-1.204681674,6
-1.345753634,-0.058802624,-1.134760525,1.6662844,-0.082910907,-0.796879449,0.917448415,0.681427265,1.19189447,-1.041117058,-0.219309189,5
0.442519155,0.041052642,0.755595501,-0.923188431,1.582281038,-0.856316278,-0.386610027,-1.221541689,0.008611092,-0.605383606,1.915664528,5
-0.511226332,1.13946057,-0.888192348,-0.200090357,0.240876416,-0.61856896,0.218845678,-0.253364502,0.337300919,-1.215410439,-0.383537937,5
0.084864597,0.540328973,-0.148487816,-1.020904387,0.33338708,0.154109825,-0.037308659,-1.188156269,-0.3858167,-1.825437272,0.601834548,6
0.442519155,-0.358368423,0.426837931,2.252580136,0.518408407,0.570167633,0.218845678,1.916687813,0.140087023,-1.128263748,-1.533139169,5
0.442519155,-0.358368423,0.426837931,2.252580136,0.518408407,0.570167633,0.218845678,1.916687813,0.140087023,-1.128263748,-1.533139169,5
-0.27278996,-0.458223689,0.426837931,-0.766842902,5.837771564,1.640030566,0.428426499,-0.153208241,-0.517292631,-1.128263748,-0.876224179,6
-0.27278996,-0.358368423,0.426837931,-0.688670137,5.884026896,1.640030566,0.405139741,-0.153208241,-0.583030596,-1.302557129,-0.876224179,6
0.084864597,0.34061844,-0.64162417,0.190773466,1.073472389,-0.440258471,0.475000015,0.414343903,-0.3858167,-0.256796844,-0.547766684,6
-0.392008146,-0.358368423,-0.559434778,-0.981818005,0.518408407,-0.143074323,0.288705952,-0.253364502,0.205824988,0.614670061,-0.794109806,6
-0.27278996,-0.458223689,-0.64162417,-0.981818005,0.657174402,-0.143074323,0.335279467,-0.253364502,0.337300919,0.614670061,-0.794109806,6
0.561737341,-0.957500019,-0.230677208,-0.981818005,0.564663739,0.154109825,0.63800732,-0.353520763,-0.188602804,0.353229989,-0.383537937,7
-0.86888089,1.738592166,-0.64162417,-0.395522269,0.795940398,1.640030566,1.546190877,-0.053051981,0.534514816,0.266083299,-0.547766684,4
-0.86888089,1.838447433,-0.723813563,-0.395522269,0.934706393,1.580593736,1.569477635,-0.086437401,0.403038885,0.266083299,-0.547766684,5
0.084864597,0.34061844,-0.64162417,0.190773466,1.073472389,-0.440258471,0.475000015,0.414343903,-0.3858167,-0.256796844,-0.547766684,6
-0.034353588,-0.857644753,0.098080362,-0.278263122,0.980961725,-0.202511152,0.242132436,0.280802222,1.126156504,-0.082503463,-0.547766684,5
0.323300969,-0.857644753,-0.230677208,-0.942731622,0.749685066,-0.261947982,0.777727867,-0.820916646,1.060418539,-0.431090225,1.012406417,6
-0.392008146,-0.258513156,-0.395055993,-1.040447578,1.027217057,0.213546655,-0.363323269,-0.921072907,0.994680573,0.788963442,0.437605801,7
-0.86888089,-1.157210552,-0.066298423,-1.040447578,0.518408407,-0.856316278,-1.3413671,-1.054614588,0.863204643,-0.256796844,0.355491427,7
-0.630444518,-0.957500019,0.098080362,-1.059990769,-0.036655575,0.213546655,-0.735911395,-1.021229167,0.797466677,-1.215410439,0.355491427,6
-0.153571774,-0.757789487,2.07062578,-1.07953396,4.681388269,0.154109825,-0.177029206,-0.386906183,-0.911720423,-0.953970368,-1.122567301,6
-0.034353588,-0.258513156,0.098080362,-1.001361196,-0.314187566,-0.380821641,1.196889509,-1.121385428,-0.3858167,0.266083299,0.437605801,6
0.323300969,-0.657934221,0.015890969,1.070217069,-0.129166238,0.094672996,1.709198182,0.681427265,-0.648768562,0.091789918,-0.711995432,6
-1.107317262,-0.857644753,-0.64162417,1.167933025,0.102110421,0.867351781,0.172272162,1.015281467,0.731728712,-1.128263748,-1.286796048,6
-0.392008146,1.039605303,-1.545707487,-0.356435887,-0.082910907,-0.61856896,-1.434514132,-0.353520763,-0.517292631,-0.953970368,-0.219309189,6
0.561737341,-0.757789487,0.180269754,-1.020904387,-0.360442897,0.510730803,-0.666051121,-0.520447864,1.126156504,-1.302557129,-0.465652311,6
-0.153571774,-0.558078955,-0.806002955,-0.297806313,2.13734502,-0.321384812,-0.386610027,0.314187642,-1.043196354,-0.256796844,-1.533139169,6
-1.107317262,-0.857644753,-0.64162417,1.167933025,0.102110421,0.867351781,0.172272162,1.015281467,0.731728712,-1.128263748,-1.286796048,6
0.084864597,1.938302699,-2.203222627,-1.040447578,-0.499208893,-1.094063597,0.265419194,-1.054614588,-1.10893432,-1.302557129,0.027033932,5
-0.392008146,1.039605303,-1.545707487,-0.356435887,-0.082910907,-0.61856896,-1.434514132,-0.353520763,-0.517292631,-0.953970368,-0.219309189,6
0.323300969,-0.358368423,-0.559434778,-0.981818005,-0.360442897,-0.261947982,-0.409896785,-0.487062444,-0.254340769,-0.256796844,-0.137194816,6
-0.86888089,0.740039505,-2.531980197,-1.020904387,0.84219573,-0.380821641,-0.4564703,-0.253364502,0.205824988,0.44037668,-1.122567301,5
-0.630444518,-0.15865789,-0.806002955,-0.004658446,-0.267932234,-0.4996953,-0.363323269,-1.288312529,0.205824988,0.004643228,1.75143578,7
-0.27278996,-0.258513156,-1.710086272,-1.020904387,-0.221676902,2.709893499,0.801014625,-0.720760385,-0.320078735,-0.605383606,-0.547766684,5
-0.27278996,-0.458223689,-0.230677208,-0.845015666,0.009599757,-0.321384812,-1.01535249,-0.520447864,0.928942608,1.311843585,0.191262679,8
0.561737341,-0.358368423,-0.395055993,0.718439628,0.194621084,-0.856316278,-0.805771669,0.681427265,-0.3858167,-1.215410439,-0.794109806,5
-0.86888089,-0.058802624,0.755595501,0.268946231,0.472153075,0.748478121,2.431087677,0.481114743,-0.583030596,0.178936609,-1.204681674,6
-0.153571774,0.240763174,-0.888192348,-0.356435887,0.703429734,0.897070196,2.303010508,0.547885584,0.863204643,0.963256823,-0.794109806,5
-1.107317262,-0.058802624,-0.477245386,-0.317349505,0.795940398,-0.261947982,1.429757088,0.748198105,3.295509363,1.921870418,-0.383537937,5
1.992355573,-0.458223689,1.002163678,-1.059990769,0.379642412,-1.569558234,-1.574234679,-0.01966656,-1.569100078,0.004643228,-1.122567301,6
-0.27278996,-0.458223689,-0.230677208,-0.845015666,0.009599757,-0.321384812,-1.01535249,-0.520447864,0.928942608,1.311843585,0.191262679,8
0.561737341,-0.358368423,-0.395055993,0.718439628,0.194621084,-0.856316278,-0.805771669,0.681427265,-0.3858167,-1.215410439,-0.794109806,5
0.204082783,-0.957500019,0.180269754,-0.981818005,-0.129166238,-0.261947982,-1.224933311,-1.45523963,0.46877685,-1.041117058,1.833550154,7
0.084864597,0.440473707,0.015890969,-1.001361196,-0.17542157,-0.915753108,-1.644094952,-0.987843747,0.797466677,1.398990275,1.258749538,7
0.561737341,-0.957500019,-0.312866601,0.464378143,0.84219573,-0.55913213,-0.852345184,0.648041844,-1.634838043,0.614670061,-0.958338553,5
-0.27278996,2.637289562,-0.477245386,-0.200090357,0.657174402,-0.856316278,-0.805771669,0.247416802,0.534514816,-1.041117058,-1.204681674,5
-0.153571774,-0.558078955,-0.230677208,-0.981818005,0.33338708,-0.083637493,-0.596190848,-0.420291603,1.3233704,2.444750561,0.109148306,6
0.204082783,-0.757789487,0.015890969,1.871487908,0.194621084,0.92678861,0.614720562,1.44929193,0.140087023,0.963256823,-1.040452927,6
0.204082783,0.640184239,-1.134760525,-0.063288019,0.795940398,0.689041292,0.568147046,0.147260541,-0.122864839,-0.605383606,-0.383537937,5
0.442519155,-0.558078955,-0.312866601,0.347118996,0.055855089,0.391857144,1.569477635,0.814968946,0.928942608,-0.256796844,-0.794109806,6
0.204082783,1.538881634,2.235004565,1.050673878,-0.036655575,1.105099099,0.358566225,1.082052307,-0.517292631,-0.343943534,-1.451024796,5
0.204082783,1.6387369,2.317193957,1.050673878,-0.082910907,0.98622544,0.288705952,1.115437728,-0.451554666,-0.256796844,-1.451024796,6
0.323300969,1.13946057,2.39938335,0.894328349,-0.082910907,1.164535929,0.381852983,1.082052307,-0.648768562,-0.431090225,-1.451024796,6
-0.153571774,-0.258513156,-0.230677208,1.343821746,0.194621084,1.996651543,1.453043846,1.015281467,0.205824988,-0.082503463,-0.629881058,6
0.204082783,1.538881634,2.235004565,1.050673878,-0.036655575,1.105099099,0.358566225,1.082052307,-0.517292631,-0.343943534,-1.451024796,5
0.204082783,1.6387369,2.317193957,1.050673878,-0.082910907,0.98622544,0.288705952,1.115437728,-0.451554666,-0.256796844,-1.451024796,6
0.323300969,1.13946057,2.39938335,0.894328349,-0.082910907,1.164535929,0.381852983,1.082052307,-0.648768562,-0.431090225,-1.451024796,6
-0.988099076,-0.058802624,0.755595501,0.210316657,0.148365752,1.758904225,2.407800919,0.514500163,-0.451554666,-0.169650153,-1.204681674,5
-0.034353588,-0.358368423,-0.066298423,-0.923188431,-0.499208893,0.689041292,-0.083882174,-1.38846879,0.46877685,-0.779676987,1.75143578,7
-0.034353588,-0.657934221,-0.066298423,-0.90364524,-0.545464225,0.748478121,-0.083882174,-1.42185421,0.403038885,-0.692530296,1.75143578,7
0.680955527,-1.057355286,-0.148487816,-0.923188431,-0.267932234,0.92678861,0.19555892,-0.854302066,0.140087023,-0.431090225,0.848177669,7
0.204082783,-0.15865789,-0.395055993,1.167933025,-0.082910907,1.580593736,2.337940645,0.915125206,-0.977458389,-0.605383606,-1.040452927,6
-1.107317262,0.640184239,2.645951527,1.851944716,0.009599757,-0.55913213,0.568147046,1.248979409,-0.320078735,0.091789918,-1.368910422,6
1.992355573,-0.108730257,0.180269754,-1.020904387,-0.545464225,-1.212937256,-1.387940616,-0.954458327,-1.569100078,-1.128263748,0.766063296,7
3.422973805,0.839894771,1.002163678,0.796612393,-0.360442897,-1.866742382,-1.318080342,0.481114743,-1.96352787,-1.651143891,-0.301423563,4
-1.107317262,0.640184239,2.645951527,1.851944716,0.009599757,-0.55913213,0.568147046,1.248979409,-0.320078735,0.091789918,-1.368910422,6
0.561737341,-0.258513156,0.262459146,1.382908128,0.657174402,0.98622544,1.220176267,1.115437728,-1.24041025,-0.431090225,-1.122567301,5
0.204082783,-1.556631616,-0.148487816,0.620723672,0.379642412,1.699467395,0.521573531,0.681427265,1.389108366,-0.692530296,-0.876224179,5
-1.107317262,-0.657934221,-0.806002955,1.109303452,0.194621084,1.164535929,0.568147046,0.948510626,0.994680573,-0.866823677,-0.876224179,5
0.680955527,0.290690807,0.509027324,2.438240452,0.610919071,0.510730803,0.707867594,1.950073234,-1.306148216,-0.256796844,-1.204681674,5
0.561737341,-0.258513156,0.262459146,1.382908128,0.657174402,0.98622544,1.220176267,1.115437728,-1.24041025,-0.431090225,-1.122567301,5
0.442519155,-1.45677635,-0.148487816,1.558796849,0.240876416,-0.083637493,-0.712624637,1.082052307,0.074349058,-1.215410439,-1.040452927,6
0.204082783,-1.556631616,-0.148487816,0.620723672,0.379642412,1.699467395,0.521573531,0.681427265,1.389108366,-0.692530296,-0.876224179,5
0.204082783,-0.458223689,0.098080362,1.969203863,-0.267932234,1.461720077,0.731154351,1.616219031,-0.188602804,0.876110132,-1.122567301,6
0.204082783,-0.458223689,0.098080362,1.969203863,-0.267932234,1.461720077,0.731154351,1.616219031,-0.188602804,0.876110132,-1.122567301,6
-0.034353588,0.540328973,-0.477245386,-1.001361196,0.240876416,0.094672996,1.103742478,-0.487062444,0.534514816,0.963256823,-0.137194816,5
-0.511226332,-1.057355286,1.659678818,0.405748569,1.674791702,1.699467395,0.544860288,0.581271004,-1.96352787,-0.866823677,-1.368910422,6
0.323300969,-0.058802624,1.002163678,2.408925665,0.287131748,0.570167633,2.687242014,1.950073234,-0.977458389,0.266083299,-1.286796048,5
0.323300969,0.34061844,1.330921248,1.343821746,0.472153075,1.937214714,1.290036541,1.349135669,-1.174672285,-0.169650153,-1.040452927,5
-0.27278996,1.339171102,0.015890969,0.542550907,0.148365752,-0.380821641,0.242132436,0.881739786,0.205824988,0.178936609,-1.122567301,5
-0.27278996,1.339171102,0.015890969,0.542550907,0.148365752,-0.380821641,0.242132436,0.881739786,0.205824988,0.178936609,-1.122567301,5
-1.703408192,2.088085598,-2.778548374,-0.962274813,0.888451061,-1.628995063,-0.852345184,-0.053051981,2.90108157,-0.779676987,-0.629881058,4
-1.107317262,0.34061844,-0.806002955,-0.610497372,-0.221676902,-0.61856896,0.079125131,-0.921072907,0.797466677,-0.431090225,0.683948922,6
0.084864597,-1.356921084,0.509027324,-0.923188431,-0.499208893,-1.153500426,-1.271506826,-1.021229167,0.008611092,-0.605383606,1.094520791,6
0.323300969,0.34061844,1.330921248,1.343821746,0.472153075,1.937214714,1.290036541,1.349135669,-1.174672285,-0.169650153,-1.040452927,5
0.442519155,0.440473707,1.166542463,1.343821746,0.657174402,1.283409588,1.313323299,1.349135669,-0.977458389,0.091789918,-1.040452927,5
-1.226535448,0.839894771,-2.449790804,-0.141460784,0.009599757,-0.856316278,-1.224933311,-0.253364502,0.205824988,0.178936609,-0.219309189,5
1.038610085,-0.358368423,-0.148487816,1.128846643,0.379642412,0.391857144,-0.037308659,1.41590651,-1.174672285,0.44037668,-1.368910422,5
0.561737341,-1.157210552,-0.230677208,0.083285915,0.610919071,-0.261947982,-0.200315964,0.347573062,0.665990746,-1.302557129,-0.629881058,5
-0.034353588,-0.857644753,-0.477245386,-0.278263122,0.564663739,-1.272374085,0.148985404,0.347573062,0.665990746,-1.128263748,-1.122567301,6
-0.630444518,-1.45677635,1.084353071,-0.942731622,2.13734502,0.272983485,0.428426499,-0.453677023,0.140087023,-1.128263748,-0.547766684,6
-0.27278996,-0.857644753,0.180269754,-1.040447578,-0.915506879,1.640030566,0.079125131,-0.987843747,0.534514816,-0.082503463,0.437605801,6
0.561737341,1.13946057,-0.888192348,0.112600701,-0.591719556,-0.380821641,-0.316749753,-0.053051981,-0.320078735,-0.605383606,0.027033932,5
-0.511226332,-0.358368423,-0.148487816,0.229859849,-0.360442897,0.748478121,1.476330604,0.547885584,1.717798193,0.44037668,-0.629881058,7
-0.988099076,0.240763174,1.824057603,-0.708213328,-0.082910907,0.689041292,0.917448415,-0.587218704,0.731728712,0.701816751,0.355491427,7
-0.988099076,0.240763174,1.824057603,-0.727756519,0.009599757,0.629604462,1.033882204,-0.587218704,0.797466677,0.701816751,0.355491427,6
-1.46497182,-0.15865789,-0.723813563,0.777069202,-1.19303887,-1.688431893,-1.923536047,-0.053051981,1.3233704,-1.041117058,0.109148306,5
-0.511226332,-0.358368423,-0.148487816,0.229859849,-0.360442897,0.748478121,1.476330604,0.547885584,1.717798193,0.44037668,-0.629881058,7
-0.511226332,1.488954001,0.509027324,1.304735363,-0.360442897,1.402283247,2.361227403,1.248979409,0.271562954,0.701816751,-1.204681674,5
-0.392008146,-0.358368423,-0.559434778,1.832401525,-0.499208893,0.629604462,1.127029235,1.349135669,0.337300919,0.178936609,-1.040452927,5
-0.153571774,-0.058802624,-0.97038174,0.327575804,-0.545464225,1.164535929,1.476330604,0.648041844,0.008611092,0.266083299,-1.286796048,5
-0.27278996,-0.058802624,-0.230677208,1.812858334,-0.452953561,0.510730803,0.917448415,1.248979409,0.46877685,0.614670061,-0.711995432,5
1.515482829,-0.458223689,0.509027324,-1.020904387,-0.869251547,0.035236166,-0.433183543,-0.720760385,-0.451554666,-0.953970368,0.191262679,6
0.204082783,0.939750037,2.72814092,0.796612393,-0.036655575,0.807914951,0.358566225,1.115437728,-0.188602804,-0.431090225,-1.451024796,5
-0.153571774,-0.857644753,0.180269754,-0.884102049,-0.499208893,-0.321384812,-1.01535249,-0.820916646,-0.254340769,0.44037668,0.273377053,7
1.396264643,0.041052642,0.426837931,-0.884102049,-0.776740884,-1.034626767,-1.411227374,-0.620604125,0.271562954,0.266083299,1.094520791,6
-0.749662704,0.34061844,0.015890969,-0.825472475,-0.036655575,-0.915753108,-1.457800889,-0.487062444,0.731728712,-0.518236915,-0.219309189,5
0.204082783,0.939750037,2.72814092,0.796612393,-0.036655575,0.807914951,0.358566225,1.115437728,-0.188602804,-0.431090225,-1.451024796,5
1.157828271,-0.657934221,0.509027324,-1.020904387,-0.314187566,0.154109825,-0.759198153,-0.720760385,0.140087023,0.44037668,0.273377053,6
1.873137387,-0.657934221,0.591216716,-0.41506546,-0.452953561,-0.678005789,-0.945492216,0.180645961,-0.057126873,0.353229989,-0.629881058,6
1.396264643,-0.757789487,0.509027324,-0.864558858,-0.406698229,-0.975189937,-1.224933311,-0.687374965,-0.451554666,0.44037668,0.601834548,6
-0.749662704,-0.208585523,0.262459146,-1.040447578,-0.267932234,0.094672996,-0.596190848,-1.221541689,-1.24041025,-0.866823677,0.355491427,6
-1.584190006,-1.157210552,-0.559434778,-0.981818005,-0.082910907,1.04566227,0.661294078,-0.787531226,0.600252781,-1.041117058,-0.301423563,6
-0.630444518,3.186493525,-1.62789688,-0.23917674,0.564663739,-1.212937256,-0.992065732,0.314187642,1.257632435,-1.128263748,-1.204681674,4
-0.749662704,0.640184239,-0.066298423,-0.356435887,-0.545464225,-0.975189937,-1.387940616,-0.820916646,1.257632435,0.788963442,1.258749538,7
-0.034353588,-0.258513156,-0.312866601,-0.454151843,0.379642412,-0.737442619,-0.549617332,-0.053051981,-1.306148216,-0.953970368,-0.876224179,6
1.157828271,-0.558078955,0.344648539,0.308032613,-0.129166238,0.629604462,0.288705952,-0.253364502,-0.451554666,-1.47685051,0.848177669,7
0.800173713,-0.957500019,1.002163678,0.737982819,0.425897743,1.342846418,-0.107168932,0.881739786,-0.320078735,-0.518236915,-0.465652311,6
-0.034353588,-0.258513156,-0.312866601,-0.454151843,0.379642412,-0.737442619,-0.549617332,-0.053051981,-1.306148216,-0.953970368,-0.876224179,6
0.323300969,-0.957500019,0.591216716,-1.020904387,0.102110421,0.332420314,-0.992065732,-0.754145805,-0.320078735,-0.343943534,-0.055080442,5
1.515482829,-0.458223689,0.509027324,0.210316657,0.148365752,-1.391247745,-1.481087647,0.814968946,-0.845982458,3.054777394,-0.629881058,6
0.561737341,-0.358368423,0.673406109,1.480624084,0.934706393,0.748478121,1.359896814,1.248979409,-1.96352787,-0.605383606,-1.286796048,6
0.561737341,-0.358368423,0.673406109,1.480624084,0.934706393,0.748478121,1.359896814,1.248979409,-1.96352787,-0.605383606,-1.286796048,6
-0.988099076,0.440473707,-0.806002955,-0.962274813,-0.452953561,0.154109825,-0.363323269,-1.45523963,0.665990746,-0.605383606,1.587207033,7
-2.06106275,1.6387369,-2.449790804,-0.981818005,-0.452953561,0.451293973,-0.479757058,-1.588781311,1.126156504,-1.38970382,1.340863912,8
-2.06106275,1.6387369,-2.449790804,-0.981818005,-0.452953561,0.451293973,-0.479757058,-1.588781311,1.126156504,-1.38970382,1.340863912,8
-0.988099076,0.440473707,-0.806002955,-0.962274813,-0.452953561,0.154109825,-0.363323269,-1.45523963,0.665990746,-0.605383606,1.587207033,7
-0.630444518,-0.558078955,1.824057603,1.57834004,0.425897743,-0.4996953,0.451713257,1.282364829,-1.371886181,-0.779676987,-1.122567301,5
-0.749662704,0.839894771,-0.312866601,-0.317349505,0.148365752,-1.272374085,-1.271506826,-0.320135342,0.600252781,-0.866823677,0.109148306,5
0.561737341,-0.358368423,0.673406109,1.480624084,0.934706393,0.748478121,1.359896814,1.248979409,-1.96352787,-0.605383606,-1.286796048,6
-0.27278996,-0.358368423,0.098080362,1.304735363,0.194621084,1.699467395,1.522904119,0.948510626,-0.254340769,0.091789918,-0.794109806,5
0.084864597,-0.458223689,0.180269754,1.285192172,0.240876416,2.174962032,0.870874899,1.015281467,-0.188602804,0.004643228,-0.547766684,5
1.753919201,-0.058802624,1.002163678,0.444834951,0.102110421,0.213546655,1.336610056,1.082052307,-0.320078735,0.876110132,-0.711995432,6
-0.27278996,1.838447433,-1.29913931,-0.786386093,-0.545464225,-0.61856896,-0.968778974,-1.522010471,-0.714506527,-0.431090225,1.75143578,7
0.680955527,0.140907908,-0.230677208,0.493692929,0.425897743,-0.915753108,0.265419194,0.881739786,-0.714506527,0.44037668,-0.958338553,5
3.422973805,1.439026368,1.166542463,0.66958165,-0.545464225,-1.807305552,-0.689337879,0.547885584,-2.095003801,-1.738290582,-0.383537937,5
0.204082783,0.240763174,1.002163678,-0.962274813,0.934706393,-0.380821641,-0.153742448,-1.188156269,-0.451554666,0.44037668,1.833550154,6
1.157828271,-0.857644753,0.919974286,-0.962274813,-0.036655575,-1.094063597,-1.01535249,-0.820916646,-0.3858167,-0.866823677,0.437605801,6
0.800173713,2.038157965,0.262459146,-1.099077152,-0.406698229,-1.866742382,-0.922205458,-1.321697949,-1.043196354,-0.866823677,0.766063296,4
-0.749662704,-0.558078955,0.755595501,-0.366207482,-0.360442897,-0.261947982,-0.223602722,-0.787531226,1.060418539,-1.38970382,0.848177669,7
0.680955527,-0.058802624,-0.230677208,2.203722158,0.240876416,-0.143074323,0.777727867,1.616219031,-0.648768562,1.311843585,-0.219309189,5
-0.034353588,-0.458223689,0.509027324,0.210316657,-0.267932234,0.867351781,0.265419194,-0.487062444,-0.517292631,-1.912583963,0.766063296,6
0.323300969,0.440473707,1.084353071,-0.258719931,-0.082910907,-0.975189937,-1.737241984,-1.054614588,-1.043196354,-0.692530296,1.75143578,4
-1.226535448,-0.458223689,-0.312866601,1.265648981,0.379642412,1.283409588,0.707867594,1.015281467,0.600252781,-0.866823677,-0.876224179,5
-1.107317262,3.935408022,-2.203222627,-1.020904387,0.657174402,-1.569558234,-0.735911395,-0.353520763,-0.517292631,-1.215410439,-1.451024796,4
-0.630444518,-0.258513156,-0.148487816,-0.180547166,0.148365752,0.332420314,0.847588141,0.280802222,0.008611092,1.660430346,-1.040452927,6
-0.630444518,0.540328973,-0.230677208,-0.180547166,0.102110421,0.391857144,0.777727867,0.314187642,0.008611092,1.486136965,-0.958338553,6
0.204082783,0.640184239,-1.545707487,-1.020904387,0.33338708,1.521156906,1.010595446,-0.186593661,-0.648768562,-0.518236915,-1.040452927,5
-0.153571774,0.041052642,0.509027324,3.044079378,0.102110421,0.748478121,0.63800732,2.283927436,-1.700576008,0.091789918,-1.451024796,5
-0.034353588,-0.058802624,0.509027324,1.480624084,0.194621084,1.699467395,2.035212793,1.248979409,-0.057126873,0.788963442,-0.711995432,6
-0.153571774,-0.15865789,1.824057603,1.070217069,-0.129166238,1.699467395,2.011926035,0.948510626,-1.10893432,1.224696894,-0.958338553,5
-0.153571774,0.140907908,1.824057603,1.070217069,-0.129166238,1.818341055,2.105073066,1.015281467,-1.10893432,1.224696894,-0.958338553,5
-0.27278996,-0.358368423,0.591216716,0.58163729,-0.267932234,0.807914951,0.614720562,0.414343903,-0.451554666,1.050403513,-0.465652311,6
-1.226535448,0.240763174,-0.888192348,-0.434608652,-0.360442897,0.391857144,-0.479757058,-0.587218704,-0.254340769,0.091789918,0.437605801,5
-0.153571774,2.537434296,0.098080362,-0.512781416,-0.545464225,-0.55913213,-0.712624637,-1.188156269,0.46877685,0.701816751,1.833550154,8
-0.511226332,0.041052642,-0.477245386,0.405748569,0.055855089,1.105099099,1.639337909,0.681427265,-0.648768562,0.44037668,-1.286796048,4
-0.392008146,0.041052642,-0.477245386,0.405748569,0.287131748,1.164535929,1.662624667,0.681427265,-0.648768562,0.52752337,-1.286796048,6
-0.153571774,0.041052642,0.509027324,3.044079378,0.102110421,0.748478121,0.63800732,2.283927436,-1.700576008,0.091789918,-1.451024796,5
-0.153571774,0.041052642,0.180269754,0.308032613,-0.036655575,-0.440258471,-0.386610027,-0.453677023,-1.10893432,-1.041117058,0.766063296,6
-0.392008146,-1.257065818,0.015890969,-0.258719931,0.425897743,-0.083637493,-0.340036511,0.01371886,1.126156504,-0.605383606,-0.711995432,5
-0.630444518,0.140907908,0.837784893,-0.551867799,7.132920855,2.353272521,0.96402193,0.01371886,-1.10893432,-0.692530296,-1.122567301,5
-0.630444518,0.240763174,0.919974286,-0.57141099,6.994154859,2.412709351,0.940735172,0.01371886,-1.10893432,-0.866823677,-1.122567301,6
-0.630444518,0.140907908,0.837784893,-0.551867799,6.994154859,2.353272521,1.010595446,0.01371886,-1.174672285,-0.953970368,-1.122567301,5
-0.153571774,-0.15865789,-0.806002955,0.268946231,0.287131748,1.105099099,1.73248494,0.648041844,-0.3858167,-0.169650153,-1.286796048,5
0.204082783,0.440473707,-0.806002955,1.304735363,0.194621084,0.98622544,1.499617362,1.282364829,-0.583030596,0.004643228,-1.368910422,5
-0.153571774,-0.15865789,-0.806002955,0.268946231,0.287131748,1.105099099,1.73248494,0.648041844,-0.3858167,-0.169650153,-1.286796048,5
-0.153571774,-0.058802624,-0.64162417,1.891031099,0.148365752,1.164535929,1.313323299,1.41590651,-0.254340769,0.091789918,-0.958338553,5
0.204082783,0.440473707,-0.806002955,1.304735363,0.194621084,0.98622544,1.499617362,1.282364829,-0.583030596,0.004643228,-1.368910422,5
-0.034353588,2.637289562,-0.148487816,1.324278555,0.194621084,1.04566227,2.244793614,1.048666887,0.074349058,0.091789918,-0.711995432,5
-0.153571774,-0.15865789,0.015890969,1.461080893,-0.545464225,0.213546655,-0.13045569,0.247416802,0.928942608,0.353229989,1.258749538,6
-1.345753634,0.041052642,0.098080362,-0.805929284,0.33338708,0.035236166,-0.596190848,-0.587218704,0.600252781,0.091789918,-0.219309189,4
-0.630444518,-0.657934221,1.330921248,1.011587496,-0.17542157,0.570167633,0.31199271,1.015281467,-0.254340769,-0.518236915,-1.368910422,5
0.084864597,-1.157210552,-0.148487816,0.366662187,-0.036655575,0.154109825,-0.316749753,0.547885584,0.140087023,-1.302557129,-1.040452927,5
3.899846549,1.6387369,4.454118161,-0.043744828,0.148365752,-0.915753108,-0.363323269,0.881739786,-1.306148216,0.178936609,-0.465652311,4
-0.153571774,2.93685536,-0.395055993,-0.825472475,-0.267932234,-1.212937256,-1.457800889,-0.119822821,0.863204643,2.183310489,-0.219309189,5
-0.988099076,1.239315836,-0.230677208,-1.07953396,0.102110421,-0.737442619,0.707867594,-0.386906183,0.205824988,2.444750561,-0.794109806,6
-1.584190006,-0.30844079,-0.723813563,0.640266863,-0.637974888,-1.391247745,-1.66738171,-0.053051981,0.797466677,-1.302557129,0.027033932,5
-0.153571774,-0.957500019,0.344648539,-0.981818005,-0.360442897,-0.024200664,-0.666051121,-0.787531226,0.863204643,0.876110132,0.601834548,7
0.084864597,-1.157210552,-0.148487816,0.366662187,-0.036655575,0.154109825,-0.316749753,0.547885584,0.140087023,-1.302557129,-1.040452927,5
-0.27278996,-1.45677635,-0.395055993,-0.219633549,0.240876416,-0.261947982,-0.409896785,0.0804897,1.652060227,-1.041117058,-0.629881058,6
-0.86888089,-0.258513156,-0.723813563,-0.981818005,-0.730485552,-0.024200664,-0.805771669,-0.987843747,0.731728712,-0.431090225,0.519720174,7
-1.345753634,-0.15865789,-0.806002955,0.542550907,-0.082910907,1.164535929,0.288705952,0.648041844,0.797466677,-0.953970368,-0.876224179,5
0.680955527,-0.058802624,0.180269754,0.112600701,-0.452953561,0.570167633,0.568147046,-0.086437401,-1.043196354,-1.38970382,0.437605801,5
-1.345753634,-0.15865789,-0.806002955,0.542550907,-0.082910907,1.164535929,0.288705952,0.648041844,0.797466677,-0.953970368,-0.876224179,5
-1.46497182,0.041052642,-0.806002955,2.164635775,-0.082910907,1.461720077,0.63800732,1.582833611,0.797466677,-0.431090225,-0.876224179,5
0.680955527,-0.458223689,0.180269754,0.112600701,-0.452953561,0.451293973,0.498286773,-0.119822821,-0.977458389,-1.47685051,0.437605801,5
0.680955527,-0.058802624,0.180269754,0.112600701,-0.452953561,0.570167633,0.568147046,-0.086437401,-1.043196354,-1.38970382,0.437605801,5
0.323300969,4.085190921,-1.052571133,0.601180481,1.11972772,-0.143074323,0.754441109,0.981896047,-1.24041025,0.52752337,-1.122567301,6
-0.86888089,-0.258513156,-0.723813563,-0.981818005,-0.730485552,-0.024200664,-0.805771669,-0.987843747,0.731728712,-0.431090225,0.519720174,7
-0.511226332,-0.857644753,-0.312866601,-1.099077152,-0.129166238,-0.143074323,0.102411889,-0.186593661,1.520584297,-0.866823677,-1.122567301,6
-0.749662704,2.187940864,-0.97038174,-0.90364524,0.009599757,-0.261947982,0.009264857,-0.420291603,1.3233704,0.44037668,-0.055080442,6
0.204082783,-0.358368423,0.591216716,2.223265349,0.009599757,0.213546655,0.125698647,1.883302393,0.863204643,-0.866823677,-1.451024796,5
-0.630444518,-1.057355286,-0.148487816,-0.786386093,0.102110421,0.332420314,1.40647033,-0.119822821,2.04648802,0.091789918,-0.629881058,6
0.204082783,-0.258513156,-0.148487816,0.75752601,-0.221676902,1.818341055,3.083116897,0.915125206,-0.122864839,0.266083299,-1.122567301,6
-0.630444518,-1.057355286,-0.148487816,-0.786386093,0.102110421,0.332420314,1.40647033,-0.119822821,2.04648802,0.091789918,-0.629881058,6
0.204082783,-0.358368423,0.591216716,2.223265349,0.009599757,0.213546655,0.125698647,1.883302393,0.863204643,-0.866823677,-1.451024796,5
-0.153571774,3.635842223,-2.121033234,0.640266863,0.749685066,-0.55913213,0.055838373,1.015281467,1.19189447,-0.256796844,-1.286796048,4
1.634701015,0.041052642,0.509027324,0.268946231,-0.221676902,0.154109825,1.266749783,1.148823148,0.994680573,0.178936609,-0.711995432,6
1.515482829,-0.058802624,0.426837931,0.268946231,-0.314187566,0.807914951,1.592764393,1.148823148,0.797466677,0.178936609,-0.794109806,6
0.323300969,-0.458223689,0.344648539,1.539253658,0.564663739,1.164535929,1.266749783,1.248979409,-0.648768562,-0.431090225,-1.204681674,6
0.323300969,-0.458223689,0.344648539,1.539253658,0.564663739,1.164535929,1.266749783,1.248979409,-0.648768562,-0.431090225,-1.204681674,6
0.323300969,-0.458223689,0.344648539,1.539253658,0.564663739,1.164535929,1.266749783,1.248979409,-0.648768562,-0.431090225,-1.204681674,6
0.323300969,-0.458223689,0.344648539,1.539253658,0.564663739,1.164535929,1.266749783,1.248979409,-0.648768562,-0.431090225,-1.204681674,6
-0.153571774,2.437579029,-0.148487816,1.324278555,-0.082910907,1.105099099,1.895492246,1.015281467,0.534514816,0.091789918,-0.711995432,6
0.084864597,-0.15865789,2.07062578,-0.981818005,-0.406698229,0.272983485,-0.4564703,-0.787531226,0.994680573,-0.692530296,0.519720174,7
-0.86888089,-0.258513156,-1.052571133,1.783543547,-0.314187566,-0.440258471,0.451713257,1.349135669,1.915012089,1.311843585,-0.711995432,6
0.442519155,0.440473707,-0.888192348,1.42199451,0.194621084,0.807914951,1.336610056,1.44929193,0.074349058,-0.256796844,-1.451024796,5
0.919391899,0.34061844,-0.64162417,0.268946231,-0.68423022,-0.737442619,-1.155073037,0.0804897,-0.3858167,0.091789918,-0.055080442,5
0.204082783,-0.657934221,0.262459146,-0.786386093,-0.915506879,-0.737442619,-0.922205458,-1.288312529,-0.254340769,-0.953970368,0.766063296,7
-0.153571774,-0.358368423,0.015890969,-0.727756519,0.055855089,1.72918581,1.837275351,-0.253364502,0.731728712,0.788963442,-0.629881058,6
-0.034353588,1.239315836,1.824057603,0.933414731,-0.129166238,0.272983485,0.055838373,1.115437728,-0.320078735,-0.256796844,-1.451024796,5
-0.988099076,-0.957500019,0.180269754,-0.864558858,-0.360442897,-0.915753108,2.559164845,-0.620604125,1.19189447,2.619043942,0.683948922,6
-0.153571774,-0.657934221,-0.559434778,-0.845015666,-0.730485552,-0.55913213,-0.014021901,-1.38846879,-0.188602804,1.050403513,1.75143578,7
-1.345753634,-0.757789487,-0.559434778,-0.981818005,-0.68423022,-1.391247745,-1.457800889,-1.221541689,0.403038885,-1.128263748,0.355491427,7
-1.584190006,-0.857644753,-0.64162417,-0.981818005,-0.730485552,-1.391247745,-1.481087647,-1.221541689,0.403038885,-1.041117058,0.355491427,7
-0.988099076,1.339171102,-1.62789688,0.777069202,-0.406698229,-1.034626767,-0.479757058,0.614656424,1.257632435,-0.343943534,-0.383537937,5
-1.226535448,-0.657934221,-0.477245386,-0.356435887,0.33338708,0.272983485,1.383183572,0.748198105,3.492723259,1.834723727,-0.383537937,4
1.873137387,-0.15865789,-1.052571133,1.91057429,1.304749048,0.332420314,1.336610056,1.282364829,-1.10893432,0.091789918,-0.547766684,3
-0.034353588,1.239315836,1.824057603,0.933414731,-0.129166238,0.272983485,0.055838373,1.115437728,-0.320078735,-0.256796844,-1.451024796,5
-1.345753634,-0.358368423,0.837784893,-0.57141099,-0.776740884,-1.807305552,-0.712624637,-0.954458327,2.243701916,-0.518236915,1.012406417,3
-1.345753634,-0.358368423,0.426837931,-0.962274813,0.379642412,0.094672996,0.428426499,-0.320135342,0.140087023,0.266083299,-0.958338553,6
-0.27278996,-0.15865789,0.426837931,-1.040447578,-0.267932234,0.570167633,0.172272162,-0.219979082,0.863204643,0.788963442,-0.711995432,8
-0.749662704,0.740039505,-0.312866601,-0.141460784,-0.499208893,-1.628995063,-0.992065732,-0.487062444,0.534514816,-0.692530296,0.437605801,7
-0.749662704,0.740039505,-0.312866601,-0.141460784,-0.499208893,-1.628995063,-0.992065732,-0.487062444,0.534514816,-0.692530296,0.437605801,7
-0.630444518,-0.458223689,0.426837931,-0.90364524,-0.637974888,-0.737442619,-0.503043816,-0.987843747,0.863204643,0.091789918,1.094520791,6
-1.345753634,0.839894771,0.344648539,-1.07953396,-0.406698229,-1.926179211,-1.504374405,-1.254927109,0.600252781,-1.302557129,0.766063296,4
-0.034353588,-1.606559249,0.098080362,-0.200090357,0.102110421,0.035236166,-0.735911395,-0.086437401,0.863204643,-0.605383606,-0.219309189,6
-0.034353588,0.140907908,0.509027324,2.545728003,-0.129166238,0.035236166,0.381852983,1.816531553,-1.700576008,-0.169650153,-1.286796048,5
-0.034353588,0.041052642,0.509027324,0.347118996,-0.452953561,-1.212937256,-1.038639248,0.0804897,-0.122864839,-1.38970382,-0.219309189,5
0.323300969,0.140907908,0.509027324,1.402451319,-0.036655575,1.818341055,2.128359824,1.182208568,-0.714506527,0.876110132,-0.711995432,6
-0.86888089,-0.358368423,0.098080362,-1.020904387,-0.360442897,-0.796879449,0.63800732,-0.987843747,-0.583030596,-0.082503463,0.109148306,6
-0.034353588,0.140907908,0.509027324,2.545728003,-0.129166238,0.035236166,0.381852983,1.816531553,-1.700576008,-0.169650153,-1.286796048,5
-0.034353588,0.440473707,-0.64162417,0.366662187,0.33338708,-0.202511152,0.940735172,0.781583525,0.403038885,0.178936609,-1.040452927,6
-1.941844564,3.036710626,-2.203222627,0.09305751,-0.129166238,-0.083637493,0.218845678,0.0804897,0.994680573,0.701816751,-0.629881058,5
-1.941844564,3.086638259,-2.203222627,0.132143893,-0.082910907,-0.083637493,0.125698647,0.113875121,0.994680573,0.701816751,-0.629881058,6
-1.822626378,3.136565892,-2.203222627,0.112600701,-0.036655575,0.035236166,0.172272162,0.0804897,0.994680573,0.701816751,-0.629881058,6
-0.034353588,0.440473707,-0.64162417,0.366662187,0.33338708,-0.202511152,0.940735172,0.781583525,0.403038885,0.178936609,-1.040452927,6
-2.06106275,3.236421159,-2.203222627,0.112600701,-0.082910907,-0.143074323,0.172272162,0.0804897,0.928942608,0.788963442,-0.629881058,5
-1.345753634,-0.258513156,-0.64162417,1.304735363,0.240876416,0.510730803,0.19555892,1.015281467,0.665990746,-0.953970368,-0.958338553,5
-0.392008146,3.036710626,-0.312866601,-0.258719931,0.518408407,-0.321384812,-0.386610027,0.247416802,0.337300919,-0.953970368,-1.204681674,5
0.084864597,0.140907908,1.659678818,0.835698775,0.009599757,1.402283247,2.198220098,0.814968946,-0.911720423,1.050403513,-0.794109806,5
-0.392008146,-0.857644753,0.591216716,0.483921334,0.009599757,0.92678861,0.684580836,0.414343903,-0.320078735,0.701816751,-0.547766684,6
-0.27278996,-0.757789487,0.591216716,0.523007716,-0.082910907,0.867351781,0.614720562,0.414343903,-0.320078735,0.788963442,-0.547766684,6
0.919391899,-0.15865789,0.509027324,-1.040447578,-0.17542157,-1.569558234,-1.853675773,-0.887687486,-1.96352787,0.091789918,0.109148306,5
-0.153571774,0.440473707,0.015890969,-1.020904387,-0.082910907,-1.272374085,-1.690668468,-0.754145805,-0.911720423,-0.169650153,0.109148306,4
0.084864597,0.240763174,1.248731856,-0.336892696,-0.452953561,-1.094063597,-0.805771669,-0.854302066,0.46877685,1.660430346,1.587207033,7
0.084864597,-0.358368423,0.180269754,-0.708213328,-0.545464225,-0.796879449,-0.642764364,-1.38846879,0.008611092,-0.953970368,1.75143578,8
-0.988099076,0.34061844,1.988436388,-0.278263122,-0.314187566,0.035236166,-0.596190848,-1.088000008,0.731728712,0.963256823,1.505092659,8
-0.153571774,1.6387369,0.262459146,-0.258719931,0.055855089,0.629604462,1.429757088,-0.119822821,-0.714506527,1.398990275,0.027033932,4
-0.27278996,0.640184239,-0.312866601,1.793315143,0.379642412,0.92678861,1.313323299,1.349135669,0.008611092,0.004643228,-0.958338553,5
0.204082783,0.740039505,-0.806002955,1.75422876,0.425897743,0.629604462,1.359896814,1.549448191,-0.451554666,0.004643228,-1.368910422,5
0.442519155,0.440473707,-0.723813563,0.151687084,0.472153075,0.689041292,0.940735172,0.648041844,-0.714506527,-0.169650153,-1.368910422,5
-0.511226332,0.041052642,-0.066298423,1.812858334,0.33338708,0.92678861,1.173602751,1.215593988,0.205824988,0.178936609,-0.629881058,6
0.323300969,-0.458223689,0.426837931,1.519710466,0.564663739,0.807914951,1.220176267,1.248979409,-1.371886181,-0.082503463,-1.204681674,7
0.323300969,-0.458223689,0.426837931,1.519710466,0.564663739,0.807914951,1.220176267,1.248979409,-1.371886181,-0.082503463,-1.204681674,7
0.323300969,-0.458223689,0.426837931,1.519710466,0.564663739,0.807914951,1.220176267,1.248979409,-1.371886181,-0.082503463,-1.204681674,7
0.323300969,-0.458223689,0.426837931,1.519710466,0.564663739,0.807914951,1.220176267,1.248979409,-1.371886181,-0.082503463,-1.204681674,7
-1.226535448,-1.257065818,-0.230677208,-0.121917593,-0.221676902,1.04566227,0.358566225,0.113875121,2.177963951,-0.256796844,0.027033932,6
0.561737341,0.041052642,0.673406109,2.614129172,0.934706393,1.04566227,1.290036541,1.950073234,-1.503362112,-0.431090225,-1.122567301,5
-0.86888089,0.041052642,-0.97038174,0.171230275,-0.221676902,-0.55913213,0.405139741,0.514500163,1.652060227,1.311843585,-0.547766684,7
2.588446503,3.136565892,0.344648539,-0.942731622,0.934706393,-0.083637493,0.987308688,0.881739786,0.271562954,-0.953970368,-1.615253543,3
-0.749662704,0.540328973,-0.559434778,-1.020904387,0.009599757,-0.083637493,0.824301383,-0.253364502,1.19189447,0.44037668,-0.876224179,6
1.634701015,1.13946057,2.974709097,0.816155584,-0.036655575,-0.143074323,0.684580836,1.148823148,-0.648768562,0.701816751,-0.876224179,5
0.323300969,-0.857644753,1.002163678,-0.512781416,-0.221676902,2.769330328,1.103742478,-0.320135342,0.008611092,0.963256823,0.601834548,7
0.680955527,-1.057355286,0.837784893,0.952957922,0.009599757,1.758904225,0.148985404,0.948510626,-0.122864839,-0.343943534,-0.383537937,6
-0.27278996,-1.057355286,1.330921248,-0.845015666,-0.129166238,-0.4996953,-0.409896785,-0.620604125,-0.254340769,-0.343943534,-0.137194816,6
-0.988099076,1.339171102,-2.778548374,-0.942731622,0.795940398,0.035236166,-1.224933311,-0.921072907,0.534514816,1.573283656,0.273377053,6
1.634701015,-0.757789487,0.098080362,-1.07953396,0.194621084,-1.391247745,-1.527661163,-0.720760385,-0.3858167,-0.953970368,0.027033932,6
-0.988099076,1.339171102,-2.778548374,-0.942731622,0.795940398,0.035236166,-1.224933311,-0.921072907,0.534514816,1.573283656,0.273377053,6
-1.107317262,0.140907908,-1.052571133,-1.001361196,0.425897743,0.391857144,0.661294078,-0.921072907,0.863204643,-0.518236915,0.519720174,6
0.442519155,1.339171102,-0.806002955,0.073514319,0.518408407,0.332420314,0.544860288,0.247416802,0.074349058,-0.692530296,-0.465652311,6
0.442519155,1.339171102,-0.806002955,0.073514319,0.518408407,0.332420314,0.544860288,0.247416802,0.074349058,-0.692530296,-0.465652311,6
0.323300969,1.538881634,-0.806002955,0.053971128,0.564663739,0.272983485,0.544860288,0.280802222,0.074349058,-0.692530296,-0.465652311,5
0.442519155,1.239315836,-0.806002955,0.053971128,0.564663739,0.332420314,0.614720562,0.280802222,0.074349058,-0.692530296,-0.465652311,6
-0.86888089,0.540328973,-0.559434778,-0.297806313,-0.452953561,-0.321384812,-0.13045569,-0.487062444,0.074349058,-0.605383606,-0.055080442,7
-0.86888089,0.34061844,-0.64162417,-0.317349505,-0.406698229,0.035236166,0.19555892,-0.453677023,0.140087023,-0.692530296,-0.055080442,6
-0.988099076,0.839894771,-0.559434778,-0.845015666,-0.499208893,-1.153500426,-0.922205458,-0.820916646,1.389108366,1.921870418,0.848177669,7
-2.299499122,2.737144828,-1.62789688,0.366662187,-0.637974888,-0.024200664,0.568147046,-0.787531226,2.243701916,0.178936609,1.669321407,8
1.038610085,-0.258513156,0.591216716,-0.532324607,-0.17542157,0.094672996,0.218845678,0.414343903,1.126156504,-0.343943534,-0.383537937,6
-1.46497182,0.839894771,-1.052571133,0.053971128,-0.360442897,0.92678861,0.614720562,-0.01966656,0.665990746,1.224696894,-0.383537937,6
-1.345753634,0.640184239,-1.052571133,0.034427937,-0.267932234,0.867351781,0.63800732,-0.01966656,0.665990746,1.137550204,-0.383537937,5
-0.153571774,0.041052642,2.152815173,-1.040447578,3.987558292,0.391857144,-0.293462995,-0.253364502,-0.648768562,-0.431090225,-1.122567301,6
-0.153571774,-0.258513156,0.015890969,-0.336892696,-0.68423022,-0.083637493,-0.13045569,-0.487062444,0.140087023,-0.953970368,0.109148306,6
-0.392008146,-0.358368423,0.098080362,0.24940304,-0.68423022,0.035236166,-0.107168932,-0.119822821,0.008611092,-1.041117058,0.027033932,5
-1.226535448,0.240763174,1.084353071,0.278717826,-0.730485552,-0.975189937,-0.153742448,-0.286749922,2.177963951,-0.518236915,0.848177669,7
-0.988099076,-1.506703983,-0.723813563,-0.610497372,-0.267932234,-1.510121404,-1.644094952,-0.253364502,2.309439881,0.876110132,-0.301423563,6
-1.107317262,-1.756342149,-0.806002955,-1.040447578,-0.221676902,-1.212937256,-1.737241984,-0.487062444,2.769605639,1.050403513,-0.137194816,7
-0.392008146,-0.358368423,0.098080362,0.24940304,-0.68423022,0.035236166,-0.107168932,-0.119822821,0.008611092,-1.041117058,0.027033932,5
-0.153571774,-0.258513156,0.015890969,-0.336892696,-0.68423022,-0.083637493,-0.13045569,-0.487062444,0.140087023,-0.953970368,0.109148306,6
-0.153571774,0.041052642,0.837784893,0.562094099,-0.68423022,-0.024200664,-0.060595417,0.147260541,-0.188602804,-1.128263748,-0.055080442,6
1.634701015,1.339171102,1.413110641,-0.864558858,0.009599757,-1.450684574,1.569477635,-0.386906183,-1.10893432,0.52752337,0.766063296,5
0.680955527,-0.058802624,-0.230677208,-0.121917593,0.518408407,5.68173498,4.037873971,0.147260541,-0.057126873,0.876110132,0.027033932,5
1.157828271,-0.15865789,0.591216716,1.705370783,-0.267932234,0.154109825,1.779058456,1.148823148,-1.503362112,0.963256823,-0.383537937,6
-0.630444518,0.640184239,-0.888192348,-0.024201637,-0.314187566,0.094672996,0.079125131,0.0804897,0.008611092,1.398990275,-0.383537937,6
-0.511226332,0.041052642,0.098080362,1.75422876,-0.17542157,1.164535929,1.290036541,1.215593988,0.271562954,0.091789918,-0.711995432,6
0.323300969,-0.657934221,0.591216716,-1.001361196,-0.452953561,-0.143074323,-1.271506826,-0.720760385,-0.122864839,0.178936609,-0.055080442,5
-0.630444518,0.440473707,0.098080362,-0.317349505,-0.730485552,-0.083637493,-0.8989187,-0.987843747,1.126156504,0.963256823,1.669321407,8
-0.153571774,-0.358368423,0.015890969,-0.356435887,-0.637974888,0.094672996,-0.107168932,-0.487062444,0.074349058,-0.866823677,0.109148306,5
-0.749662704,-0.458223689,-0.312866601,-0.90364524,-0.591719556,-1.153500426,-1.131786279,-1.188156269,0.600252781,-0.779676987,1.094520791,6
-0.511226332,0.041052642,0.015890969,0.679353246,-0.360442897,-0.321384812,-0.153742448,0.414343903,-0.517292631,-0.431090225,-0.547766684,5
-1.584190006,-0.15865789,-0.64162417,-0.141460784,-0.68423022,-1.391247745,-1.387940616,-0.620604125,0.403038885,-0.953970368,0.273377053,5
-0.749662704,-0.458223689,-0.312866601,-0.90364524,-0.591719556,-1.153500426,-1.131786279,-1.188156269,0.600252781,-0.779676987,1.094520791,6
-0.749662704,-0.458223689,-0.066298423,-0.962274813,-0.452953561,-1.212937256,-0.805771669,-1.054614588,0.863204643,-0.605383606,0.601834548,6
-1.345753634,-0.058802624,-0.559434778,1.148389834,-0.036655575,1.164535929,0.707867594,1.015281467,0.600252781,-0.605383606,-0.958338553,6
-1.226535448,-0.15865789,0.509027324,-1.001361196,0.055855089,-1.391247745,-0.014021901,0.113875121,1.717798193,0.353229989,-0.055080442,5
-0.392008146,-0.957500019,0.098080362,-0.962274813,0.148365752,0.807914951,0.032551615,-0.253364502,1.586322262,3.141924084,-0.219309189,7
0.561737341,-0.757789487,0.755595501,0.268946231,-0.036655575,-0.4996953,0.31199271,0.748198105,0.008611092,0.52752337,-1.204681674,7
1.277046457,-0.358368423,0.180269754,-0.962274813,0.055855089,-1.094063597,-0.24688948,0.214031381,0.074349058,0.44037668,-0.383537937,6
-0.630444518,-0.15865789,0.673406109,0.640266863,-0.082910907,-0.321384812,0.009264857,0.681427265,-0.057126873,-0.169650153,-1.122567301,6
-1.822626378,0.34061844,1.084353071,-0.669126946,0.33338708,0.629604462,0.102411889,-0.353520763,0.665990746,2.35760387,-0.383537937,5
-1.822626378,0.140907908,1.084353071,-0.669126946,0.287131748,0.689041292,0.125698647,-0.386906183,0.665990746,2.27045718,-0.383537937,6
0.204082783,-1.306993451,-0.066298423,-0.356435887,0.194621084,-0.143074323,-0.200315964,0.01371886,0.600252781,-0.779676987,-0.711995432,6
-1.584190006,0.640184239,-1.956654449,-1.001361196,-0.68423022,-0.915753108,-1.66738171,-1.188156269,1.126156504,0.178936609,0.601834548,7
-0.27278996,-0.857644753,0.591216716,1.793315143,0.472153075,2.353272521,0.358566225,1.783146132,0.074349058,-0.431090225,-1.368910422,6
1.038610085,-0.957500019,1.002163678,1.402451319,0.287131748,0.154109825,-0.503043816,1.282364829,-0.254340769,0.091789918,-0.383537937,6
0.800173713,-1.057355286,0.919974286,0.933414731,0.379642412,1.223972758,-0.060595417,0.948510626,-0.254340769,-0.169650153,-0.383537937,5
-0.749662704,-1.556631616,0.180269754,-0.845015666,-0.082910907,0.689041292,0.148985404,-0.921072907,0.534514816,2.183310489,0.766063296,7
0.442519155,0.540328973,0.509027324,0.083285915,-0.360442897,-0.202511152,-0.037308659,-0.720760385,-1.043196354,-1.651143891,1.176635164,7
-1.703408192,0.590256606,-0.312866601,-0.766842902,1.165983052,-0.4996953,-0.270176237,-0.587218704,-0.320078735,0.178936609,-0.711995432,6
0.442519155,0.540328973,0.509027324,0.083285915,-0.360442897,-0.202511152,-0.037308659,-0.720760385,-1.043196354,-1.651143891,1.176635164,7
-1.345753634,1.239315836,0.673406109,-0.395522269,0.055855089,0.18382824,2.454374435,-0.153208241,0.403038885,0.701816751,-0.711995432,6
0.442519155,-0.558078955,0.262459146,1.539253658,0.795940398,0.748478121,1.196889509,1.215593988,-1.96352787,-0.953970368,-1.204681674,6
0.442519155,-0.558078955,0.262459146,1.539253658,0.795940398,0.748478121,1.196889509,1.215593988,-1.96352787,-0.953970368,-1.204681674,6
-0.988099076,0.839894771,-0.066298423,-1.040447578,0.194621084,-0.678005789,0.684580836,-0.487062444,-0.254340769,2.531897251,-0.794109806,6
3.661410177,-0.757789487,0.426837931,-0.981818005,0.194621084,-0.975189937,0.288705952,-0.053051981,-1.24041025,-0.605383606,-0.055080442,6
-0.034353588,-0.358368423,0.015890969,-0.336892696,-0.267932234,0.451293973,0.498286773,-0.219979082,0.074349058,0.876110132,0.109148306,6
-0.630444518,-0.358368423,-0.148487816,1.656512805,0.055855089,1.105099099,0.521573531,0.881739786,0.600252781,0.091789918,-0.219309189,6
0.204082783,0.889822404,-1.62789688,-1.020904387,0.425897743,-0.678005789,-1.294793584,-0.01966656,-0.254340769,-0.518236915,-1.286796048,5
-0.153571774,-1.257065818,-0.312866601,-0.219633549,0.194621084,0.272983485,-0.293462995,0.01371886,1.389108366,-0.866823677,-0.629881058,6
0.442519155,-0.558078955,0.262459146,1.539253658,0.795940398,0.748478121,1.196889509,1.215593988,-1.96352787,-0.953970368,-1.204681674,6
-0.153571774,-1.157210552,0.509027324,-0.805929284,-0.406698229,-1.034626767,-0.875631942,-0.620604125,1.980750054,-0.605383606,0.766063296,7
-1.107317262,-0.15865789,-0.148487816,-0.57141099,-0.822996215,-0.380821641,-0.619477606,-0.987843747,1.389108366,1.921870418,1.505092659,7
-1.107317262,-0.957500019,-0.559434778,-0.962274813,1.998579025,0.272983485,0.079125131,-0.620604125,1.980750054,1.137550204,0.273377053,6
-0.034353588,0.540328973,-1.052571133,-1.059990769,0.33338708,0.213546655,0.19555892,-0.487062444,-0.451554666,-0.343943534,-0.876224179,6
0.919391899,0.140907908,1.166542463,-0.805929284,0.148365752,0.035236166,0.894161657,-0.353520763,-0.122864839,1.311843585,0.109148306,6
0.204082783,1.13946057,0.098080362,1.187476216,-0.082910907,-0.55913213,-1.574234679,-0.01966656,-0.122864839,-1.738290582,0.930292043,5
-0.034353588,0.540328973,-1.052571133,-1.059990769,0.33338708,0.213546655,0.19555892,-0.487062444,-0.451554666,-0.343943534,-0.876224179,6
0.919391899,0.140907908,1.166542463,-0.805929284,0.148365752,0.035236166,0.894161657,-0.353520763,-0.122864839,1.311843585,0.109148306,6
-0.392008146,6.282006776,-1.216949918,-1.099077152,0.102110421,-1.094063597,1.499617362,-0.253364502,0.994680573,0.614670061,-0.383537937,5
0.323300969,-0.058802624,-0.559434778,-0.786386093,0.102110421,-0.321384812,0.218845678,-0.186593661,-0.583030596,0.178936609,-1.040452927,6
-2.180280936,0.540328973,-0.97038174,-0.942731622,-0.869251547,-1.034626767,-1.178359795,-1.622166732,2.112225985,-0.953970368,1.669321407,7
-2.180280936,0.540328973,-0.97038174,-0.942731622,-0.869251547,-1.034626767,-1.178359795,-1.622166732,2.112225985,-0.953970368,1.669321407,7
-0.630444518,0.34061844,-0.477245386,-0.962274813,-0.406698229,-1.391247745,-0.479757058,-0.754145805,0.863204643,0.178936609,-0.055080442,7
0.442519155,-0.757789487,0.837784893,-0.981818005,-0.036655575,-0.856316278,-0.968778974,-0.587218704,-0.254340769,-0.256796844,-0.383537937,7
-1.46497182,0.440473707,1.330921248,-0.74729971,0.148365752,-1.094063597,0.358566225,-0.487062444,0.205824988,1.311843585,-0.383537937,6
-0.630444518,0.34061844,-0.477245386,-0.962274813,-0.406698229,-1.391247745,-0.479757058,-0.754145805,0.863204643,0.178936609,-0.055080442,7
0.442519155,-0.757789487,0.837784893,-0.981818005,-0.036655575,-0.856316278,-0.968778974,-0.587218704,-0.254340769,-0.256796844,-0.383537937,7
0.323300969,0.041052642,-0.64162417,1.187476216,0.009599757,0.748478121,0.917448415,1.115437728,-0.583030596,0.266083299,-1.204681674,6
0.680955527,0.740039505,-0.477245386,0.620723672,0.240876416,-0.55913213,0.405139741,0.915125206,-0.451554666,0.353229989,-1.040452927,6
0.323300969,-0.058802624,-0.559434778,-0.786386093,0.102110421,-0.321384812,0.218845678,-0.186593661,-0.583030596,0.178936609,-1.040452927,6
-1.107317262,0.839894771,0.426837931,-0.630040563,-0.869251547,-0.915753108,-0.340036511,-1.054614588,1.257632435,-0.866823677,0.683948922,7
-2.180280936,0.540328973,-0.97038174,-0.942731622,-0.869251547,-1.034626767,-1.178359795,-1.622166732,2.112225985,-0.953970368,1.669321407,7
-2.299499122,-1.057355286,1.824057603,-0.962274813,-0.915506879,-0.678005789,-0.57290409,-1.188156269,1.915012089,-0.866823677,0.273377053,7
-0.749662704,1.13946057,0.098080362,-0.102374402,-0.267932234,2.799048743,2.803675803,-0.01966656,-0.451554666,1.486136965,-0.301423563,5
-0.27278996,-0.657934221,-0.148487816,-0.200090357,0.055855089,-0.380821641,0.009264857,0.280802222,1.3233704,-0.256796844,-0.629881058,6
0.084864597,0.240763174,0.344648539,1.656512805,-0.637974888,1.461720077,0.96402193,1.38252109,-0.057126873,1.050403513,-0.958338553,7
0.084864597,0.240763174,0.344648539,1.656512805,-0.637974888,1.461720077,0.96402193,1.38252109,-0.057126873,1.050403513,-0.958338553,7
-0.511226332,0.839894771,-0.148487816,-1.040447578,-0.68423022,-1.331810915,-1.713955226,-0.854302066,-0.583030596,-0.256796844,0.109148306,5
-0.988099076,2.737144828,-1.545707487,0.659810054,-0.68423022,-0.975189937,-0.340036511,0.514500163,1.126156504,-0.169650153,-0.219309189,6
0.442519155,-0.358368423,0.755595501,-0.864558858,-1.146783538,-0.915753108,-1.644094952,-1.38846879,-0.714506527,0.614670061,1.422978285,6
-0.153571774,0.939750037,1.413110641,1.050673878,-0.082910907,1.580593736,0.544860288,1.148823148,0.008611092,-0.431090225,-1.368910422,5
-0.153571774,-0.058802624,-1.792275665,-1.001361196,-0.267932234,3.066514477,0.661294078,-0.720760385,-0.057126873,-0.692530296,-0.383537937,5
1.515482829,0.041052642,0.673406109,-0.90364524,-0.68423022,-0.321384812,-1.085212763,-0.820916646,-0.648768562,-0.866823677,0.766063296,5
-0.749662704,-0.757789487,0.509027324,-0.962274813,-0.406698229,-0.024200664,-0.759198153,-0.820916646,1.783536158,0.091789918,0.766063296,6
-1.226535448,-0.15865789,-0.559434778,2.301438114,0.102110421,0.98622544,0.661294078,1.716375292,1.060418539,-0.431090225,-0.876224179,5
-0.630444518,-0.857644753,0.673406109,-0.688670137,-0.637974888,-0.202511152,-1.318080342,-1.121385428,0.731728712,-0.692530296,1.012406417,6
-0.749662704,-0.757789487,0.509027324,-0.962274813,-0.406698229,-0.024200664,-0.759198153,-0.820916646,1.783536158,0.091789918,0.766063296,6
-0.153571774,0.939750037,1.413110641,1.050673878,-0.082910907,1.580593736,0.544860288,1.148823148,0.008611092,-0.431090225,-1.368910422,5
-0.988099076,0.740039505,-2.203222627,-0.981818005,1.073472389,-0.796879449,-0.735911395,-0.253364502,0.271562954,0.266083299,-1.040452927,5
0.204082783,-0.058802624,-0.230677208,2.301438114,0.009599757,1.164535929,2.61738174,1.950073234,-0.780244493,0.614670061,-1.451024796,5
-0.153571774,-0.558078955,-0.230677208,-0.024201637,-0.499208893,-0.143074323,0.707867594,-0.787531226,0.337300919,1.486136965,1.75143578,6
-0.153571774,-0.058802624,-1.792275665,-1.001361196,-0.267932234,3.066514477,0.661294078,-0.720760385,-0.057126873,-0.692530296,-0.383537937,5
-1.345753634,0.041052642,0.015890969,-0.473695034,-0.68423022,0.272983485,-0.945492216,-1.522010471,1.3233704,-0.866823677,1.915664528,7
-0.034353588,2.138013231,-0.806002955,-1.020904387,0.148365752,-1.331810915,-0.340036511,-0.320135342,-0.122864839,0.178936609,-0.876224179,5
-0.749662704,-1.356921084,0.426837931,-1.020904387,-0.082910907,-0.55913213,-0.549617332,-0.720760385,0.46877685,0.353229989,-0.137194816,6
1.515482829,0.041052642,0.673406109,-0.90364524,-0.68423022,-0.321384812,-1.085212763,-0.820916646,-0.648768562,-0.866823677,0.766063296,5
0.323300969,-0.258513156,0.426837931,2.448012047,-0.360442897,0.391857144,0.358566225,1.916687813,-1.437624147,-0.169650153,-1.204681674,6
0.442519155,0.041052642,0.180269754,1.226562599,-0.267932234,0.154109825,0.009264857,1.282364829,0.731728712,2.619043942,-0.711995432,6
0.323300969,-0.857644753,0.426837931,-1.020904387,-0.452953561,-0.202511152,-1.271506826,-0.787531226,-0.188602804,0.091789918,0.027033932,5
0.323300969,-0.857644753,0.426837931,-1.020904387,-0.452953561,-0.202511152,-1.271506826,-0.787531226,-0.188602804,0.091789918,0.027033932,5
0.323300969,-0.258513156,0.426837931,2.448012047,-0.360442897,0.391857144,0.358566225,1.916687813,-1.437624147,-0.169650153,-1.204681674,6
0.442519155,0.041052642,0.180269754,1.226562599,-0.267932234,0.154109825,0.009264857,1.282364829,0.731728712,2.619043942,-0.711995432,6
0.561737341,-0.657934221,-0.559434778,-1.020904387,-0.221676902,-0.4996953,-0.945492216,-0.487062444,0.008611092,-1.38970382,-0.547766684,6
-0.153571774,-0.15865789,-0.97038174,0.24940304,0.055855089,1.283409588,1.639337909,0.581271004,-0.583030596,-0.169650153,-1.204681674,5
0.561737341,-0.657934221,-0.559434778,-1.020904387,-0.221676902,-0.4996953,-0.945492216,-0.487062444,0.008611092,-1.38970382,-0.547766684,6
0.561737341,0.34061844,-0.477245386,-0.942731622,0.194621084,-0.143074323,-0.060595417,-0.420291603,0.797466677,0.614670061,0.027033932,6
0.084864597,-0.558078955,-0.230677208,-0.727756519,-0.730485552,0.332420314,-0.083882174,-1.45523963,-0.188602804,-1.041117058,1.833550154,7
0.084864597,-0.657934221,-0.477245386,0.444834951,-0.036655575,0.094672996,1.918779003,0.414343903,0.403038885,0.44037668,-0.055080442,6
0.084864597,-0.657934221,-0.477245386,0.42529176,-0.036655575,0.094672996,1.895492246,0.414343903,0.403038885,0.44037668,-0.055080442,6
0.084864597,-0.657934221,-0.477245386,0.42529176,-0.036655575,0.094672996,1.895492246,0.414343903,0.403038885,0.44037668,-0.055080442,6
-0.034353588,-0.458223689,0.344648539,0.366662187,0.055855089,0.689041292,0.521573531,0.414343903,0.994680573,0.266083299,0.027033932,7
0.084864597,-0.657934221,-0.477245386,0.444834951,-0.036655575,0.094672996,1.918779003,0.414343903,0.403038885,0.44037668,-0.055080442,6
0.084864597,-0.657934221,-0.477245386,0.42529176,-0.036655575,0.094672996,1.895492246,0.414343903,0.403038885,0.44037668,-0.055080442,6
-0.153571774,0.140907908,1.330921248,1.343821746,0.33338708,0.748478121,1.266749783,1.082052307,-0.648768562,-0.343943534,-0.876224179,5
1.038610085,-0.657934221,-0.559434778,-1.020904387,0.240876416,-0.915753108,-1.178359795,-0.186593661,-0.845982458,-0.256796844,-1.122567301,5
0.204082783,0.34061844,1.084353071,1.402451319,0.472153075,1.105099099,1.336610056,1.215593988,-0.583030596,0.004643228,-0.958338553,5
-0.153571774,0.140907908,1.330921248,1.343821746,0.33338708,0.748478121,1.266749783,1.082052307,-0.648768562,-0.343943534,-0.876224179,5
-0.630444518,0.640184239,-1.956654449,-1.040447578,0.102110421,-0.975189937,-1.294793584,-0.487062444,0.140087023,-0.953970368,-0.547766684,5
0.561737341,-1.207138185,0.015890969,-0.805929284,-0.036655575,2.264117277,1.73248494,-0.253364502,-0.057126873,1.050403513,-0.465652311,7
0.323300969,2.737144828,-2.038843842,-0.962274813,2.877430329,-1.153500426,0.265419194,-0.119822821,-0.780244493,0.701816751,-1.040452927,4
0.084864597,-0.458223689,0.180269754,0.132143893,-0.822996215,-0.261947982,-0.829058427,-0.653989545,1.060418539,-0.169650153,1.340863912,8
-0.034353588,-0.757789487,0.262459146,-0.043744828,-0.869251547,-0.678005789,-0.992065732,-0.720760385,1.257632435,0.004643228,1.422978285,7
-0.988099076,0.041052642,-0.148487816,-0.766842902,-0.17542157,-0.737442619,1.837275351,-0.219979082,0.534514816,0.963256823,-0.547766684,5
-0.392008146,-1.157210552,-0.148487816,-0.981818005,-0.499208893,0.807914951,1.08045572,-1.188156269,1.060418539,1.311843585,1.587207033,8
0.561737341,-1.207138185,0.015890969,-0.805929284,-0.036655575,2.264117277,1.73248494,-0.253364502,-0.057126873,1.050403513,-0.465652311,7
-0.86888089,0.740039505,-2.449790804,-1.020904387,0.657174402,-0.737442619,-0.735911395,-0.253364502,0.46877685,0.44037668,-1.040452927,5
-0.27278996,-0.558078955,0.262459146,-0.942731622,-0.822996215,-0.678005789,-0.875631942,-0.954458327,0.665990746,0.876110132,0.930292043,7
-0.988099076,1.039605303,-1.134760525,0.034427937,-0.591719556,-0.61856896,-0.060595417,-0.119822821,0.731728712,1.747577037,-0.055080442,6
-1.107317262,-0.258513156,-0.477245386,-0.825472475,-0.915506879,1.105099099,-0.316749753,-1.45523963,1.586322262,1.398990275,1.997778902,8
-0.392008146,2.437579029,0.837784893,1.128846643,0.102110421,1.105099099,2.454374435,1.115437728,0.46877685,0.44037668,-0.958338553,6
-0.034353588,-0.358368423,0.180269754,2.809561084,-0.68423022,0.272983485,-0.014021901,1.115437728,0.074349058,-1.38970382,0.437605801,6
0.204082783,0.440473707,-0.148487816,0.894328349,-0.360442897,-1.153500426,-1.713955226,-0.153208241,0.337300919,-0.779676987,0.848177669,3
-1.345753634,0.041052642,-0.559434778,-0.74729971,0.379642412,-0.321384812,0.381852983,-0.921072907,2.243701916,-0.605383606,1.587207033,5
-0.511226332,1.339171102,-0.806002955,1.480624084,0.102110421,-0.678005789,-0.619477606,1.349135669,1.652060227,0.353229989,-0.547766684,6
-0.511226332,1.339171102,-0.806002955,1.480624084,0.102110421,-0.678005789,-0.619477606,1.349135669,1.652060227,0.353229989,-0.547766684,6
-0.630444518,0.041052642,-0.395055993,-0.942731622,0.287131748,-0.083637493,-0.293462995,-0.420291603,1.915012089,0.614670061,0.027033932,7
0.323300969,3.236421159,-1.134760525,0.679353246,1.11972772,-0.856316278,0.801014625,0.981896047,-1.043196354,0.44037668,-1.122567301,5
-0.988099076,-0.757789487,-0.723813563,-1.020904387,-0.360442897,-0.083637493,-0.270176237,-0.687374965,0.337300919,-0.431090225,-0.301423563,5
-1.226535448,1.838447433,-1.62789688,-0.727756519,-0.17542157,-0.4996953,0.475000015,-0.353520763,1.783536158,0.178936609,0.109148306,7
-1.107317262,-0.058802624,-0.559434778,-0.942731622,0.009599757,-0.202511152,-0.619477606,-0.587218704,1.454846331,0.178936609,0.027033932,7
-0.630444518,0.041052642,-0.395055993,-0.942731622,0.287131748,-0.083637493,-0.293462995,-0.420291603,1.915012089,0.614670061,0.027033932,7
-0.630444518,1.339171102,-0.806002955,1.480624084,0.102110421,-0.678005789,-0.619477606,1.349135669,1.652060227,0.353229989,-0.547766684,6
-0.749662704,-0.458223689,-0.230677208,-0.962274813,-1.100528206,-1.450684574,-1.3413671,-1.655552152,0.731728712,-0.779676987,1.997778902,7
0.204082783,-0.657934221,-0.559434778,0.42529176,0.472153075,-0.55913213,-0.666051121,0.481114743,-1.569100078,0.266083299,-0.794109806,5
-1.107317262,0.939750037,-0.148487816,-1.059990769,0.33338708,-0.261947982,1.837275351,-0.587218704,0.665990746,2.009017108,-0.547766684,6
-0.988099076,1.538881634,0.098080362,0.523007716,0.610919071,2.828767158,2.547521466,0.981896047,1.19189447,0.091789918,-1.615253543,5
0.204082783,-0.657934221,-0.559434778,0.42529176,0.472153075,-0.55913213,-0.666051121,0.481114743,-1.569100078,0.266083299,-0.794109806,5
0.084864597,-0.258513156,-0.395055993,1.715142378,0.055855089,0.272983485,0.731154351,1.349135669,0.205824988,-0.343943534,-0.958338553,5
-1.226535448,-0.258513156,-1.216949918,1.167933025,0.055855089,0.867351781,0.521573531,1.048666887,1.060418539,-0.953970368,-0.794109806,5
-0.153571774,0.440473707,-1.052571133,-0.825472475,-0.082910907,-1.212937256,-1.66738171,-0.320135342,-0.122864839,-0.866823677,-0.876224179,6
0.323300969,1.13946057,2.317193957,0.894328349,0.055855089,1.818341055,0.894161657,1.148823148,-0.188602804,0.091789918,-1.451024796,5
-0.749662704,-0.657934221,1.988436388,0.698896437,1.62853637,-0.083637493,-0.316749753,0.681427265,-1.569100078,-0.256796844,-1.286796048,5
0.084864597,-1.356921084,-0.148487816,0.503464525,-0.314187566,1.105099099,0.032551615,0.481114743,0.205824988,-0.518236915,-0.876224179,6
-0.153571774,0.440473707,-1.052571133,-0.825472475,-0.082910907,-1.212937256,-1.66738171,-0.320135342,-0.122864839,-0.866823677,-0.876224179,6
0.323300969,1.13946057,2.317193957,0.894328349,0.055855089,1.818341055,0.894161657,1.148823148,-0.188602804,0.091789918,-1.451024796,5
0.323300969,0.140907908,1.577489425,2.291666518,0.055855089,1.402283247,0.987308688,1.682989872,-0.648768562,0.266083299,-0.711995432,5
1.992355573,0.939750037,2.974709097,1.119075047,-0.314187566,-0.856316278,0.428426499,1.38252109,-1.24041025,2.096163799,-0.958338553,6
-0.511226332,1.039605303,0.015890969,-0.590954181,-0.452953561,-0.083637493,1.40647033,-0.153208241,-0.320078735,2.35760387,-0.383537937,5
-0.392008146,-0.358368423,-0.395055993,-0.864558858,-1.054272874,-0.975189937,-1.248220068,-1.38846879,0.403038885,-0.343943534,1.669321407,6
0.084864597,-1.057355286,-0.230677208,-0.317349505,-0.545464225,-0.083637493,-0.177029206,0.0804897,1.126156504,-0.082503463,-0.711995432,7
-1.703408192,-1.157210552,-0.97038174,-0.375979078,-0.730485552,-0.321384812,-0.875631942,-0.119822821,0.337300919,-1.128263748,-0.876224179,6
0.084864597,-0.358368423,1.413110641,0.894328349,-0.776740884,1.164535929,2.035212793,0.781583525,-1.043196354,1.050403513,-0.794109806,5
0.561737341,0.041052642,0.180269754,-1.040447578,-0.822996215,0.391857144,-0.805771669,-1.622166732,-1.306148216,-0.866823677,1.587207033,7
0.084864597,-0.558078955,-0.477245386,-0.962274813,-0.406698229,-0.380821641,-0.57290409,-0.487062444,-0.517292631,0.52752337,0.027033932,6
0.204082783,2.737144828,-1.710086272,-0.923188431,1.258493716,-0.856316278,0.591433804,-0.053051981,-1.437624147,0.788963442,-1.040452927,6
-0.749662704,-0.558078955,-0.066298423,-0.923188431,-0.221676902,1.877777884,0.568147046,-0.453677023,0.863204643,0.614670061,-0.055080442,6
-0.27278996,1.938302699,0.015890969,0.483921334,-0.129166238,-0.261947982,0.754441109,0.748198105,0.205824988,0.963256823,-1.040452927,5
-1.226535448,0.839894771,0.591216716,-1.001361196,0.055855089,0.570167633,-0.829058427,-0.820916646,0.928942608,0.178936609,0.109148306,6
-1.345753634,-0.258513156,-0.806002955,1.343821746,-0.082910907,0.332420314,-0.060595417,1.015281467,0.994680573,-0.605383606,-0.794109806,5
-0.27278996,1.938302699,0.015890969,0.483921334,-0.129166238,-0.261947982,0.754441109,0.748198105,0.205824988,0.963256823,-1.040452927,5
-0.86888089,0.939750037,-0.312866601,0.034427937,13.8861993,2.59101984,1.40647033,0.414343903,0.665990746,0.788963442,-0.711995432,5
-0.86888089,-0.957500019,0.344648539,-0.962274813,-0.822996215,0.035236166,-0.526330574,-0.386906183,1.849274124,0.44037668,-0.629881058,6
-1.107317262,-1.157210552,0.262459146,-0.962274813,-0.961762211,0.451293973,-0.526330574,-0.453677023,1.783536158,0.178936609,-0.629881058,6
-0.392008146,0.640184239,-0.477245386,-1.001361196,-0.499208893,-0.202511152,-1.155073037,-0.854302066,-0.583030596,-0.605383606,0.191262679,6
0.561737341,0.140907908,-0.395055993,-0.942731622,-0.036655575,1.04566227,0.940735172,-0.186593661,0.994680573,1.660430346,0.027033932,6
0.561737341,-0.15865789,-0.230677208,0.229859849,0.055855089,0.98622544,0.870874899,0.681427265,-0.3858167,-0.343943534,-1.286796048,6
0.084864597,0.041052642,0.180269754,-1.059990769,-0.499208893,-1.628995063,-1.620808195,-1.42185421,-0.648768562,-0.256796844,1.340863912,6
0.204082783,-0.458223689,0.426837931,-0.942731622,-0.637974888,-1.391247745,-1.737241984,-1.45523963,0.403038885,-0.779676987,1.833550154,7
1.038610085,-0.857644753,-0.64162417,0.483921334,-0.314187566,0.391857144,0.987308688,0.614656424,-0.057126873,-0.256796844,-0.465652311,6
-0.749662704,-0.857644753,-0.477245386,-0.90364524,-1.100528206,-0.440258471,0.428426499,-1.154770848,0.074349058,1.311843585,0.766063296,6
-0.153571774,-0.757789487,0.344648539,-0.336892696,-0.267932234,-0.4996953,-0.852345184,-0.053051981,1.19189447,0.788963442,0.191262679,6
-1.46497182,1.6387369,-1.710086272,0.112600701,-0.961762211,-0.440258471,0.777727867,-0.954458327,0.928942608,-0.082503463,1.669321407,6
0.323300969,1.239315836,2.317193957,0.855241966,-0.221676902,2.056088373,1.150315993,1.148823148,-0.714506527,0.004643228,-1.533139169,4
-0.153571774,-0.458223689,-0.148487816,-0.942731622,-0.915506879,0.451293973,0.172272162,-1.254927109,0.665990746,0.44037668,1.669321407,6
-1.46497182,0.590256606,0.015890969,-1.059990769,-0.267932234,-1.331810915,0.801014625,-0.720760385,0.534514816,1.486136965,-0.383537937,5
0.323300969,1.239315836,2.317193957,0.855241966,-0.221676902,2.056088373,1.150315993,1.148823148,-0.714506527,0.004643228,-1.533139169,4
0.323300969,0.041052642,1.659678818,2.008290246,-0.036655575,1.105099099,1.40647033,1.616219031,-0.714506527,0.004643228,-0.794109806,6
-0.153571774,-0.857644753,1.988436388,1.519710466,-0.360442897,0.92678861,0.568147046,1.115437728,-0.451554666,-0.082503463,-0.711995432,6
-0.630444518,0.240763174,-0.312866601,-0.81570088,-0.360442897,-1.628995063,1.639337909,-0.153208241,0.074349058,1.137550204,-0.465652311,6
-0.511226332,0.240763174,-0.395055993,-0.81570088,-0.406698229,-1.628995063,1.639337909,-0.153208241,0.008611092,1.137550204,-0.465652311,5
1.038610085,-0.957500019,-0.230677208,1.128846643,0.33338708,0.629604462,0.009264857,1.282364829,-0.845982458,0.353229989,-1.286796048,6
1.038610085,-0.957500019,-0.230677208,1.128846643,0.33338708,0.629604462,0.009264857,1.282364829,-0.845982458,0.353229989,-1.286796048,6
0.442519155,2.337723763,-0.64162417,-0.610497372,2.044834356,-1.688431893,-0.107168932,0.0804897,-1.174672285,0.266083299,-1.368910422,5
-1.107317262,-0.358368423,-0.559434778,-0.884102049,0.102110421,0.272983485,0.707867594,-0.119822821,2.966819536,0.44037668,-0.383537937,7
-1.226535448,3.436131691,-0.477245386,-0.57141099,-0.314187566,1.164535929,0.288705952,-1.154770848,1.652060227,-0.431090225,1.258749538,6
-1.107317262,-0.358368423,-0.559434778,-0.884102049,0.102110421,0.272983485,0.707867594,-0.119822821,2.966819536,0.44037668,-0.383537937,7
-0.27278996,-0.058802624,-1.792275665,-1.001361196,-0.221676902,1.580593736,-0.037308659,-0.687374965,0.140087023,-0.605383606,-0.383537937,6
1.038610085,0.640184239,0.098080362,-0.90364524,-0.17542157,-1.628995063,0.63800732,-1.121385428,-0.517292631,-0.692530296,1.340863912,6
0.442519155,-0.15865789,0.180269754,-0.23917674,-0.267932234,-0.261947982,0.032551615,-0.353520763,-0.188602804,0.876110132,0.437605801,6
0.561737341,0.839894771,-0.066298423,-0.981818005,-0.961762211,-0.4996953,-1.970109563,-0.887687486,0.140087023,-1.38970382,0.601834548,6
1.038610085,0.041052642,-0.148487816,0.503464525,-0.452953561,-0.083637493,-0.57290409,0.347573062,-0.122864839,-0.866823677,-0.137194816,7
-0.988099076,0.34061844,-0.64162417,-0.825472475,0.240876416,-0.440258471,0.63800732,-0.520447864,1.19189447,-0.169650153,-0.055080442,6
-0.153571774,-0.957500019,0.262459146,-0.942731622,0.425897743,0.689041292,0.335279467,-0.253364502,-0.714506527,-0.343943534,-1.122567301,5
0.561737341,-1.257065818,0.673406109,-0.923188431,-0.036655575,0.807914951,0.335279467,-0.720760385,-1.24041025,0.963256823,-0.055080442,6
-1.226535448,-1.45677635,-0.477245386,-0.884102049,0.194621084,-0.915753108,-1.434514132,-0.787531226,1.586322262,1.311843585,0.273377053,6
0.323300969,0.640184239,0.015890969,1.207019407,0.102110421,-1.688431893,-2.296124173,0.01371886,0.008611092,-0.779676987,1.012406417,5
1.157828271,-0.857644753,-0.64162417,-0.845015666,-0.314187566,-1.628995063,0.079125131,0.01371886,-0.911720423,2.183310489,-0.547766684,5
1.157828271,-0.857644753,-0.64162417,-0.845015666,-0.314187566,-1.628995063,0.079125131,0.01371886,-0.911720423,2.183310489,-0.547766684,5
-0.034353588,-0.258513156,0.509027324,-1.001361196,-0.360442897,-0.796879449,-0.8989187,-1.35508337,-1.043196354,-0.866823677,0.766063296,6
-1.345753634,0.839894771,-0.148487816,-0.923188431,-0.591719556,-0.796879449,-1.01535249,-1.45523963,-1.043196354,-0.953970368,0.601834548,6
-1.584190006,0.740039505,0.262459146,-1.059990769,-0.360442897,-1.747868722,-1.574234679,-1.321697949,1.19189447,-1.302557129,0.766063296,5
-1.226535448,0.440473707,0.426837931,-0.610497372,3.15496232,-0.678005789,0.009264857,-0.253364502,-0.648768562,-0.343943534,-1.040452927,6
0.323300969,0.34061844,1.002163678,-0.278263122,-0.267932234,-1.926179211,-2.575565268,-1.188156269,-0.977458389,0.353229989,1.669321407,4
-0.988099076,0.041052642,-0.97038174,-0.90364524,-0.545464225,-0.202511152,-0.549617332,-1.45523963,1.126156504,-0.431090225,1.75143578,6
-2.06106275,0.839894771,-2.614169589,-0.942731622,-0.68423022,-0.678005789,-0.829058427,-1.522010471,1.652060227,-1.215410439,1.422978285,6
-1.584190006,-0.857644753,1.084353071,-0.375979078,-0.730485552,-0.975189937,-0.642764364,-0.653989545,2.440915812,-0.343943534,0.601834548,6
-0.630444518,-1.756342149,0.098080362,-0.297806313,0.102110421,-0.261947982,-0.852345184,0.180645961,1.586322262,2.619043942,-0.629881058,6
-0.630444518,-0.957500019,1.166542463,-0.473695034,6.48534621,1.699467395,0.242132436,0.113875121,-0.845982458,-0.779676987,-0.958338553,5
0.561737341,-0.258513156,0.180269754,1.324278555,0.980961725,1.04566227,0.894161657,1.148823148,-1.174672285,-0.082503463,-1.204681674,6
0.561737341,-0.258513156,0.180269754,1.324278555,0.980961725,1.04566227,0.894161657,1.148823148,-1.174672285,-0.082503463,-1.204681674,6
0.561737341,-0.258513156,0.180269754,1.324278555,0.980961725,1.04566227,0.894161657,1.148823148,-1.174672285,-0.082503463,-1.204681674,6
1.157828271,0.690111872,1.413110641,1.734685569,0.055855089,1.105099099,0.731154351,1.51606277,-0.648768562,0.178936609,-1.122567301,5
1.157828271,0.690111872,1.413110641,1.734685569,0.055855089,1.105099099,0.731154351,1.51606277,-0.648768562,0.178936609,-1.122567301,5
0.561737341,-0.258513156,0.180269754,1.324278555,0.980961725,1.04566227,0.894161657,1.148823148,-1.174672285,-0.082503463,-1.204681674,6
-0.988099076,-0.358368423,-0.312866601,-0.962274813,-0.036655575,-0.796879449,-1.830389015,-0.720760385,0.797466677,0.44037668,-0.055080442,5
-0.153571774,-0.258513156,-0.806002955,-0.366207482,0.33338708,0.332420314,1.662624667,0.447729323,1.19189447,1.573283656,-0.794109806,6
-0.27278996,0.34061844,-0.230677208,0.679353246,-0.267932234,-1.510121404,0.824301383,0.380958482,1.783536158,0.52752337,0.766063296,4
0.323300969,1.838447433,2.563762135,0.777069202,0.194621084,2.412709351,1.220176267,1.148823148,-0.188602804,-0.605383606,-1.451024796,5
-1.703408192,0.740039505,0.098080362,-1.040447578,-0.036655575,-1.272374085,0.63800732,-0.720760385,0.994680573,1.660430346,-0.465652311,6
-0.27278996,-0.358368423,0.591216716,0.444834951,-0.452953561,-0.380821641,0.19555892,0.347573062,0.205824988,1.137550204,-0.465652311,6
-0.153571774,0.041052642,-1.381328702,1.461080893,0.055855089,0.807914951,0.521573531,1.38252109,0.140087023,0.178936609,-1.204681674,6
-0.630444518,-1.157210552,-0.97038174,-0.981818005,-0.267932234,0.332420314,0.218845678,-0.286749922,1.980750054,0.788963442,-0.383537937,6
-0.749662704,-0.15865789,-0.806002955,0.151687084,-0.314187566,0.154109825,0.754441109,0.547885584,1.980750054,1.311843585,-0.629881058,6
0.919391899,-0.558078955,0.673406109,-0.884102049,0.287131748,-1.510121404,-1.224933311,-0.653989545,0.731728712,0.004643228,1.094520791,6
-0.511226332,-0.957500019,-0.230677208,-0.923188431,-0.082910907,-0.321384812,-0.293462995,-0.453677023,1.980750054,0.091789918,-0.219309189,7
0.323300969,1.838447433,2.563762135,0.777069202,0.194621084,2.412709351,1.220176267,1.148823148,-0.188602804,-0.605383606,-1.451024796,5
0.084864597,0.240763174,1.413110641,1.402451319,0.194621084,0.272983485,0.661294078,1.148823148,-0.780244493,0.266083299,-0.711995432,7
2.707664689,-0.258513156,0.015890969,-1.020904387,-0.915506879,-0.261947982,-1.085212763,-0.854302066,-1.700576008,-1.041117058,0.683948922,7
1.038610085,0.041052642,0.015890969,-0.942731622,-0.822996215,-0.202511152,-0.503043816,-1.35508337,-1.24041025,-0.953970368,1.340863912,7
0.084864597,0.240763174,1.413110641,1.402451319,0.194621084,0.272983485,0.661294078,1.148823148,-0.780244493,0.266083299,-0.711995432,7
1.038610085,0.041052642,0.015890969,-0.942731622,-0.822996215,-0.202511152,-0.503043816,-1.35508337,-1.24041025,-0.953970368,1.340863912,7
2.707664689,-0.258513156,0.015890969,-1.020904387,-0.915506879,-0.261947982,-1.085212763,-0.854302066,-1.700576008,-1.041117058,0.683948922,7
1.753919201,0.740039505,3.056898489,1.128846643,0.009599757,-0.796879449,0.475000015,1.349135669,-1.371886181,1.398990275,-0.876224179,5
-0.988099076,1.339171102,-0.806002955,-0.942731622,0.148365752,-1.153500426,-0.060595417,-0.386906183,0.863204643,0.091789918,-0.055080442,6
-1.226535448,-0.657934221,-0.806002955,1.109303452,-0.082910907,1.04566227,0.591433804,0.915125206,0.403038885,-0.866823677,-0.794109806,5
0.323300969,0.640184239,0.837784893,-0.434608652,0.055855089,0.92678861,0.102411889,-1.054614588,-1.174672285,2.35760387,1.505092659,6
-0.27278996,-0.657934221,0.673406109,0.523007716,0.148365752,-0.261947982,0.242132436,0.380958482,-0.451554666,2.183310489,-0.465652311,7
-1.226535448,0.939750037,-1.956654449,-0.942731622,0.518408407,0.213546655,-0.270176237,-0.587218704,0.337300919,-0.082503463,-0.301423563,5
0.919391899,0.640184239,-0.559434778,0.464378143,0.795940398,0.213546655,1.033882204,0.915125206,-0.648768562,1.224696894,-1.040452927,6
0.561737341,0.240763174,-0.97038174,-0.981818005,0.009599757,-1.153500426,-0.107168932,-0.453677023,-0.714506527,2.444750561,-0.055080442,7
-0.153571774,2.337723763,-0.312866601,-0.434608652,0.934706393,0.154109825,0.591433804,0.113875121,0.074349058,-0.605383606,-1.122567301,5
1.038610085,-0.558078955,0.344648539,0.75752601,0.610919071,-0.440258471,-0.945492216,0.848354366,-0.451554666,-0.169650153,-0.383537937,6
0.323300969,0.740039505,0.015890969,1.167933025,0.240876416,-1.747868722,-2.389271205,0.0804897,-0.3858167,-0.866823677,0.848177669,6
-1.107317262,-0.15865789,1.330921248,-0.825472475,0.102110421,1.402283247,0.31199271,-0.453677023,-0.714506527,1.050403513,-0.547766684,5
-0.988099076,-0.15865789,1.413110641,-0.825472475,0.194621084,1.521156906,0.335279467,-0.420291603,-0.714506527,0.963256823,-0.547766684,6
-0.511226332,0.041052642,-0.559434778,-0.23917674,-0.267932234,0.510730803,0.917448415,0.214031381,0.008611092,1.747577037,-0.876224179,6
0.561737341,1.339171102,2.645951527,0.855241966,0.240876416,2.47214618,1.266749783,1.148823148,-0.911720423,-0.256796844,-1.451024796,5
-0.511226332,0.041052642,-0.395055993,-0.727756519,-0.360442897,-0.55913213,-0.759198153,-0.987843747,0.863204643,-0.692530296,0.930292043,7
-0.27278996,0.640184239,1.659678818,1.930117481,0.055855089,0.510730803,0.96402193,1.51606277,-0.977458389,0.614670061,-1.368910422,5
0.323300969,-0.757789487,0.015890969,-0.727756519,-0.637974888,0.807914951,0.265419194,-1.38846879,-0.188602804,-0.866823677,1.833550154,7
0.561737341,-0.757789487,-0.066298423,-0.884102049,-0.499208893,0.213546655,-0.037308659,-1.054614588,-0.122864839,-0.431090225,1.012406417,7
1.515482829,-0.558078955,-0.312866601,-0.90364524,0.055855089,0.689041292,1.057168962,-0.286749922,-0.3858167,0.091789918,-0.219309189,6
1.515482829,-0.458223689,-0.395055993,-0.90364524,0.055855089,0.689041292,1.103742478,-0.286749922,-0.3858167,0.091789918,-0.219309189,6
0.204082783,-0.558078955,-0.066298423,-0.708213328,-0.591719556,0.748478121,0.31199271,-1.42185421,-0.254340769,-0.953970368,1.833550154,7
-0.511226332,0.041052642,-0.395055993,-0.727756519,-0.360442897,-0.55913213,-0.759198153,-0.987843747,0.863204643,-0.692530296,0.930292043,7
-1.107317262,1.039605303,-0.64162417,-0.08283121,-0.545464225,0.391857144,-0.13045569,-0.987843747,1.257632435,-0.953970368,1.505092659,7
0.561737341,1.339171102,2.645951527,0.855241966,0.240876416,2.47214618,1.266749783,1.148823148,-0.911720423,-0.256796844,-1.451024796,5
-1.46497182,-0.957500019,-0.97038174,-0.434608652,-0.17542157,-0.61856896,-0.666051121,-0.053051981,1.060418539,-0.866823677,-0.876224179,5
0.442519155,0.240763174,-0.97038174,-0.004658446,0.472153075,0.510730803,0.661294078,0.180645961,-0.3858167,-1.215410439,-0.301423563,6
0.561737341,-0.358368423,-0.97038174,0.835698775,-0.17542157,-0.55913213,-1.364653858,0.414343903,-2.160741766,-1.128263748,-0.629881058,6
-0.392008146,-0.258513156,-0.312866601,-0.942731622,0.009599757,-0.202511152,-0.13045569,-0.386906183,1.520584297,0.178936609,-0.301423563,7
0.561737341,-0.358368423,-0.97038174,0.835698775,-0.17542157,-0.55913213,-1.364653858,0.414343903,-2.160741766,-1.128263748,-0.629881058,6
0.561737341,-0.15865789,-0.312866601,0.288489422,0.148365752,0.154109825,0.405139741,0.714812685,-0.3858167,-0.082503463,-1.286796048,6
-0.988099076,0.440473707,-0.723813563,-0.923188431,-0.545464225,0.094672996,-0.083882174,-0.720760385,1.849274124,0.091789918,0.273377053,7
-0.034353588,0.041052642,-0.559434778,-0.845015666,-0.452953561,0.391857144,-0.433183543,-0.520447864,1.520584297,0.004643228,0.273377053,7
0.084864597,-0.458223689,-0.066298423,-0.121917593,-0.267932234,-0.61856896,-0.083882174,0.280802222,0.008611092,0.788963442,-0.794109806,6
0.204082783,0.34061844,1.330921248,1.57834004,0.610919071,-1.747868722,0.19555892,1.38252109,-1.634838043,-0.431090225,-1.122567301,5
0.442519155,-0.757789487,0.262459146,-1.020904387,-0.406698229,0.748478121,-0.479757058,-0.720760385,0.863204643,0.004643228,0.355491427,6
-0.034353588,1.339171102,-0.066298423,0.718439628,-0.129166238,-0.440258471,0.288705952,0.881739786,0.074349058,0.266083299,-0.876224179,5
-0.630444518,1.738592166,-2.203222627,-1.040447578,-0.730485552,-1.510121404,-0.200315964,-1.221541689,-1.437624147,-1.825437272,0.273377053,5
-0.630444518,1.988230332,-2.285412019,-1.059990769,-0.730485552,-1.569558234,-0.200315964,-1.254927109,-1.437624147,-1.738290582,0.273377053,5
-0.749662704,-0.058802624,0.344648539,-1.07953396,0.240876416,-1.688431893,0.009264857,-0.520447864,1.717798193,0.091789918,0.027033932,7
-0.034353588,1.339171102,-0.066298423,0.718439628,-0.129166238,-0.440258471,0.288705952,0.881739786,0.074349058,0.266083299,-0.876224179,5
0.084864597,0.140907908,0.262459146,-0.297806313,-0.545464225,-0.55913213,-0.293462995,-0.453677023,-0.122864839,-0.431090225,0.273377053,6
-1.226535448,-0.058802624,-0.395055993,0.972501113,-0.452953561,-0.261947982,-0.57290409,0.247416802,1.060418539,-0.082503463,0.027033932,8
-0.034353588,-0.857644753,0.509027324,-0.981818005,-0.452953561,-1.272374085,-1.970109563,-1.088000008,-0.714506527,1.660430346,0.848177669,7
-0.27278996,0.240763174,0.098080362,-0.981818005,6.207814219,0.035236166,0.475000015,-0.153208241,-0.517292631,0.44037668,-0.876224179,6
0.323300969,-0.358368423,0.509027324,-0.981818005,-0.036655575,-0.261947982,-0.782484911,-0.921072907,-2.029265835,-0.953970368,0.273377053,6
-0.630444518,1.738592166,-2.203222627,-1.040447578,-0.730485552,-1.510121404,-0.200315964,-1.221541689,-1.437624147,-1.825437272,0.273377053,5
-0.630444518,1.988230332,-2.285412019,-1.059990769,-0.730485552,-1.569558234,-0.200315964,-1.254927109,-1.437624147,-1.738290582,0.273377053,5
-0.749662704,-0.15865789,1.248731856,-0.962274813,0.287131748,-0.083637493,-0.13045569,-0.587218704,-1.306148216,1.050403513,-0.547766684,6
-0.749662704,-0.15865789,1.248731856,-0.962274813,0.287131748,-0.083637493,-0.13045569,-0.587218704,-1.306148216,1.050403513,-0.547766684,6
0.442519155,-0.258513156,-0.395055993,0.210316657,0.148365752,0.154109825,0.428426499,0.781583525,1.586322262,-0.953970368,-0.711995432,5
0.442519155,-0.258513156,-0.395055993,0.210316657,0.148365752,0.154109825,0.428426499,0.781583525,1.586322262,-0.953970368,-0.711995432,5
-0.988099076,0.041052642,-0.723813563,2.213493753,-0.082910907,0.748478121,0.498286773,1.716375292,0.994680573,-0.082503463,-0.794109806,5
0.561737341,0.939750037,0.098080362,-0.141460784,0.703429734,-1.391247745,-1.061926005,0.781583525,1.915012089,1.747577037,0.191262679,6
-0.511226332,0.839894771,-0.477245386,-0.630040563,-0.406698229,-0.380821641,-0.479757058,-1.121385428,0.403038885,1.398990275,1.587207033,8
0.561737341,-0.358368423,0.509027324,-0.41506546,-0.637974888,-1.569558234,-1.038639248,-0.720760385,-0.648768562,-0.866823677,0.519720174,6
0.680955527,-0.458223689,2.810330312,0.894328349,0.055855089,0.094672996,-0.153742448,1.215593988,-1.306148216,-0.953970368,-1.368910422,5
0.680955527,-0.657934221,2.810330312,0.874785157,-0.036655575,0.154109825,-0.153742448,1.215593988,-1.24041025,-1.128263748,-1.451024796,5
0.680955527,-0.657934221,2.810330312,0.874785157,-0.036655575,0.154109825,-0.153742448,1.215593988,-1.24041025,-1.128263748,-1.451024796,5
0.680955527,-0.458223689,2.810330312,0.894328349,0.055855089,0.094672996,-0.153742448,1.215593988,-1.306148216,-0.953970368,-1.368910422,5
1.038610085,0.440473707,-0.066298423,-0.786386093,-0.406698229,-1.034626767,-0.8989187,-0.987843747,0.140087023,1.398990275,1.012406417,7
1.038610085,-0.15865789,-0.559434778,-0.884102049,0.240876416,0.98622544,1.290036541,-0.453677023,0.271562954,0.091789918,0.355491427,6
0.919391899,-0.358368423,-0.559434778,-0.90364524,0.240876416,0.98622544,1.173602751,-0.453677023,0.271562954,0.091789918,0.273377053,6
0.561737341,-0.857644753,-0.312866601,-0.981818005,0.518408407,-0.143074323,-0.107168932,-0.386906183,-0.451554666,0.091789918,-0.711995432,6
-0.511226332,1.838447433,0.591216716,2.027833437,1.767302366,1.402283247,1.918779003,1.716375292,-0.057126873,0.788963442,-1.204681674,5
-0.511226332,-0.15865789,0.755595501,0.483921334,1.721047034,0.867351781,0.731154351,0.781583525,-2.226479732,0.091789918,-1.204681674,5
-1.941844564,0.440473707,-1.792275665,0.034427937,-0.129166238,-0.796879449,0.032551615,-0.153208241,1.126156504,0.963256823,-0.055080442,6
0.323300969,-0.358368423,0.015890969,-1.040447578,-0.036655575,-1.926179211,-1.760528742,-0.954458327,0.271562954,0.178936609,0.766063296,5
-1.107317262,0.839894771,-2.285412019,-0.981818005,0.934706393,-0.4996953,-0.270176237,-0.253364502,0.46877685,0.52752337,-0.958338553,5
-0.86888089,-0.358368423,-0.395055993,1.343821746,-0.314187566,0.807914951,-0.223602722,0.347573062,0.928942608,-0.256796844,0.437605801,8
0.800173713,2.837000094,-1.792275665,0.777069202,2.322366347,-0.796879449,0.870874899,1.38252109,0.863204643,-0.343943534,-1.122567301,4
0.084864597,0.440473707,-0.806002955,-0.043744828,0.102110421,-0.261947982,2.058499551,0.514500163,0.271562954,1.137550204,-0.876224179,6
0.084864597,0.440473707,-0.806002955,-0.043744828,0.102110421,-0.261947982,2.058499551,0.514500163,0.271562954,1.137550204,-0.876224179,6
-1.345753634,0.34061844,-0.066298423,-1.020904387,-0.452953561,-0.737442619,-0.945492216,-0.854302066,-0.057126873,0.963256823,0.027033932,6
0.084864597,-0.458223689,0.673406109,2.272123327,0.194621084,-0.024200664,0.102411889,1.916687813,0.205824988,-0.605383606,-1.368910422,5
0.084864597,-0.458223689,0.673406109,2.272123327,0.194621084,-0.024200664,0.102411889,1.916687813,0.205824988,-0.605383606,-1.368910422,5
-0.034353588,-0.358368423,-0.066298423,-0.317349505,-0.267932234,-1.153500426,-0.200315964,-0.186593661,0.46877685,1.311843585,0.191262679,6
-1.107317262,0.140907908,-1.134760525,1.207019407,-0.036655575,0.570167633,1.103742478,1.015281467,0.928942608,-0.605383606,-0.794109806,5
-0.988099076,-1.057355286,-0.477245386,-0.375979078,-0.591719556,0.629604462,0.242132436,-0.286749922,1.586322262,0.004643228,0.355491427,6
-1.226535448,-1.356921084,-0.723813563,-0.375979078,-0.869251547,-0.083637493,0.009264857,-0.253364502,1.980750054,0.178936609,0.273377053,6
-0.86888089,-1.057355286,-0.477245386,-0.336892696,-0.406698229,0.213546655,-0.153742448,-0.353520763,1.454846331,-0.256796844,0.273377053,7
0.561737341,0.041052642,-0.723813563,1.070217069,0.33338708,-0.61856896,0.19555892,1.148823148,-0.583030596,1.137550204,-1.040452927,5
-1.584190006,0.740039505,-1.62789688,-0.278263122,0.009599757,0.748478121,1.359896814,-0.153208241,0.731728712,1.921870418,-0.137194816,5
-1.345753634,0.590256606,-1.62789688,-0.121917593,0.009599757,0.807914951,1.336610056,-0.153208241,0.731728712,1.921870418,-0.137194816,5
-1.584190006,-0.408296056,-0.395055993,-1.020904387,0.055855089,-0.143074323,-0.293462995,-1.054614588,0.994680573,0.091789918,0.437605801,7
-0.988099076,0.041052642,-0.723813563,1.265648981,0.379642412,-0.083637493,1.150315993,1.248979409,0.403038885,-0.518236915,-1.204681674,4
-0.749662704,-0.657934221,-0.066298423,1.461080893,0.009599757,1.937214714,0.917448415,0.981896047,1.126156504,0.091789918,-0.055080442,6
-0.630444518,-0.358368423,-0.477245386,0.992044305,0.194621084,-0.083637493,0.544860288,0.915125206,0.797466677,-0.343943534,-0.794109806,5
-0.630444518,-0.358368423,-0.395055993,0.972501113,0.240876416,-0.202511152,0.614720562,0.881739786,0.797466677,-0.343943534,-0.794109806,5
-0.749662704,-0.15865789,-0.723813563,0.268946231,0.564663739,0.510730803,0.614720562,0.648041844,0.337300919,-0.692530296,-1.204681674,5
-0.511226332,0.540328973,3.139087882,-1.040447578,0.703429734,-1.688431893,0.265419194,-0.386906183,-0.648768562,0.701816751,-0.794109806,4
0.561737341,-1.706414515,0.015890969,1.128846643,0.194621084,1.283409588,0.148985404,1.048666887,-0.188602804,-1.041117058,-1.204681674,6
-1.107317262,0.440473707,-1.792275665,-0.102374402,-0.221676902,-0.083637493,1.173602751,0.0804897,-0.188602804,2.009017108,-0.383537937,5
0.204082783,-0.15865789,0.015890969,1.558796849,0.980961725,-0.024200664,1.150315993,1.48267735,-0.780244493,0.353229989,-1.122567301,7
0.204082783,-0.15865789,0.015890969,1.558796849,0.980961725,-0.024200664,1.150315993,1.48267735,-0.780244493,0.353229989,-1.122567301,7
0.204082783,-0.15865789,0.015890969,1.558796849,0.980961725,-0.024200664,1.150315993,1.48267735,-0.780244493,0.353229989,-1.122567301,7
0.204082783,-0.15865789,0.015890969,1.558796849,0.980961725,-0.024200664,1.150315993,1.48267735,-0.780244493,0.353229989,-1.122567301,7
-1.226535448,-0.358368423,-0.64162417,1.148389834,0.33338708,-0.083637493,-0.13045569,1.015281467,0.994680573,-0.343943534,-0.794109806,6
-0.511226332,-0.657934221,0.262459146,-0.766842902,0.102110421,2.056088373,-0.037308659,-0.820916646,0.928942608,2.27045718,0.766063296,7
0.919391899,-0.058802624,0.098080362,-0.219633549,-0.730485552,-0.321384812,-0.526330574,-0.720760385,-0.517292631,-0.605383606,1.422978285,6
2.469228317,-0.058802624,0.098080362,-0.297806313,-0.822996215,-0.4996953,-1.038639248,-0.320135342,-0.977458389,-0.779676987,0.683948922,6
0.442519155,0.640184239,-1.052571133,-0.630040563,0.194621084,-1.272374085,-0.083882174,-0.186593661,0.403038885,-0.431090225,-0.219309189,5
-0.392008146,-0.058802624,-0.723813563,-0.649583755,0.287131748,0.332420314,1.127029235,-0.887687486,0.337300919,-0.779676987,0.683948922,5
-0.153571774,0.140907908,-1.463518095,-0.981818005,-0.360442897,5.176521928,2.209863477,-0.653989545,-0.254340769,-0.169650153,-0.383537937,4
0.204082783,0.041052642,-0.64162417,-0.884102049,0.148365752,-1.391247745,-1.248220068,-0.253364502,-0.254340769,-0.953970368,-0.876224179,5
-0.153571774,-0.258513156,0.015890969,1.480624084,-0.637974888,0.689041292,-0.153742448,0.347573062,1.19189447,0.091789918,1.422978285,7
0.084864597,2.93685536,-1.956654449,0.366662187,2.229855684,-0.737442619,1.127029235,1.015281467,1.389108366,-0.169650153,-1.040452927,4
0.204082783,0.041052642,-0.64162417,-0.884102049,0.148365752,-1.391247745,-1.248220068,-0.253364502,-0.254340769,-0.953970368,-0.876224179,5
0.204082783,-1.057355286,0.344648539,0.190773466,0.287131748,0.807914951,0.987308688,0.547885584,1.060418539,0.266083299,-0.711995432,6
1.038610085,0.041052642,-0.97038174,-0.981818005,0.472153075,-0.678005789,-0.223602722,0.0804897,0.600252781,-0.082503463,-0.794109806,5
-0.153571774,-0.558078955,0.262459146,-0.923188431,-0.452953561,0.154109825,1.290036541,-1.121385428,1.060418539,2.009017108,1.669321407,6
0.204082783,-1.057355286,0.344648539,0.190773466,0.287131748,0.807914951,0.987308688,0.547885584,1.060418539,0.266083299,-0.711995432,6
-0.988099076,-1.356921084,-0.723813563,-1.001361196,0.055855089,0.094672996,0.777727867,-0.553833284,1.060418539,-0.256796844,-0.383537937,6
-0.630444518,-0.358368423,1.330921248,1.011587496,0.055855089,1.461720077,1.662624667,0.814968946,-0.057126873,0.701816751,-0.958338553,5
1.038610085,1.439026368,-0.64162417,0.542550907,0.564663739,-0.083637493,1.383183572,1.015281467,-0.320078735,0.52752337,-0.958338553,6
-0.392008146,0.041052642,0.180269754,-0.923188431,-0.360442897,-0.796879449,-0.8989187,-0.987843747,0.665990746,0.701816751,0.930292043,6
0.204082783,0.440473707,0.015890969,1.57834004,-0.314187566,0.629604462,0.242132436,0.280802222,1.257632435,0.091789918,1.669321407,8
-0.27278996,0.34061844,-0.312866601,-0.845015666,-0.360442897,-1.034626767,-0.223602722,-0.453677023,1.126156504,1.224696894,0.109148306,6
-0.630444518,0.440473707,1.330921248,0.835698775,0.055855089,1.283409588,1.546190877,0.881739786,-0.714506527,0.963256823,-0.876224179,5
-0.988099076,0.041052642,-0.723813563,0.09305751,0.472153075,0.510730803,1.429757088,0.447729323,0.008611092,-0.779676987,-1.122567301,6
-1.226535448,0.140907908,-0.723813563,1.08976026,0.518408407,0.748478121,1.965352519,1.315750249,0.271562954,-0.692530296,-1.204681674,6
-1.345753634,0.440473707,0.344648539,-0.3271211,-0.591719556,-0.737442619,-1.061926005,-1.054614588,1.520584297,-0.605383606,1.094520791,7
-1.345753634,0.440473707,0.344648539,-0.3271211,-0.591719556,-0.737442619,-1.061926005,-1.054614588,1.520584297,-0.605383606,1.094520791,7
-1.46497182,0.440473707,0.344648539,-0.3271211,-0.591719556,-0.737442619,-1.061926005,-1.054614588,1.520584297,-0.605383606,1.094520791,7
-0.27278996,0.041052642,-1.62789688,-0.981818005,-0.129166238,1.699467395,0.451713257,-0.720760385,-0.122864839,-0.866823677,-0.383537937,5
-0.153571774,0.640184239,2.892519705,-1.001361196,0.564663739,-1.391247745,0.731154351,-0.353520763,-0.845982458,-0.169650153,-0.629881058,5
-1.226535448,-0.258513156,-0.723813563,0.952957922,0.287131748,-0.321384812,0.591433804,0.948510626,0.337300919,-0.431090225,-0.794109806,6
-0.630444518,-0.058802624,-0.148487816,-0.375979078,8.983134127,1.521156906,0.801014625,0.214031381,-0.451554666,-0.082503463,-0.876224179,5
1.396264643,1.838447433,-0.230677208,-0.923188431,0.287131748,0.867351781,1.010595446,-0.620604125,-1.043196354,-0.605383606,0.601834548,5
-0.86888089,0.839894771,-0.64162417,1.324278555,0.240876416,1.105099099,1.429757088,1.148823148,0.403038885,-0.256796844,-1.204681674,5
-0.153571774,-0.558078955,0.098080362,-0.180547166,-0.129166238,-0.856316278,-0.596190848,-0.119822821,0.731728712,0.353229989,0.191262679,7
-0.153571774,3.935408022,-0.312866601,1.285192172,11.29590072,-0.796879449,1.243463025,1.41590651,-0.714506527,1.573283656,-1.204681674,4
0.323300969,0.041052642,-0.312866601,0.835698775,-0.082910907,1.521156906,1.918779003,1.015281467,-0.320078735,0.091789918,-1.122567301,6
-0.27278996,-1.057355286,0.262459146,-0.864558858,-0.314187566,-0.083637493,-0.340036511,-0.653989545,0.46877685,0.963256823,0.273377053,7
-0.034353588,-0.757789487,0.015890969,-0.884102049,-0.129166238,-0.61856896,-0.083882174,-0.219979082,0.797466677,0.963256823,-0.301423563,4
-0.988099076,0.839894771,-1.463518095,-0.004658446,-0.406698229,0.035236166,1.359896814,0.0804897,-0.122864839,1.137550204,-0.465652311,6
-1.107317262,0.839894771,-1.463518095,-0.024201637,-0.452953561,0.035236166,1.196889509,0.01371886,-0.122864839,1.137550204,-0.547766684,5
-1.226535448,0.939750037,-1.62789688,-0.024201637,-0.452953561,-0.083637493,1.057168962,0.0804897,-0.122864839,1.224696894,-0.547766684,5
0.800173713,0.140907908,1.988436388,2.164635775,-0.221676902,0.92678861,1.988639277,1.849916973,-0.188602804,1.486136965,-0.794109806,6
-0.749662704,0.640184239,-0.477245386,1.617426422,0.055855089,0.807914951,1.359896814,1.182208568,0.271562954,-0.256796844,-0.794109806,5
-0.27278996,-0.857644753,0.015890969,-1.059990769,-1.100528206,-0.796879449,-1.061926005,-0.987843747,0.271562954,0.701816751,0.519720174,6
0.680955527,0.34061844,1.413110641,1.636969613,-0.314187566,1.580593736,1.499617362,1.349135669,-0.845982458,0.963256823,-0.794109806,5
0.680955527,0.34061844,1.413110641,1.636969613,-0.314187566,1.580593736,1.499617362,1.349135669,-0.845982458,0.963256823,-0.794109806,5
0.561737341,0.34061844,1.166542463,1.519710466,-0.17542157,1.580593736,1.499617362,1.38252109,-0.845982458,0.876110132,-0.876224179,5
1.753919201,1.239315836,2.974709097,1.304735363,-0.17542157,-0.380821641,1.336610056,1.282364829,-0.845982458,1.311843585,-0.629881058,5
-1.226535448,0.640184239,-0.97038174,-0.786386093,-0.730485552,-0.975189937,-0.107168932,-1.588781311,1.454846331,2.531897251,2.818922639,7
-0.392008146,1.039605303,-1.29913931,-1.020904387,-0.17542157,-0.915753108,-1.294793584,-0.487062444,0.205824988,-0.343943534,-0.301423563,4
-0.630444518,0.540328973,-0.477245386,-1.040447578,-0.360442897,-0.321384812,-0.689337879,-0.820916646,-0.451554666,-0.605383606,0.027033932,6
-1.584190006,-0.258513156,-0.64162417,-0.551867799,-0.406698229,-1.034626767,-0.57290409,-1.254927109,1.520584297,0.091789918,1.75143578,6
1.992355573,-0.058802624,1.002163678,-0.063288019,-0.637974888,-1.331810915,-2.296124173,-0.386906183,-1.96352787,-1.302557129,0.355491427,5
-0.86888089,0.34061844,-1.052571133,-0.024201637,-0.221676902,0.867351781,1.825631972,-0.01966656,-0.254340769,0.963256823,-0.383537937,5
0.323300969,-0.957500019,0.919974286,-0.395522269,0.009599757,1.283409588,0.614720562,0.04710428,-0.3858167,1.137550204,0.601834548,6
0.919391899,-0.757789487,0.837784893,1.461080893,0.194621084,0.510730803,-0.223602722,1.46598464,-0.517292631,-0.082503463,-0.383537937,6
-0.86888089,1.938302699,-1.052571133,-1.059990769,-0.082910907,-1.331810915,-0.968778974,-0.236671792,-0.320078735,-0.256796844,-1.040452927,5
-0.988099076,-0.258513156,-0.806002955,1.109303452,0.009599757,0.92678861,0.754441109,1.282364829,1.060418539,-0.343943534,-0.794109806,5
1.515482829,-0.058802624,0.755595501,-0.942731622,-0.499208893,-0.261947982,-0.270176237,-0.854302066,-0.583030596,0.091789918,1.505092659,6
1.515482829,-0.058802624,0.755595501,-0.942731622,-0.499208893,-0.261947982,-0.270176237,-0.854302066,-0.583030596,0.091789918,1.505092659,6
-0.630444518,0.34061844,0.426837931,0.210316657,-0.267932234,1.283409588,1.709198182,0.197338671,0.863204643,-0.518236915,-0.383537937,5
-1.107317262,1.13946057,-0.64162417,-0.727756519,-0.360442897,0.213546655,1.103742478,-0.303442632,1.454846331,0.091789918,0.273377053,6
-0.86888089,-0.657934221,-0.559434778,-0.923188431,-0.360442897,0.332420314,0.242132436,-0.286749922,1.980750054,1.921870418,0.027033932,7
0.919391899,1.439026368,-0.230677208,0.542550907,0.102110421,-0.796879449,1.895492246,0.915125206,-0.845982458,1.050403513,-1.040452927,6
0.084864597,-0.058802624,0.591216716,2.408925665,-0.17542157,-0.083637493,0.405139741,2.016844074,-1.503362112,0.091789918,-1.122567301,5
-0.86888089,-0.657934221,-0.559434778,-0.923188431,-0.360442897,0.332420314,0.242132436,-0.286749922,1.980750054,1.921870418,0.027033932,7
0.561737341,0.140907908,1.330921248,-0.90364524,-0.17542157,-0.024200664,-0.293462995,-0.153208241,1.717798193,0.091789918,-0.219309189,7
-0.392008146,0.140907908,0.837784893,0.503464525,0.33338708,1.580593736,0.894161657,0.898432496,-1.10893432,-0.343943534,-1.286796048,5
-1.107317262,0.240763174,0.837784893,-0.962274813,0.009599757,-1.212937256,0.987308688,0.130567831,2.04648802,0.266083299,-0.055080442,5
-0.034353588,0.34061844,0.015890969,-0.942731622,-0.637974888,-0.737442619,-0.270176237,-0.820916646,1.19189447,-0.169650153,1.012406417,6
-0.392008146,0.540328973,-0.230677208,-1.001361196,-1.19303887,-0.380821641,-1.178359795,-1.271619819,0.46877685,-0.431090225,1.587207033,8
1.038610085,0.240763174,0.509027324,-0.90364524,-0.822996215,-0.737442619,-0.409896785,-0.921072907,-0.320078735,-0.866823677,0.355491427,7
-0.630444518,1.13946057,-1.052571133,-1.020904387,-0.221676902,-0.024200664,-0.083882174,-0.637296835,-0.254340769,-0.256796844,-0.219309189,5
-0.630444518,-0.358368423,-0.230677208,-0.708213328,-0.360442897,0.332420314,-0.596190848,-0.870994776,1.19189447,1.486136965,1.012406417,7
0.084864597,-0.657934221,0.015890969,0.308032613,0.518408407,-0.975189937,-0.8989187,0.414343903,-1.306148216,0.876110132,-0.876224179,5
-0.630444518,-1.157210552,-0.230677208,-0.219633549,-0.129166238,0.391857144,0.405139741,0.130567831,1.060418539,-0.169650153,0.027033932,5
-1.107317262,0.540328973,-0.559434778,-1.099077152,6.439090878,-1.391247745,1.127029235,-0.587218704,-0.451554666,1.137550204,-0.876224179,5
-0.511226332,-0.458223689,-0.066298423,1.441537702,-0.17542157,-0.61856896,-0.014021901,0.931817916,1.060418539,0.614670061,-0.055080442,6
-0.86888089,-0.258513156,1.166542463,0.698896437,-0.082910907,2.53158301,2.337940645,0.798276235,0.403038885,-0.169650153,-0.794109806,6
2.230791945,0.041052642,0.919974286,-0.08283121,-1.100528206,-1.272374085,-2.10983011,-0.253364502,-1.174672285,-1.38970382,0.519720174,7
-0.392008146,-0.258513156,-0.312866601,1.558796849,0.287131748,0.272983485,1.010595446,1.282364829,-1.10893432,0.091789918,-1.122567301,6
-0.034353588,1.039605303,-0.723813563,0.659810054,-0.267932234,-0.440258471,1.196889509,0.981896047,0.600252781,1.050403513,-1.040452927,5
-0.630444518,-0.258513156,-0.312866601,-0.180547166,-0.360442897,-1.212937256,-0.24688948,0.214031381,-0.320078735,0.004643228,-0.711995432,6
-0.392008146,-0.258513156,-0.312866601,1.558796849,0.287131748,0.272983485,1.010595446,1.282364829,-1.10893432,0.091789918,-1.122567301,6
-0.034353588,1.039605303,-0.723813563,0.659810054,-0.267932234,-0.440258471,1.196889509,0.981896047,0.600252781,1.050403513,-1.040452927,5
0.204082783,-0.657934221,-0.230677208,-0.512781416,-1.146783538,0.272983485,0.055838373,-0.670682255,-0.122864839,-0.866823677,0.273377053,7
-0.630444518,-0.258513156,-0.312866601,-0.180547166,-0.360442897,-1.212937256,-0.24688948,0.214031381,-0.320078735,0.004643228,-0.711995432,6
-0.034353588,1.13946057,0.509027324,-0.356435887,-1.100528206,-1.807305552,-2.808432847,-0.887687486,0.797466677,-1.041117058,1.75143578,3
-1.345753634,-0.757789487,-0.312866601,-0.962274813,-0.68423022,-0.856316278,-1.923536047,-1.004536457,1.652060227,0.52752337,0.437605801,6
0.084864597,-0.757789487,0.262459146,-0.864558858,-0.730485552,-0.55913213,-0.083882174,-0.320135342,0.600252781,1.050403513,-0.219309189,6
-1.226535448,-0.15865789,-0.723813563,1.187476216,-0.545464225,0.154109825,0.288705952,1.182208568,0.928942608,-0.518236915,-0.876224179,5
0.561737341,1.039605303,-0.559434778,0.210316657,-0.221676902,-0.678005789,0.475000015,0.397651193,-0.122864839,-0.518236915,-0.383537937,5
0.561737341,-0.757789487,10.86489077,-0.845015666,-1.100528206,-0.083637493,-0.619477606,-0.837609356,0.46877685,0.52752337,1.422978285,6
0.084864597,-0.657934221,0.015890969,0.405748569,-0.591719556,-0.261947982,2.640668498,0.380958482,0.205824988,0.614670061,0.027033932,6
0.323300969,0.140907908,0.509027324,0.229859849,-1.008017543,1.223972758,0.870874899,-0.453677023,-0.977458389,-1.47685051,0.848177669,6
-0.034353588,-0.957500019,0.344648539,0.327575804,0.148365752,0.510730803,0.847588141,0.547885584,0.731728712,0.44037668,-0.547766684,6
0.442519155,0.240763174,0.673406109,0.181001871,-0.961762211,0.92678861,0.824301383,-0.453677023,-0.977458389,-1.47685051,0.766063296,6
0.323300969,0.140907908,0.509027324,0.229859849,-1.008017543,1.223972758,0.870874899,-0.453677023,-0.977458389,-1.47685051,0.848177669,6
-0.034353588,-0.757789487,1.330921248,0.698896437,-0.452953561,2.53158301,0.63800732,0.748198105,-0.254340769,0.52752337,-0.219309189,6
-0.27278996,-0.757789487,0.673406109,1.480624084,-0.360442897,2.828767158,0.475000015,1.51606277,-0.188602804,0.091789918,-0.876224179,6
0.084864597,-0.657934221,0.015890969,0.405748569,-0.591719556,-0.261947982,2.640668498,0.380958482,0.205824988,0.614670061,0.027033932,6
-1.226535448,0.740039505,1.084353071,-0.825472475,2.969940992,-1.272374085,-0.037308659,-0.320135342,-0.648768562,0.091789918,-1.122567301,5
0.204082783,0.041052642,0.837784893,-0.90364524,-0.637974888,-0.202511152,-0.759198153,-1.154770848,0.403038885,-0.082503463,1.422978285,7
-1.345753634,-0.258513156,-0.477245386,0.91387154,0.472153075,0.570167633,0.824301383,1.132130438,1.520584297,-0.518236915,-0.794109806,5
-0.153571774,-0.558078955,0.262459146,1.715142378,0.240876416,1.937214714,0.894161657,1.733068002,1.389108366,3.141924084,-0.958338553,6
0.204082783,-1.356921084,0.509027324,-1.020904387,0.240876416,1.164535929,-0.083882174,-0.320135342,0.731728712,4.100537679,-0.547766684,7
0.204082783,-1.45677635,0.509027324,-1.020904387,0.055855089,1.105099099,-0.13045569,-0.320135342,0.731728712,4.18768437,-0.547766684,7
-0.034353588,-0.957500019,0.344648539,0.327575804,0.148365752,0.510730803,0.847588141,0.547885584,0.731728712,0.44037668,-0.547766684,6
0.084864597,-0.757789487,0.344648539,0.327575804,0.194621084,0.391857144,0.777727867,0.564578294,0.731728712,0.44037668,-0.547766684,6
-0.153571774,-0.358368423,1.248731856,2.516413216,0.518408407,1.164535929,2.50094795,2.133693045,-1.24041025,0.614670061,-1.451024796,5
-2.299499122,1.6387369,-2.449790804,2.379610878,-0.314187566,0.154109825,-0.270176237,1.44929193,1.19189447,0.701816751,-0.219309189,6
-0.749662704,0.240763174,-0.477245386,-0.278263122,-0.17542157,0.035236166,0.661294078,0.297494932,0.205824988,1.747577037,-0.794109806,6
0.323300969,-0.058802624,0.673406109,-0.942731622,0.194621084,-0.024200664,-0.107168932,-0.720760385,-1.634838043,-0.256796844,0.437605801,6
-0.27278996,2.237868497,2.39938335,1.363364937,1.489770375,2.709893499,2.29136713,1.549448191,-0.714506527,-0.431090225,-1.040452927,5
-0.153571774,-0.757789487,0.180269754,-0.942731622,-0.822996215,-1.688431893,-2.179690384,-0.804223936,0.140087023,0.963256823,0.355491427,6
-0.27278996,-1.656486882,0.015890969,0.464378143,-0.129166238,0.332420314,-0.619477606,0.681427265,1.520584297,-0.779676987,-0.958338553,7
-0.27278996,-1.656486882,0.015890969,0.464378143,-0.129166238,0.332420314,-0.619477606,0.681427265,1.520584297,-0.779676987,-0.958338553,7
-0.153571774,-1.556631616,-0.230677208,-0.23917674,-0.036655575,-0.380821641,-0.4564703,0.01371886,1.454846331,-0.256796844,-0.547766684,7
-0.392008146,-1.157210552,1.906246995,-1.040447578,3.895047629,1.342846418,0.009264857,-0.487062444,-0.451554666,-0.866823677,-0.958338553,7
-0.392008146,-0.657934221,2.152815173,-1.040447578,4.126324288,1.521156906,0.102411889,-0.487062444,-0.451554666,-0.866823677,-0.958338553,7
-0.988099076,-0.058802624,-0.312866601,2.008290246,-0.314187566,0.807914951,0.754441109,1.899995103,1.389108366,-0.343943534,-0.876224179,5
2.588446503,-0.058802624,0.919974286,0.816155584,-0.499208893,-0.440258471,-0.363323269,0.948510626,0.074349058,-0.256796844,-0.055080442,9
-0.630444518,-0.508151322,1.166542463,-0.825472475,3.201217652,-0.380821641,-0.829058427,-0.787531226,0.337300919,0.788963442,1.340863912,6
1.634701015,-1.356921084,0.919974286,-0.962274813,-0.314187566,-1.034626767,-0.968778974,-0.670682255,-1.10893432,0.614670061,0.437605801,6
0.323300969,-0.458223689,-1.216949918,1.42199451,0.287131748,0.689041292,1.336610056,1.49937006,-0.451554666,0.353229989,-1.204681674,5
-0.034353588,-0.558078955,0.262459146,1.676055996,0.33338708,1.402283247,0.894161657,1.682989872,1.19189447,2.880484013,-0.794109806,7
1.396264643,-1.057355286,0.837784893,1.500167275,0.33338708,0.451293973,0.125698647,2.150385755,0.600252781,2.27045718,-1.368910422,8
-1.107317262,1.189388203,-2.778548374,-0.981818005,-0.17542157,-1.688431893,-1.970109563,-0.937765617,1.19189447,-0.953970368,0.601834548,4
1.038610085,0.140907908,-0.97038174,0.601180481,0.472153075,0.510730803,1.709198182,0.998588757,-0.714506527,1.050403513,-0.958338553,6
-0.034353588,-0.558078955,0.262459146,1.676055996,0.33338708,1.402283247,0.894161657,1.682989872,1.19189447,2.880484013,-0.794109806,7
1.396264643,-1.057355286,0.837784893,1.500167275,0.33338708,0.451293973,0.125698647,2.150385755,0.600252781,2.27045718,-1.368910422,8
0.323300969,-0.458223689,-1.216949918,1.42199451,0.287131748,0.689041292,1.336610056,1.49937006,-0.451554666,0.353229989,-1.204681674,5
0.800173713,0.240763174,-0.559434778,0.816155584,-0.314187566,-0.261947982,-0.479757058,1.332442959,0.534514816,-1.651143891,-0.958338553,6
0.919391899,0.640184239,-0.477245386,0.894328349,-0.267932234,-0.261947982,-0.526330574,1.332442959,0.534514816,-1.738290582,-1.040452927,6
0.919391899,0.640184239,-0.477245386,0.894328349,-0.267932234,-0.261947982,-0.526330574,1.332442959,0.534514816,-1.738290582,-1.040452927,6
-1.345753634,0.640184239,-1.463518095,0.112600701,-0.406698229,-0.55913213,-0.549617332,0.247416802,1.783536158,-0.343943534,-0.383537937,7
0.800173713,0.240763174,-0.559434778,0.816155584,-0.314187566,-0.261947982,-0.479757058,1.332442959,0.534514816,-1.651143891,-0.958338553,6
0.919391899,0.640184239,-0.477245386,0.894328349,-0.267932234,-0.261947982,-0.526330574,1.332442959,0.534514816,-1.738290582,-1.040452927,6
-1.226535448,-0.358368423,-0.312866601,-0.864558858,-0.591719556,-0.440258471,-1.108499521,-0.637296835,1.3233704,1.747577037,0.355491427,7
-0.630444518,1.838447433,-2.121033234,-0.297806313,0.009599757,-0.083637493,0.102411889,0.097182411,-0.583030596,0.614670061,-0.383537937,5
-1.226535448,-0.358368423,-0.312866601,-0.864558858,-0.591719556,-0.440258471,-1.108499521,-0.637296835,1.3233704,1.747577037,0.355491427,7
0.561737341,0.440473707,-0.559434778,-0.981818005,0.148365752,0.154109825,0.777727867,-0.270057212,-1.043196354,0.266083299,-0.958338553,5
0.323300969,0.34061844,-0.64162417,0.171230275,0.194621084,0.094672996,0.405139741,0.698119975,-0.648768562,-0.518236915,-1.204681674,5
1.038610085,1.439026368,-0.888192348,0.464378143,0.379642412,0.391857144,1.755771698,0.981896047,-1.10893432,0.788963442,-1.040452927,6
-0.034353588,-0.358368423,-0.066298423,1.187476216,0.009599757,0.689041292,0.31199271,1.38252109,0.600252781,2.444750561,-0.711995432,6
-1.822626378,-0.957500019,-0.806002955,-0.317349505,-0.221676902,-0.321384812,-0.619477606,0.097182411,1.520584297,-0.779676987,-0.876224179,6
-1.107317262,-0.957500019,-0.230677208,-0.981818005,-0.452953561,-1.272374085,-1.504374405,-1.104692718,0.994680573,0.788963442,0.519720174,8
1.038610085,-0.058802624,1.988436388,0.933414731,-0.452953561,0.510730803,0.498286773,1.182208568,-0.845982458,-0.692530296,-1.286796048,6
-1.107317262,0.041052642,1.248731856,0.073514319,0.102110421,1.521156906,1.918779003,0.380958482,0.008611092,-0.169650153,-0.958338553,5
-0.153571774,1.13946057,0.098080362,1.011587496,-0.082910907,1.283409588,1.872205488,1.198901278,-0.780244493,0.353229989,-0.958338553,5
-0.392008146,-0.657934221,-0.230677208,0.972501113,-0.314187566,0.629604462,0.591433804,1.265672119,1.454846331,-0.431090225,-0.547766684,7
0.442519155,0.440473707,0.015890969,0.034427937,-0.637974888,-0.678005789,-0.642764364,0.297494932,0.205824988,-0.256796844,-0.547766684,6
1.038610085,-0.058802624,1.988436388,0.933414731,-0.452953561,0.510730803,0.498286773,1.182208568,-0.845982458,-0.692530296,-1.286796048,6
-0.630444518,0.34061844,-0.64162417,1.324278555,0.009599757,1.283409588,1.522904119,1.115437728,-0.122864839,-0.692530296,-0.711995432,5
-0.86888089,0.140907908,-0.64162417,1.304735363,0.009599757,1.164535929,1.499617362,1.098745018,-0.188602804,-0.692530296,-0.711995432,6
-1.107317262,1.13946057,-1.381328702,1.08976026,0.009599757,1.758904225,2.477661193,1.148823148,-0.254340769,-0.953970368,-1.204681674,6
-0.86888089,0.240763174,-0.64162417,1.363364937,0.009599757,1.283409588,1.546190877,1.198901278,-0.122864839,-0.518236915,-0.794109806,6
-1.107317262,0.041052642,1.248731856,0.073514319,0.102110421,1.521156906,1.918779003,0.380958482,0.008611092,-0.169650153,-0.958338553,5
-1.107317262,1.339171102,-2.367601412,-0.962274813,0.795940398,-1.094063597,-0.4564703,-0.320135342,0.140087023,0.614670061,-1.040452927,6
-0.630444518,0.740039505,-0.477245386,-1.040447578,0.425897743,-1.569558234,0.475000015,-0.03635927,1.520584297,0.091789918,-1.122567301,7
-0.511226332,-0.15865789,-0.148487816,1.969203863,-0.036655575,0.510730803,0.614720562,1.950073234,1.257632435,-0.256796844,-0.794109806,6
1.157828271,0.740039505,-0.806002955,1.793315143,1.212238384,0.510730803,2.081786309,1.232286698,-1.043196354,0.876110132,0.027033932,6
-0.86888089,0.240763174,-1.381328702,-0.708213328,-0.267932234,-0.678005789,-0.340036511,-0.086437401,-1.174672285,-0.256796844,-1.204681674,5
1.753919201,-0.957500019,0.673406109,-0.258719931,-0.452953561,-1.688431893,-1.457800889,-0.086437401,-0.188602804,0.266083299,1.012406417,5
-0.392008146,2.837000094,-0.97038174,0.483921334,-0.545464225,-0.4996953,-0.153742448,0.865047076,0.074349058,0.178936609,-1.122567301,5
-0.86888089,0.240763174,-1.381328702,-0.708213328,-0.267932234,-0.678005789,-0.340036511,-0.086437401,-1.174672285,-0.256796844,-1.204681674,5
-0.392008146,2.837000094,-0.97038174,0.483921334,-0.545464225,-0.4996953,-0.153742448,0.865047076,0.074349058,0.178936609,-1.122567301,5
-0.392008146,0.839894771,-0.395055993,-0.942731622,-1.146783538,-0.678005789,-1.271506826,-1.505317761,1.454846331,1.050403513,1.587207033,9
0.442519155,3.785625122,-1.134760525,0.737982819,1.165983052,-0.440258471,1.685911425,0.981896047,-1.503362112,0.788963442,-1.040452927,6
-0.153571774,-0.957500019,-1.052571133,-0.200090357,0.33338708,-0.083637493,-0.829058427,0.097182411,0.731728712,-0.518236915,-0.876224179,5
-0.27278996,-0.857644753,-0.888192348,-0.043744828,0.055855089,0.035236166,-0.526330574,0.113875121,0.994680573,-0.518236915,-0.711995432,6
1.753919201,-0.957500019,0.673406109,-0.258719931,-0.452953561,-1.688431893,-1.457800889,-0.086437401,-0.188602804,0.266083299,1.012406417,5
0.084864597,-0.657934221,0.262459146,0.151687084,-0.17542157,0.035236166,0.63800732,0.547885584,0.46877685,0.614670061,-0.547766684,6
-0.153571774,-0.258513156,0.344648539,0.327575804,0.009599757,-0.678005789,0.358566225,0.481114743,0.928942608,0.876110132,-0.219309189,6
0.561737341,-0.358368423,0.180269754,-0.864558858,-0.68423022,-0.4996953,-0.014021901,-1.204848979,0.600252781,-0.082503463,1.669321407,9
0.204082783,-1.157210552,0.180269754,0.835698775,-0.082910907,-0.915753108,-1.155073037,0.581271004,-0.188602804,-0.431090225,0.355491427,7
0.204082783,-1.157210552,0.180269754,-1.020904387,-0.129166238,-0.856316278,-1.155073037,-0.553833284,-0.188602804,-0.605383606,0.437605801,7
0.442519155,-0.707861854,-0.230677208,-0.923188431,0.657174402,-0.083637493,-0.689337879,0.714812685,3.492723259,1.747577037,0.027033932,6
0.561737341,-1.057355286,0.509027324,-0.180547166,-0.406698229,-0.083637493,0.498286773,-0.219979082,-0.911720423,1.137550204,0.848177669,4
0.442519155,0.240763174,0.015890969,-0.727756519,-0.082910907,-0.083637493,-0.735911395,-1.037921877,1.126156504,0.353229989,1.915664528,8
-0.034353588,-0.258513156,0.015890969,-1.001361196,-0.499208893,-0.4996953,-1.3413671,-1.238234399,-0.057126873,-0.431090225,1.422978285,6
0.442519155,-0.707861854,-0.230677208,-0.923188431,0.657174402,-0.083637493,-0.689337879,0.714812685,3.492723259,1.747577037,0.027033932,6
0.680955527,1.439026368,0.015890969,-0.41506546,-0.267932234,-0.083637493,-0.735911395,-0.870994776,-0.320078735,-0.343943534,1.915664528,8
0.442519155,-0.258513156,0.180269754,-0.845015666,-0.545464225,-0.321384812,0.870874899,-1.104692718,0.403038885,-0.779676987,1.176635164,8
0.442519155,-0.258513156,0.180269754,-0.845015666,-0.545464225,-0.321384812,0.870874899,-1.104692718,0.403038885,-0.779676987,1.176635164,8
0.442519155,-0.258513156,0.180269754,-0.845015666,-0.545464225,-0.321384812,0.870874899,-1.104692718,0.403038885,-0.779676987,1.176635164,8
0.680955527,0.640184239,0.098080362,-0.08283121,-0.545464225,-1.391247745,-0.316749753,-0.587218704,-0.188602804,-0.866823677,1.258749538,7
0.800173713,0.540328973,0.098080362,-0.024201637,-0.452953561,-1.391247745,-0.316749753,-0.587218704,-0.188602804,-0.866823677,1.258749538,7
2.111573759,-0.458223689,-0.148487816,1.363364937,-0.082910907,-0.024200664,0.684580836,1.866609683,-0.451554666,-0.169650153,-1.368910422,7
2.111573759,-0.458223689,-0.148487816,1.363364937,-0.082910907,-0.024200664,0.684580836,1.866609683,-0.451554666,-0.169650153,-1.368910422,7
-0.034353588,-0.857644753,0.098080362,-0.923188431,-0.452953561,-0.143074323,-0.8989187,-0.336828053,0.140087023,0.44037668,0.273377053,7
0.442519155,-0.657934221,-0.395055993,-0.942731622,-0.545464225,-0.380821641,-0.503043816,-0.820916646,0.731728712,0.091789918,0.437605801,8
0.442519155,-0.657934221,-0.395055993,-0.942731622,-0.545464225,-0.380821641,-0.503043816,-0.820916646,0.731728712,0.091789918,0.437605801,8
-0.392008146,-0.558078955,0.262459146,1.75422876,-0.499208893,1.580593736,0.31199271,1.43259922,-1.10893432,-0.779676987,-0.958338553,5
2.707664689,0.640184239,-0.559434778,-1.020904387,-0.915506879,-1.094063597,-1.550947921,-0.687374965,-0.714506527,-0.866823677,0.273377053,5
2.111573759,-0.458223689,-0.148487816,1.363364937,-0.082910907,-0.024200664,0.684580836,1.866609683,-0.451554666,-0.169650153,-1.368910422,7
-1.107317262,-0.757789487,-0.806002955,-0.90364524,-0.730485552,-0.321384812,-0.805771669,-1.088000008,0.797466677,-0.169650153,0.848177669,6
-0.034353588,-0.857644753,0.098080362,-0.923188431,-0.452953561,-0.143074323,-0.8989187,-0.336828053,0.140087023,0.44037668,0.273377053,7
1.515482829,1.039605303,1.248731856,1.402451319,-0.17542157,1.342846418,0.614720562,1.46598464,-0.583030596,0.44037668,-0.876224179,5
-0.034353588,-0.957500019,0.180269754,-1.001361196,-0.452953561,0.272983485,-0.526330574,-0.253364502,0.534514816,4.013390989,-0.794109806,7
0.919391899,0.640184239,1.988436388,0.91387154,-0.314187566,0.332420314,0.265419194,1.215593988,-0.845982458,0.004643228,-1.533139169,5
-0.034353588,-0.957500019,0.180269754,-1.001361196,-0.452953561,0.272983485,-0.526330574,-0.253364502,0.534514816,4.013390989,-0.794109806,7
0.561737341,-0.757789487,0.098080362,-0.845015666,-0.360442897,-0.321384812,-0.549617332,0.247416802,1.980750054,2.444750561,-0.137194816,7
1.515482829,1.039605303,1.248731856,1.402451319,-0.17542157,1.342846418,0.614720562,1.46598464,-0.583030596,0.44037668,-0.876224179,5
1.515482829,1.239315836,1.166542463,1.42199451,-0.17542157,1.402283247,0.684580836,1.48267735,-0.583030596,0.266083299,-0.876224179,5
-0.27278996,-0.558078955,0.426837931,0.737982819,-0.360442897,1.461720077,0.218845678,1.031974177,-0.122864839,0.44037668,-0.383537937,7
-0.392008146,0.240763174,-0.312866601,-0.317349505,5.745260901,1.461720077,0.614720562,0.147260541,-0.057126873,-0.169650153,-0.876224179,5
1.396264643,-0.058802624,0.098080362,-0.923188431,-0.730485552,0.154109825,-0.852345184,-0.537140574,0.205824988,1.224696894,-0.055080442,8
0.442519155,-0.258513156,0.673406109,1.519710466,-0.221676902,1.283409588,0.987308688,1.816531553,0.665990746,2.27045718,-1.122567301,7
-2.537935494,0.640184239,-2.778548374,0.014884746,-0.822996215,-0.143074323,0.544860288,-0.086437401,1.126156504,1.050403513,-0.465652311,6
-0.86888089,0.041052642,-0.066298423,-0.923188431,-0.776740884,-0.678005789,-0.666051121,-1.38846879,0.337300919,0.091789918,1.340863912,6
-2.537935494,0.540328973,-2.778548374,0.014884746,-0.822996215,-0.083637493,0.544860288,-0.153208241,1.060418539,1.050403513,-0.465652311,5
-0.988099076,-0.058802624,-0.066298423,-0.825472475,-1.146783538,-0.55913213,-0.526330574,-1.855864673,-0.451554666,-1.651143891,1.669321407,6
-0.034353588,-0.957500019,0.180269754,-1.001361196,-0.452953561,0.272983485,-0.526330574,-0.253364502,0.534514816,4.013390989,-0.794109806,7
1.038610085,-0.957500019,1.002163678,1.207019407,-0.17542157,0.332420314,0.079125131,1.950073234,0.337300919,2.35760387,-1.615253543,8
0.442519155,0.041052642,0.673406109,1.558796849,-0.267932234,0.807914951,0.777727867,1.749760712,0.600252781,2.880484013,-1.204681674,7
0.442519155,-0.358368423,-0.395055993,-1.020904387,-0.406698229,0.094672996,-0.992065732,-0.520447864,0.008611092,1.834723727,-0.301423563,6
-1.107317262,1.738592166,2.563762135,0.640266863,1.582281038,-1.450684574,0.451713257,0.481114743,-0.977458389,-0.082503463,-0.876224179,5
0.919391899,0.640184239,1.988436388,0.91387154,-0.314187566,0.332420314,0.265419194,1.215593988,-0.845982458,0.004643228,-1.533139169,5
-0.749662704,-0.15865789,-1.052571133,-0.473695034,-0.730485552,-0.678005789,-0.340036511,-0.887687486,-0.845982458,-1.302557129,0.191262679,6
4.019064735,-1.057355286,1.084353071,-0.981818005,-0.406698229,-1.807305552,-2.482418236,-0.086437401,-1.96352787,-1.825437272,-0.711995432,3
0.919391899,-1.257065818,-0.395055993,-1.001361196,-0.776740884,-1.510121404,-1.760528742,-0.320135342,1.060418539,-0.866823677,-0.301423563,5
0.204082783,-0.657934221,-0.148487816,-0.825472475,-0.406698229,-0.440258471,0.032551615,-0.386906183,0.074349058,0.701816751,-0.383537937,7
-0.034353588,0.839894771,0.015890969,-0.434608652,-1.285549533,1.283409588,-0.479757058,-1.45523963,0.600252781,-1.128263748,1.833550154,9
-1.107317262,0.041052642,0.015890969,-0.942731622,3.386238979,-0.143074323,-0.829058427,-0.687374965,0.008611092,-0.953970368,-0.219309189,6
-0.86888089,-1.157210552,1.659678818,-0.981818005,3.710026301,0.094672996,-0.689337879,-0.320135342,0.271562954,-1.041117058,-1.286796048,6
-0.034353588,-1.556631616,0.180269754,-0.825472475,-0.406698229,-1.034626767,-0.666051121,-0.754145805,1.454846331,2.880484013,1.176635164,8
0.204082783,-0.657934221,-0.148487816,-0.825472475,-0.406698229,-0.440258471,0.032551615,-0.386906183,0.074349058,0.701816751,-0.383537937,7
2.230791945,0.839894771,0.837784893,-0.884102049,-0.267932234,-1.569558234,-0.433183543,0.380958482,0.008611092,-0.082503463,-0.465652311,6
0.561737341,-0.15865789,0.755595501,-0.08283121,-1.100528206,-0.796879449,-0.340036511,-0.453677023,-0.3858167,0.52752337,0.848177669,6
0.561737341,-0.15865789,0.755595501,-0.08283121,-1.100528206,-0.796879449,-0.340036511,-0.453677023,-0.3858167,0.52752337,0.848177669,6
-0.153571774,-0.458223689,-0.395055993,1.128846643,-0.499208893,0.154109825,2.244793614,1.148823148,1.060418539,0.266083299,-0.547766684,6
-0.988099076,0.640184239,-0.559434778,-0.74729971,-1.008017543,-0.915753108,-0.805771669,-1.188156269,1.389108366,1.573283656,1.422978285,7
0.442519155,-0.15865789,-0.230677208,-0.942731622,-0.267932234,0.213546655,0.777727867,-0.787531226,0.008611092,0.178936609,0.766063296,6
-0.511226332,0.240763174,-0.148487816,-0.864558858,-0.082910907,-0.083637493,-1.155073037,-0.770838516,1.19189447,1.660430346,0.437605801,7
0.442519155,-0.15865789,-0.230677208,-0.942731622,-0.267932234,0.213546655,0.777727867,-0.787531226,0.008611092,0.178936609,0.766063296,6
-0.511226332,0.240763174,-0.148487816,-0.864558858,-0.082910907,-0.083637493,-1.155073037,-0.770838516,1.19189447,1.660430346,0.437605801,7
-2.299499122,0.34061844,-2.778548374,-0.004658446,0.009599757,0.451293973,0.614720562,-0.053051981,0.731728712,1.224696894,-0.465652311,6
-1.345753634,-0.15865789,-1.29913931,-1.020904387,-0.68423022,0.272983485,-0.596190848,-1.121385428,1.520584297,-0.779676987,0.437605801,7
-1.226535448,-0.15865789,-0.312866601,-1.059990769,-0.452953561,0.154109825,-0.596190848,-0.453677023,2.572391743,-0.082503463,-0.876224179,5
0.084864597,0.34061844,-0.395055993,-0.981818005,-0.406698229,-0.143074323,-0.270176237,-1.522010471,-0.451554666,-1.128263748,1.422978285,7
-1.345753634,-0.15865789,-1.29913931,-1.020904387,-0.68423022,0.272983485,-0.596190848,-1.121385428,1.520584297,-0.779676987,0.437605801,7
-1.584190006,-0.857644753,0.426837931,-1.040447578,-0.129166238,-1.094063597,-1.690668468,-0.787531226,0.271562954,0.353229989,-0.137194816,6
-0.153571774,-0.957500019,-0.477245386,0.444834951,0.055855089,0.98622544,2.384514161,0.347573062,0.205824988,0.353229989,0.027033932,6
0.084864597,0.140907908,-0.64162417,-0.942731622,-0.082910907,-1.391247745,-1.224933311,-0.620604125,-0.714506527,-0.256796844,0.027033932,6
-0.392008146,-0.15865789,-0.395055993,-0.981818005,-0.314187566,-1.331810915,-1.690668468,-0.887687486,-0.911720423,0.004643228,0.355491427,6
-0.153571774,-0.957500019,-0.477245386,0.405748569,0.055855089,0.98622544,2.384514161,0.347573062,0.205824988,0.353229989,0.027033932,6
-0.392008146,-0.757789487,0.344648539,0.288489422,0.287131748,-0.321384812,0.125698647,0.180645961,0.863204643,0.614670061,0.437605801,7
1.277046457,0.140907908,-0.395055993,1.324278555,0.009599757,-0.55913213,-0.619477606,1.38252109,0.403038885,-1.041117058,-0.629881058,6
-0.988099076,0.041052642,0.098080362,1.24610579,0.102110421,1.640030566,2.081786309,1.115437728,-0.714506527,-0.779676987,-1.286796048,5
-1.226535448,0.34061844,-0.312866601,0.24940304,0.055855089,1.461720077,1.546190877,0.280802222,0.074349058,-0.866823677,-0.711995432,6
-0.034353588,-0.657934221,-0.477245386,-0.786386093,0.472153075,0.807914951,0.451713257,0.0804897,-1.10893432,-0.169650153,-1.368910422,8
1.753919201,-0.857644753,0.673406109,-0.942731622,0.055855089,-1.569558234,-0.8989187,-0.053051981,-0.845982458,1.398990275,0.519720174,4
1.634701015,-0.058802624,0.919974286,-1.001361196,0.102110421,-1.628995063,-1.574234679,0.0804897,-0.714506527,1.050403513,-0.137194816,4
0.204082783,-0.258513156,0.426837931,-0.845015666,-0.452953561,-0.321384812,-0.363323269,-1.121385428,0.600252781,-0.518236915,1.422978285,8
1.277046457,-0.458223689,0.262459146,0.620723672,0.379642412,-0.737442619,0.451713257,1.265672119,0.863204643,-0.169650153,-0.547766684,4
0.680955527,-0.358368423,-0.230677208,1.285192172,0.148365752,0.629604462,1.802345214,1.44929193,-0.714506527,0.353229989,-1.368910422,5
-0.749662704,0.540328973,-1.134760525,-0.121917593,-0.267932234,-0.678005789,0.102411889,0.03041157,-0.254340769,1.224696894,-0.465652311,5
-0.86888089,0.540328973,-1.216949918,-0.161003975,-0.17542157,-0.796879449,0.079125131,0.03041157,-0.254340769,1.224696894,-0.465652311,5
-0.749662704,0.640184239,-1.216949918,-0.121917593,-0.221676902,-0.796879449,0.125698647,0.04710428,-0.254340769,1.224696894,-0.465652311,5
-1.345753634,0.140907908,-2.367601412,-1.099077152,-0.360442897,-1.450684574,-2.55227851,-0.587218704,1.126156504,-1.215410439,-1.040452927,5
1.277046457,0.440473707,-0.64162417,-1.020904387,0.194621084,-1.42096616,-1.201646553,0.147260541,0.337300919,-1.041117058,-0.794109806,4
-1.584190006,0.140907908,-2.367601412,-1.099077152,-0.360442897,-1.450684574,-2.55227851,-0.587218704,1.126156504,-1.215410439,-1.040452927,5
0.561737341,-1.45677635,0.426837931,-0.336892696,-0.17542157,0.035236166,-0.060595417,0.280802222,1.126156504,0.614670061,-0.137194816,7
0.919391899,0.240763174,-0.148487816,-0.942731622,-0.406698229,-0.737442619,-0.363323269,-0.754145805,-1.700576008,-1.38970382,0.437605801,6
0.084864597,-0.358368423,0.015890969,-0.981818005,-0.68423022,-0.4996953,-0.759198153,-1.38846879,-0.845982458,-0.866823677,1.176635164,6
1.992355573,-0.957500019,0.509027324,-1.040447578,-0.267932234,-0.915753108,-0.759198153,-0.620604125,-1.634838043,-1.47685051,-0.219309189,7
0.084864597,-1.656486882,-0.148487816,-0.356435887,0.518408407,1.402283247,0.102411889,0.481114743,2.375177847,-0.431090225,-0.876224179,7
0.919391899,0.440473707,2.317193957,0.816155584,-0.452953561,1.223972758,0.31199271,1.215593988,-0.3858167,-0.431090225,-1.286796048,6
0.919391899,0.440473707,2.317193957,0.816155584,-0.452953561,1.223972758,0.31199271,1.215593988,-0.3858167,-0.431090225,-1.286796048,6
-0.511226332,-0.15865789,-0.559434778,1.265648981,-0.082910907,1.996651543,1.755771698,0.848354366,-0.122864839,-0.518236915,-0.383537937,6
1.157828271,0.041052642,0.591216716,-0.864558858,-0.082910907,0.867351781,0.288705952,-0.253364502,1.717798193,0.004643228,0.191262679,8
-0.749662704,-0.058802624,-0.888192348,-0.688670137,0.055855089,-1.331810915,-0.922205458,-0.186593661,0.600252781,-0.518236915,-0.547766684,5
-1.822626378,3.186493525,-1.956654449,-0.708213328,-0.17542157,-0.55913213,-1.387940616,-0.320135342,1.126156504,-0.953970368,-0.958338553,5
-0.27278996,-0.258513156,-0.066298423,-0.688670137,0.518408407,0.98622544,0.777727867,-0.253364502,-1.10893432,-0.082503463,-0.794109806,7
-0.511226332,-0.258513156,0.098080362,1.08976026,0.425897743,0.689041292,0.917448415,1.282364829,2.572391743,-0.169650153,-0.383537937,5
-0.988099076,0.839894771,1.988436388,1.676055996,-0.082910907,0.391857144,-0.57290409,1.215593988,-0.254340769,0.178936609,-1.204681674,5
0.919391899,-1.057355286,1.495300033,-0.102374402,-1.331804865,-0.856316278,-1.294793584,-0.420291603,-0.320078735,-0.779676987,1.176635164,7
-0.630444518,-0.15865789,0.755595501,1.207019407,-0.591719556,1.699467395,2.105073066,1.082052307,-0.714506527,-0.953970368,-1.286796048,5
-0.511226332,-0.15865789,-0.477245386,1.187476216,0.009599757,2.650456669,1.988639277,0.898432496,-0.057126873,-0.692530296,-0.383537937,6
-1.226535448,0.140907908,-0.066298423,0.190773466,-0.406698229,1.342846418,1.522904119,0.264109512,0.46877685,-0.692530296,-0.711995432,5
-0.86888089,0.041052642,0.755595501,1.285192172,-0.314187566,1.699467395,2.17493334,1.098745018,-0.714506527,-0.953970368,-1.286796048,5
-0.988099076,-0.058802624,0.837784893,0.053971128,-0.221676902,1.521156906,2.105073066,0.297494932,-0.451554666,-0.779676987,-1.286796048,5
-0.630444518,1.538881634,-0.148487816,-0.981818005,0.102110421,-1.510121404,-1.690668468,-0.720760385,-0.714506527,-0.692530296,0.766063296,5
-0.988099076,0.839894771,1.988436388,1.676055996,-0.082910907,0.391857144,-0.57290409,1.215593988,-0.254340769,0.178936609,-1.204681674,5
-0.86888089,0.740039505,-0.395055993,0.171230275,-0.082910907,1.223972758,2.431087677,0.481114743,1.126156504,0.52752337,-0.383537937,6
0.919391899,-0.358368423,-0.395055993,1.734685569,-0.082910907,0.213546655,1.266749783,1.349135669,-0.845982458,-0.169650153,-0.711995432,7
-0.86888089,0.640184239,-0.477245386,0.210316657,-0.545464225,0.272983485,1.336610056,0.230724091,-0.320078735,0.963256823,-0.629881058,5
-0.749662704,-0.058802624,1.002163678,1.040902282,-0.406698229,1.521156906,1.685911425,0.981896047,0.403038885,0.353229989,-0.794109806,6
-1.822626378,1.389098735,-1.216949918,-0.942731622,-0.314187566,-0.4996953,-1.201646553,-0.503755154,2.309439881,-0.692530296,-0.383537937,7
-0.034353588,2.038157965,0.180269754,-0.57141099,-0.730485552,-0.261947982,-0.107168932,-1.254927109,-0.320078735,-0.953970368,1.422978285,7
-0.511226332,-0.957500019,-0.066298423,0.308032613,0.240876416,-1.153500426,-0.200315964,0.781583525,0.600252781,-0.431090225,-1.451024796,7
-0.27278996,-1.257065818,-0.395055993,-0.278263122,0.564663739,-0.440258471,-0.805771669,0.147260541,2.177963951,-0.431090225,-0.219309189,7
1.515482829,0.690111872,5.44039087,2.301438114,0.055855089,1.164535929,1.522904119,1.833224263,-1.503362112,-0.518236915,-0.711995432,5
1.873137387,-1.157210552,0.098080362,-0.942731622,-0.314187566,-0.678005789,0.172272162,-0.219979082,-1.503362112,-1.128263748,-0.383537937,5
-0.153571774,4.284901453,-0.723813563,-0.630040563,0.102110421,-1.510121404,-1.923536047,0.614656424,1.126156504,0.266083299,-0.794109806,4
0.442519155,-0.258513156,0.426837931,-0.004658446,-0.545464225,-1.628995063,-1.294793584,0.01371886,-0.057126873,-0.256796844,0.848177669,5
0.800173713,0.690111872,-0.64162417,-0.884102049,-0.129166238,-1.212937256,-0.13045569,-0.186593661,-0.714506527,-0.953970368,-0.794109806,5
0.800173713,-0.558078955,0.015890969,0.640266863,-0.499208893,-0.55913213,0.079125131,0.781583525,-0.714506527,0.004643228,-0.547766684,6
-0.511226332,-1.057355286,-0.066298423,-0.981818005,-0.822996215,-1.272374085,-0.945492216,-0.453677023,0.271562954,0.52752337,-0.301423563,6
1.515482829,-0.458223689,0.262459146,-1.001361196,-0.17542157,0.213546655,-0.526330574,-0.453677023,-1.306148216,-1.128263748,-0.383537937,5
0.800173713,-0.558078955,0.015890969,0.640266863,-0.499208893,-0.55913213,0.079125131,0.781583525,-0.714506527,0.004643228,-0.547766684,6
0.800173713,0.690111872,-0.64162417,-0.884102049,-0.129166238,-1.212937256,-0.13045569,-0.186593661,-0.714506527,-0.953970368,-0.794109806,5
0.680955527,0.440473707,-0.64162417,-0.90364524,-0.17542157,-1.331810915,-0.153742448,-0.119822821,-0.780244493,-0.953970368,-0.794109806,5
-0.392008146,-0.458223689,-0.148487816,-1.07953396,-0.221676902,-0.61856896,-1.411227374,-0.520447864,1.3233704,0.44037668,-0.219309189,7
-0.392008146,-0.757789487,-0.148487816,-1.040447578,-0.314187566,-0.61856896,-1.434514132,-0.520447864,1.3233704,0.44037668,-0.219309189,7
0.442519155,-0.358368423,0.015890969,1.75422876,0.194621084,0.154109825,0.801014625,1.38252109,-1.043196354,-0.605383606,-1.204681674,6
0.442519155,-0.358368423,0.015890969,1.75422876,0.194621084,0.154109825,0.801014625,1.38252109,-1.043196354,-0.605383606,-1.204681674,6
1.277046457,1.439026368,0.180269754,-0.278263122,-0.406698229,-0.083637493,-0.8989187,-0.720760385,-0.3858167,0.701816751,1.505092659,7
0.442519155,-0.358368423,0.015890969,1.75422876,0.194621084,0.154109825,0.801014625,1.38252109,-1.043196354,-0.605383606,-1.204681674,6
-0.988099076,-0.857644753,-0.723813563,-0.473695034,-1.054272874,-0.737442619,-0.642764364,-0.620604125,1.19189447,0.178936609,0.930292043,6
-1.226535448,-0.15865789,-1.052571133,1.187476216,-0.545464225,0.035236166,0.288705952,1.015281467,0.600252781,-0.518236915,-0.794109806,6
1.634701015,-0.458223689,0.755595501,-0.630040563,-0.499208893,-1.272374085,-0.8989187,-0.453677023,-0.254340769,-1.128263748,0.848177669,5
-0.511226332,0.640184239,-0.477245386,-0.90364524,-0.221676902,0.451293973,1.127029235,-0.453677023,-0.3858167,-1.041117058,-0.711995432,6
-0.153571774,-0.558078955,0.098080362,2.164635775,-0.314187566,0.154109825,0.31199271,1.749760712,0.337300919,-0.605383606,-1.204681674,6
-0.511226332,-1.956052681,-0.066298423,-0.884102049,-0.822996215,-0.737442619,-1.085212763,-1.054614588,0.994680573,1.834723727,1.258749538,7
-1.703408192,1.439026368,-2.038843842,-0.942731622,-1.239294202,-1.034626767,-1.66738171,-1.188156269,0.928942608,0.178936609,0.766063296,7
-2.180280936,1.439026368,-2.696358981,-0.962274813,-1.331804865,-0.61856896,-0.875631942,-1.588781311,1.257632435,-1.128263748,1.505092659,7
-1.107317262,-0.058802624,-1.216949918,-0.923188431,-1.19303887,-0.678005789,-0.689337879,-1.45523963,0.863204643,-0.169650153,1.75143578,7
-0.153571774,-0.558078955,0.098080362,2.164635775,-0.314187566,0.154109825,0.31199271,1.749760712,0.337300919,-0.605383606,-1.204681674,6
-0.511226332,-1.956052681,-0.066298423,-0.884102049,-0.822996215,-0.737442619,-1.085212763,-1.054614588,0.994680573,1.834723727,1.258749538,7
0.204082783,-1.45677635,0.344648539,-0.90364524,0.009599757,-1.272374085,-0.596190848,-0.553833284,0.863204643,3.577657537,1.012406417,6
0.800173713,0.240763174,-0.723813563,-0.41506546,0.379642412,-0.796879449,-0.666051121,0.481114743,-0.451554666,0.004643228,-1.040452927,5
-0.392008146,-1.45677635,-0.312866601,-0.297806313,0.564663739,0.689041292,-0.200315964,0.147260541,2.112225985,-0.343943534,-0.137194816,6
-0.511226332,-1.356921084,-0.066298423,0.229859849,0.194621084,1.04566227,1.150315993,0.814968946,0.403038885,0.004643228,-1.533139169,5
0.919391899,0.041052642,-0.066298423,0.053971128,-0.406698229,-0.202511152,0.358566225,0.314187642,1.3233704,1.137550204,0.191262679,7
-1.107317262,-0.757789487,3.056898489,-0.942731622,4.820154265,-1.510121404,-1.993396321,-0.487062444,-0.451554666,-0.169650153,-0.547766684,5
-1.107317262,-0.857644753,3.056898489,-0.962274813,4.912664928,-1.569558234,-1.970109563,-0.487062444,-0.451554666,-0.256796844,-0.547766684,6
0.919391899,0.041052642,-0.066298423,0.053971128,-0.406698229,-0.202511152,0.358566225,0.314187642,1.3233704,1.137550204,0.191262679,7
-2.180280936,1.13946057,-1.052571133,-0.923188431,-0.869251547,-1.212937256,-1.574234679,-1.588781311,2.04648802,-0.343943534,1.669321407,6
-1.46497182,0.839894771,0.015890969,-0.434608652,-0.915506879,-0.856316278,-1.457800889,-1.154770848,1.454846331,-0.343943534,1.176635164,6
-0.034353588,-0.857644753,-0.066298423,-0.942731622,-0.129166238,1.640030566,0.218845678,-0.553833284,1.652060227,0.266083299,0.273377053,5
-1.107317262,1.339171102,-1.052571133,-0.884102049,0.194621084,-0.380821641,-0.409896785,-0.453677023,1.520584297,0.266083299,0.027033932,6
0.561737341,0.041052642,-0.312866601,-0.219633549,0.379642412,0.510730803,0.498286773,-0.01966656,-0.451554666,-0.082503463,-0.137194816,6
0.561737341,0.240763174,-0.312866601,-0.23917674,0.33338708,0.570167633,0.544860288,-0.01966656,-0.451554666,-0.343943534,-0.137194816,6
-0.034353588,-0.857644753,-0.066298423,-0.942731622,-0.129166238,1.640030566,0.218845678,-0.553833284,1.652060227,0.266083299,0.273377053,5
0.919391899,0.041052642,0.426837931,0.483921334,-0.452953561,-1.628995063,-0.526330574,-0.219979082,-0.845982458,-0.953970368,1.258749538,7
1.992355573,-1.157210552,0.344648539,-0.590954181,-0.267932234,0.332420314,0.079125131,-0.320135342,-1.569100078,-0.866823677,-0.219309189,6
1.515482829,-0.15865789,0.837784893,-1.001361196,0.009599757,-1.688431893,-1.644094952,0.0804897,-0.320078735,1.137550204,-0.219309189,4
-0.511226332,-0.258513156,-0.559434778,1.715142378,0.148365752,2.353272521,1.802345214,1.015281467,0.008611092,-0.866823677,-0.465652311,5
0.084864597,-0.358368423,-1.29913931,-1.001361196,0.009599757,-1.569558234,-1.807102258,-0.053051981,1.257632435,-0.169650153,-0.301423563,4
1.992355573,-0.957500019,0.180269754,-0.90364524,-0.267932234,-0.678005789,1.103742478,0.481114743,0.403038885,0.52752337,-0.794109806,6
1.038610085,-0.058802624,0.015890969,-0.942731622,0.009599757,-0.4996953,0.335279467,-0.487062444,-0.911720423,-0.343943534,0.027033932,6
-1.107317262,-0.15865789,0.015890969,-1.001361196,0.009599757,-1.747868722,-2.575565268,-0.587218704,0.665990746,1.224696894,-0.055080442,5
-0.988099076,-0.358368423,-0.559434778,0.659810054,0.749685066,-0.143074323,0.288705952,0.814968946,0.797466677,-0.169650153,-0.794109806,6
1.277046457,-0.358368423,-0.312866601,2.15486418,0.472153075,0.451293973,1.033882204,1.849916973,-0.911720423,0.091789918,-1.040452927,6
0.800173713,-0.657934221,2.152815173,-0.845015666,0.009599757,0.689041292,0.591433804,-0.186593661,-0.911720423,0.44037668,-0.301423563,7
1.277046457,-0.857644753,0.180269754,-0.90364524,0.194621084,-1.153500426,-1.294793584,-0.186593661,-0.254340769,-0.343943534,-0.547766684,7
-0.630444518,0.041052642,0.591216716,0.073514319,-0.036655575,1.521156906,1.779058456,0.347573062,-0.648768562,-0.256796844,-0.876224179,5
-0.630444518,0.041052642,0.755595501,0.132143893,-0.036655575,1.461720077,1.895492246,0.347573062,-0.648768562,-0.343943534,-0.876224179,6
-0.034353588,-0.358368423,0.426837931,-1.001361196,0.795940398,-1.034626767,-0.083882174,-0.453677023,0.797466677,-0.082503463,-0.055080442,7
-1.345753634,0.839894771,-0.64162417,-0.610497372,-0.360442897,0.272983485,0.31199271,-1.021229167,0.994680573,0.52752337,0.683948922,6
-0.392008146,-0.957500019,-0.477245386,-0.610497372,-0.082910907,-1.034626767,-1.131786279,-0.386906183,1.520584297,1.311843585,0.273377053,6
-1.345753634,0.839894771,-0.64162417,-0.610497372,-0.360442897,0.272983485,0.31199271,-1.021229167,0.994680573,0.52752337,0.683948922,6
-2.180280936,2.437579029,-2.285412019,-0.727756519,0.287131748,-0.321384812,-1.411227374,-0.320135342,0.863204643,-0.518236915,-0.958338553,5
-0.392008146,-0.558078955,0.262459146,-1.020904387,0.610919071,0.570167633,1.383183572,-0.386906183,1.19189447,0.52752337,-0.137194816,7
1.634701015,-1.257065818,0.426837931,-1.001361196,0.425897743,-0.202511152,0.148985404,-0.386906183,-0.714506527,-0.866823677,0.027033932,6
0.800173713,-1.157210552,0.837784893,-0.981818005,-0.129166238,-0.61856896,-0.712624637,-0.320135342,-0.517292631,2.27045718,-0.137194816,6
0.919391899,-1.157210552,0.591216716,-0.923188431,0.102110421,1.461720077,0.777727867,-0.320135342,0.337300919,1.486136965,0.601834548,7
1.634701015,-1.157210552,1.166542463,-0.923188431,0.518408407,-0.261947982,-0.968778974,0.04710428,-0.254340769,-0.692530296,-0.137194816,6
-0.86888089,-0.258513156,1.084353071,1.011587496,0.102110421,1.580593736,1.639337909,0.881739786,0.008611092,0.091789918,-0.794109806,5
-0.988099076,-1.157210552,-0.559434778,1.207019407,0.84219573,1.640030566,0.521573531,1.749760712,3.098295466,-0.518236915,-1.286796048,5
0.800173713,1.13946057,-0.97038174,-0.708213328,-0.452953561,-0.975189937,-0.619477606,-0.520447864,-1.043196354,-1.738290582,-0.219309189,5
-0.153571774,0.939750037,1.084353071,0.933414731,1.165983052,0.510730803,-0.083882174,0.881739786,-1.371886181,3.403364156,-1.040452927,5
0.800173713,-1.157210552,0.837784893,-0.981818005,-0.129166238,-0.61856896,-0.712624637,-0.320135342,-0.517292631,2.27045718,-0.137194816,6
0.204082783,-0.957500019,0.673406109,-0.981818005,-0.036655575,0.689041292,0.405139741,-0.854302066,-1.569100078,-1.563997201,0.027033932,6
1.634701015,-1.356921084,-0.64162417,-0.962274813,0.148365752,1.223972758,1.150315993,0.147260541,0.140087023,1.137550204,-0.794109806,6
1.992355573,-0.757789487,0.673406109,-0.962274813,-0.221676902,-0.024200664,-0.340036511,-0.553833284,-0.517292631,0.004643228,0.766063296,7
1.992355573,-0.757789487,0.673406109,-0.962274813,-0.221676902,-0.024200664,-0.340036511,-0.553833284,-0.517292631,0.004643228,0.766063296,7
-0.153571774,-0.857644753,-0.148487816,0.122372297,-1.239294202,1.105099099,1.127029235,-0.219979082,0.403038885,-1.041117058,0.519720174,8
0.800173713,-0.857644753,0.344648539,0.816155584,0.657174402,0.748478121,0.801014625,0.681427265,-0.3858167,-0.953970368,0.027033932,6
-0.153571774,0.640184239,3.303466667,-0.708213328,1.952323693,-0.737442619,1.057168962,-0.453677023,2.112225985,1.834723727,1.258749538,6
-0.86888089,-1.257065818,1.002163678,-0.942731622,-0.314187566,0.154109825,-0.386610027,-0.386906183,1.257632435,0.178936609,-0.629881058,6
-0.392008146,-1.356921084,0.837784893,-0.942731622,-0.17542157,0.689041292,0.009264857,-0.386906183,0.863204643,0.178936609,-0.219309189,6
1.277046457,2.737144828,-1.381328702,0.347118996,-0.267932234,-1.331810915,-1.853675773,0.481114743,-0.648768562,-1.651143891,-0.794109806,4
0.084864597,-0.358368423,0.098080362,-0.962274813,0.287131748,0.92678861,-0.270176237,-0.01966656,1.454846331,0.876110132,-0.055080442,7
-0.749662704,3.236421159,0.837784893,0.894328349,0.194621084,0.867351781,2.454374435,1.015281467,0.008611092,0.701816751,-0.958338553,4
0.204082783,-0.757789487,0.591216716,-0.845015666,0.379642412,-0.678005789,0.614720562,0.214031381,1.915012089,1.137550204,0.027033932,6
-0.86888089,0.640184239,-0.395055993,0.229859849,0.055855089,0.570167633,2.151646582,0.447729323,1.060418539,1.137550204,-0.383537937,6
0.204082783,0.240763174,0.180269754,0.073514319,0.425897743,0.540449218,2.198220098,1.015281467,1.980750054,1.311843585,-0.219309189,6
0.204082783,0.240763174,0.180269754,0.073514319,0.425897743,0.540449218,2.198220098,1.015281467,1.980750054,1.311843585,-0.219309189,6
1.157828271,3.635842223,1.002163678,0.816155584,9.168155454,-0.143074323,2.035212793,1.38252109,-2.095003801,2.183310489,-1.122567301,3
2.230791945,-1.057355286,0.344648539,-0.90364524,-0.267932234,0.213546655,0.19555892,0.01371886,-0.188602804,1.573283656,-0.219309189,6
0.680955527,-1.057355286,0.262459146,-0.962274813,0.657174402,-1.034626767,-1.504374405,-0.186593661,2.309439881,3.403364156,0.191262679,5
0.204082783,1.938302699,-0.806002955,-0.08283121,-0.082910907,-1.450684574,-1.457800889,0.481114743,0.140087023,0.614670061,-0.629881058,5
0.204082783,-1.257065818,0.015890969,-0.219633549,-0.545464225,-0.143074323,-0.829058427,0.380958482,1.19189447,0.266083299,-0.958338553,7
0.680955527,-1.057355286,0.015890969,-0.981818005,-0.499208893,-1.331810915,-0.875631942,-0.787531226,-0.911720423,2.183310489,0.437605801,5
1.515482829,4.035263288,-0.312866601,-0.845015666,0.055855089,-1.094063597,-0.037308659,0.280802222,0.205824988,1.921870418,0.273377053,4
0.919391899,-0.008874991,-0.312866601,-1.059990769,-0.314187566,-0.975189937,-1.504374405,-0.720760385,-1.174672285,0.614670061,0.191262679,5
0.442519155,2.138013231,-0.148487816,-0.23917674,-0.129166238,-1.034626767,-0.829058427,0.347573062,0.337300919,-0.343943534,0.191262679,4
0.680955527,0.540328973,1.166542463,2.545728003,0.102110421,1.164535929,2.407800919,2.283927436,-1.569100078,-0.779676987,-1.368910422,5
0.323300969,-0.657934221,0.262459146,-0.942731622,0.148365752,-0.737442619,-1.061926005,-0.587218704,-0.188602804,-0.082503463,0.355491427,7
0.442519155,-1.257065818,0.509027324,-0.864558858,0.194621084,-0.678005789,-1.108499521,-0.320135342,-0.320078735,-0.343943534,0.027033932,5
-0.511226332,-0.857644753,-1.956654449,-1.001361196,0.009599757,-0.737442619,-0.759198153,-0.153208241,0.665990746,-0.343943534,-0.383537937,5
0.084864597,0.34061844,1.495300033,-0.923188431,-0.776740884,-1.807305552,-1.830389015,-0.787531226,-0.780244493,-0.518236915,-0.055080442,5
1.634701015,1.239315836,0.344648539,-1.040447578,-0.360442897,-1.212937256,-1.504374405,-0.253364502,-1.043196354,-0.518236915,-1.040452927,5
-0.988099076,0.939750037,0.180269754,-0.336892696,-0.499208893,0.035236166,-0.549617332,-1.054614588,0.797466677,1.137550204,1.75143578,6
0.442519155,-0.358368423,0.015890969,0.210316657,0.102110421,-0.380821641,0.288705952,0.681427265,-0.583030596,0.44037668,-1.204681674,5
-0.034353588,-0.657934221,3.878792414,-1.040447578,4.218834951,0.98622544,-0.386610027,-0.320135342,-1.043196354,-0.866823677,-1.040452927,6
0.800173713,0.140907908,0.673406109,-1.001361196,-0.499208893,-1.034626767,-1.248220068,-1.121385428,-1.306148216,-0.866823677,0.683948922,5
2.946101061,0.140907908,1.74186821,-0.825472475,0.194621084,-1.094063597,-0.479757058,0.681427265,-0.451554666,1.747577037,-0.137194816,4
0.084864597,0.34061844,1.495300033,-0.923188431,-0.776740884,-1.807305552,-1.830389015,-0.787531226,-0.780244493,-0.518236915,-0.055080442,5
1.992355573,-0.15865789,0.591216716,-0.825472475,0.148365752,-0.380821641,-0.666051121,-0.01966656,-1.503362112,-0.431090225,-0.383537937,5
0.680955527,-0.657934221,0.015890969,-1.020904387,0.657174402,-0.55913213,-0.666051121,-0.353520763,2.112225985,-0.169650153,0.191262679,6
0.323300969,2.337723763,-0.806002955,0.698896437,2.183600352,-0.024200664,1.336610056,1.315750249,1.454846331,-0.169650153,-1.204681674,5
0.680955527,-0.657934221,0.015890969,-1.020904387,0.657174402,-0.55913213,-0.666051121,-0.353520763,2.112225985,-0.169650153,0.191262679,6
-1.941844564,0.240763174,-1.134760525,-1.040447578,1.443515043,0.748478121,0.614720562,0.0804897,0.731728712,0.44037668,-1.451024796,4
1.277046457,-0.15865789,0.180269754,-0.864558858,0.379642412,-0.321384812,-0.433183543,-0.720760385,-0.648768562,2.009017108,0.930292043,7
0.084864597,-0.657934221,-0.477245386,0.210316657,1.11972772,0.570167633,1.057168962,0.814968946,0.994680573,0.52752337,-0.876224179,5
-0.27278996,-0.15865789,-0.64162417,-0.473695034,1.536025707,0.005517751,1.779058456,0.481114743,0.797466677,1.660430346,-0.794109806,5
-0.27278996,-0.15865789,-0.64162417,-0.454151843,1.258493716,0.035236166,1.453043846,0.481114743,0.731728712,1.573283656,-0.794109806,5
1.396264643,-0.15865789,0.262459146,-0.884102049,1.212238384,0.748478121,0.451713257,0.247416802,1.19189447,1.834723727,0.355491427,6
1.634701015,-0.558078955,0.344648539,1.636969613,0.379642412,-0.202511152,-0.316749753,2.016844074,0.205824988,0.091789918,-0.629881058,5
-0.630444518,0.240763174,1.413110641,-0.180547166,0.102110421,1.580593736,0.754441109,0.01371886,-0.714506527,-0.343943534,-1.122567301,6
0.680955527,-0.857644753,0.015890969,-0.74729971,-0.406698229,-0.143074323,-0.340036511,-0.620604125,-0.583030596,0.004643228,0.519720174,7
2.230791945,0.540328973,0.837784893,-0.014430041,-1.008017543,-1.569558234,-1.224933311,-0.820916646,-1.503362112,-0.779676987,1.75143578,7
-0.034353588,-0.757789487,0.180269754,-0.962274813,-0.68423022,0.154109825,0.172272162,-0.353520763,1.060418539,0.614670061,0.437605801,6
1.277046457,0.939750037,-0.148487816,-0.942731622,-0.267932234,-0.202511152,0.614720562,-0.720760385,-1.24041025,0.52752337,0.683948922,7
1.634701015,-0.558078955,0.344648539,1.636969613,0.379642412,-0.202511152,-0.316749753,2.016844074,0.205824988,0.091789918,-0.629881058,5
1.515482829,0.140907908,-0.066298423,0.523007716,-0.452953561,-0.440258471,-0.503043816,0.380958482,-1.503362112,-0.779676987,0.355491427,7
0.919391899,0.640184239,-0.312866601,0.308032613,0.102110421,-0.61856896,1.220176267,0.314187642,-1.437624147,-0.169650153,0.355491427,5
-0.86888089,2.737144828,0.919974286,1.08976026,0.148365752,-0.4996953,1.08045572,1.082052307,-0.122864839,0.091789918,-0.958338553,6
-0.630444518,1.239315836,-1.216949918,-0.630040563,-0.591719556,-0.440258471,-0.363323269,-1.254927109,0.205824988,0.44037668,1.833550154,7
0.680955527,0.041052642,-0.066298423,0.24940304,0.102110421,0.391857144,0.940735172,1.082052307,1.19189447,0.876110132,-0.301423563,6
1.038610085,-0.15865789,0.837784893,-1.001361196,-0.406698229,0.451293973,-0.177029206,0.0804897,-0.057126873,1.398990275,-0.383537937,5
-0.511226332,-0.15865789,0.015890969,1.930117481,0.240876416,1.223972758,1.336610056,2.083614914,1.980750054,-0.605383606,-0.547766684,5
-0.749662704,0.640184239,-0.395055993,-0.043744828,0.009599757,-0.380821641,2.035212793,0.347573062,0.665990746,0.353229989,-0.301423563,6
-0.153571774,-1.257065818,-0.066298423,-0.336892696,0.610919071,-0.261947982,-0.503043816,0.481114743,1.586322262,-0.866823677,-1.204681674,7
-0.749662704,-0.058802624,-0.723813563,-0.121917593,-0.360442897,0.98622544,0.358566225,0.280802222,0.600252781,-0.953970368,-0.876224179,6
-0.749662704,-0.058802624,-0.723813563,-0.121917593,-0.360442897,0.98622544,0.358566225,0.280802222,0.600252781,-0.953970368,-0.876224179,6
0.561737341,-0.757789487,0.262459146,2.057148224,0.102110421,0.451293973,1.173602751,1.783146132,-1.043196354,-0.605383606,-1.040452927,6
-0.749662704,-0.458223689,-1.052571133,-0.258719931,-0.499208893,-0.380821641,0.055838373,0.01371886,1.126156504,-1.38970382,-0.301423563,7
0.442519155,0.34061844,2.892519705,0.737982819,-0.221676902,1.342846418,0.475000015,1.182208568,-0.845982458,-0.343943534,-1.533139169,5
-2.06106275,-0.358368423,0.919974286,-0.512781416,-0.869251547,-0.856316278,-0.270176237,-0.720760385,2.375177847,0.004643228,0.601834548,8
0.084864597,-0.358368423,-0.148487816,-1.001361196,-0.406698229,0.213546655,-0.386610027,-0.720760385,-0.122864839,-0.605383606,0.601834548,8
0.561737341,-0.757789487,0.262459146,2.057148224,0.102110421,0.451293973,1.173602751,1.783146132,-1.043196354,-0.605383606,-1.040452927,6
0.084864597,-1.057355286,-0.066298423,-0.473695034,-0.545464225,-1.094063597,-0.293462995,-0.253364502,0.008611092,-0.866823677,0.109148306,7
1.634701015,-0.657934221,1.988436388,2.086463011,0.148365752,1.580593736,1.709198182,2.150385755,-1.174672285,0.178936609,-0.958338553,6
0.323300969,-0.657934221,0.098080362,1.57834004,0.102110421,-0.024200664,0.894161657,1.349135669,-0.911720423,-0.169650153,-1.286796048,6
0.204082783,-0.657934221,0.509027324,-1.020904387,1.073472389,-0.678005789,0.381852983,-0.453677023,1.520584297,-0.518236915,0.109148306,6
1.753919201,-1.057355286,-0.230677208,0.053971128,-0.360442897,-0.380821641,-0.177029206,0.113875121,-0.583030596,-1.47685051,0.109148306,7
0.561737341,-0.358368423,-0.230677208,0.386205378,-0.036655575,0.98622544,1.010595446,0.714812685,-0.648768562,-1.47685051,-1.368910422,5
-1.941844564,-0.358368423,-0.066298423,-1.001361196,-0.591719556,-0.61856896,-0.992065732,-1.188156269,2.638129709,-0.953970368,0.437605801,8
-0.511226332,0.041052642,-0.64162417,0.464378143,-0.267932234,0.510730803,-0.014021901,0.481114743,0.863204643,-1.041117058,-0.219309189,6
-0.749662704,-0.458223689,-1.052571133,-0.258719931,-0.499208893,-0.380821641,0.055838373,0.01371886,1.126156504,-1.38970382,-0.301423563,7
-0.511226332,0.140907908,-0.723813563,0.816155584,-0.314187566,-0.202511152,-0.4564703,0.681427265,0.797466677,-1.302557129,-0.301423563,6
-1.345753634,0.140907908,-1.052571133,-0.74729971,-0.961762211,-1.391247745,-0.4564703,-1.588781311,1.3233704,2.619043942,2.901037013,7
-0.749662704,-0.058802624,-0.723813563,-0.121917593,-0.360442897,0.98622544,0.358566225,0.280802222,0.600252781,-0.953970368,-0.876224179,6
-0.749662704,-1.057355286,0.673406109,-0.708213328,-0.822996215,0.570167633,-0.759198153,-1.121385428,0.534514816,-0.518236915,1.094520791,6
-0.749662704,-1.157210552,0.509027324,-0.942731622,-0.591719556,1.402283247,0.19555892,-0.921072907,1.652060227,0.353229989,0.766063296,5
1.157828271,0.140907908,0.426837931,0.053971128,-0.452953561,-1.747868722,-0.526330574,-0.119822821,-0.451554666,-0.605383606,0.191262679,5
0.442519155,0.34061844,2.892519705,0.737982819,-0.221676902,1.342846418,0.475000015,1.182208568,-0.845982458,-0.343943534,-1.533139169,5
-1.703408192,0.440473707,0.919974286,-0.297806313,-0.822996215,-0.61856896,1.196889509,-0.653989545,2.112225985,0.004643228,0.848177669,7
-2.06106275,-0.358368423,0.919974286,-0.512781416,-0.869251547,-0.856316278,-0.270176237,-0.720760385,2.375177847,0.004643228,0.601834548,8
0.323300969,0.939750037,-1.545707487,-0.864558858,-0.776740884,-0.4996953,-1.224933311,-1.288312529,0.731728712,0.876110132,1.75143578,7
-0.988099076,0.140907908,-0.559434778,-0.923188431,-1.008017543,-1.331810915,-1.481087647,-1.622166732,0.140087023,0.178936609,1.75143578,7
2.707664689,-0.558078955,0.509027324,-0.786386093,0.379642412,-1.034626767,0.265419194,0.347573062,-0.977458389,-0.256796844,-0.958338553,4
0.323300969,0.939750037,-1.545707487,-0.864558858,-0.776740884,-0.4996953,-1.224933311,-1.288312529,0.731728712,0.876110132,1.75143578,7
1.277046457,-0.957500019,0.262459146,-1.001361196,-0.267932234,-1.212937256,-1.01535249,-0.987843747,-0.845982458,1.050403513,1.340863912,6
-0.511226332,-0.558078955,0.015890969,1.08976026,0.33338708,1.164535929,0.870874899,1.38252109,2.177963951,-0.431090225,-0.465652311,6
0.561737341,-0.957500019,0.509027324,-0.942731622,0.055855089,-0.796879449,-0.875631942,-0.153208241,0.600252781,-0.431090225,0.191262679,5
-0.511226332,2.437579029,-1.381328702,-0.981818005,0.055855089,-1.807305552,-2.645425541,-0.320135342,0.46877685,-1.47685051,-0.383537937,4
0.084864597,-1.257065818,0.344648539,-0.825472475,0.055855089,-0.143074323,-1.01535249,-0.453677023,-0.3858167,-0.866823677,-0.055080442,8
-1.226535448,1.389098735,-1.710086272,-0.981818005,-0.267932234,-1.450684574,-1.760528742,-0.653989545,0.665990746,0.266083299,0.027033932,5
1.396264643,1.738592166,0.015890969,0.366662187,-0.406698229,-0.143074323,1.779058456,1.148823148,0.797466677,1.311843585,-0.629881058,5
-1.345753634,1.389098735,-1.710086272,-0.981818005,-0.267932234,-1.450684574,-1.760528742,-0.653989545,0.665990746,0.266083299,0.027033932,5
-0.630444518,2.237868497,-1.463518095,1.265648981,-0.17542157,-0.55913213,-0.037308659,1.082052307,0.600252781,-1.38970382,-1.204681674,5
-0.27278996,-1.706414515,-0.148487816,1.167933025,0.240876416,-0.083637493,-0.782484911,1.282364829,2.309439881,-0.343943534,-1.040452927,6
-1.107317262,1.239315836,-0.312866601,-0.942731622,0.055855089,-0.321384812,-0.526330574,-0.353520763,-0.122864839,-0.082503463,-0.301423563,6
-0.392008146,-0.258513156,0.426837931,-0.972046409,-0.267932234,0.272983485,-1.178359795,-1.021229167,1.060418539,-0.779676987,0.766063296,7
3.422973805,0.839894771,0.919974286,-0.942731622,-0.17542157,-1.450684574,-0.363323269,0.0804897,-1.700576008,-0.256796844,0.273377053,5
3.184537433,-0.458223689,0.509027324,-0.962274813,-0.082910907,-0.975189937,-0.107168932,-0.153208241,-1.503362112,0.004643228,0.355491427,5
-0.749662704,2.737144828,0.919974286,1.285192172,0.055855089,-0.143074323,0.987308688,1.082052307,0.074349058,-0.256796844,-1.040452927,6
-0.511226332,-1.606559249,-0.395055993,-0.874330453,-0.360442897,2.234398862,0.614720562,-1.722322992,-0.451554666,-2.086877344,1.997778902,7
-0.630444518,-1.506703983,-0.395055993,-0.112145997,-0.17542157,-0.678005789,-0.945492216,-0.720760385,0.271562954,-1.47685051,1.258749538,7
-1.46497182,-1.756342149,-0.559434778,-1.001361196,0.055855089,-0.856316278,-0.922205458,-0.453677023,0.534514816,-0.256796844,-0.794109806,5
1.157828271,-0.258513156,-0.395055993,-0.219633549,-0.68423022,-0.143074323,-0.526330574,-0.787531226,-0.845982458,-1.47685051,1.094520791,7
-0.034353588,-0.757789487,-0.477245386,-1.020904387,0.102110421,0.035236166,0.451713257,-0.186593661,0.008611092,-0.518236915,-1.122567301,6
-0.034353588,-0.458223689,0.015890969,-0.473695034,0.055855089,-0.678005789,-0.270176237,0.0804897,0.074349058,0.266083299,-0.629881058,6
-0.153571774,1.13946057,-0.230677208,1.549025253,-0.129166238,-0.440258471,0.521573531,1.549448191,-0.122864839,0.44037668,-1.122567301,5
2.111573759,-0.558078955,0.673406109,-0.805929284,0.33338708,-0.4996953,-0.596190848,-0.053051981,-1.306148216,-0.518236915,-0.383537937,5
0.561737341,1.339171102,0.015890969,-0.336892696,-0.17542157,-0.975189937,-0.293462995,0.380958482,0.403038885,-0.605383606,-0.055080442,5
-0.27278996,-0.258513156,0.015890969,1.255877385,0.102110421,-0.321384812,0.498286773,1.48267735,1.652060227,-0.169650153,-0.794109806,6
-1.107317262,-0.15865789,0.673406109,-0.23917674,-0.869251547,2.056088373,0.894161657,-0.921072907,1.389108366,-0.779676987,1.505092659,8
-0.988099076,0.34061844,0.262459146,0.386205378,-0.68423022,2.056088373,0.707867594,-0.253364502,1.520584297,-0.779676987,1.012406417,8
2.707664689,0.041052642,1.002163678,-0.630040563,0.564663739,0.213546655,-0.153742448,0.614656424,-0.320078735,0.788963442,-0.794109806,5
2.469228317,0.34061844,1.248731856,0.09305751,-0.545464225,-0.55913213,-1.131786279,-0.153208241,-1.306148216,-1.302557129,0.848177669,5
1.873137387,-1.157210552,-0.066298423,-1.059990769,1.397259711,-1.094063597,-1.923536047,-0.687374965,-0.320078735,-0.256796844,0.109148306,6
2.826882875,0.640184239,1.248731856,0.171230275,0.287131748,-0.321384812,0.148985404,1.282364829,-0.122864839,1.050403513,-0.219309189,5
2.707664689,0.041052642,1.002163678,-0.630040563,0.564663739,0.213546655,-0.153742448,0.614656424,-0.320078735,0.788963442,-0.794109806,5
0.323300969,-0.358368423,-0.312866601,-0.942731622,0.102110421,-0.4996953,-0.200315964,-0.286749922,0.403038885,-0.343943534,0.027033932,5
0.323300969,-0.258513156,-0.148487816,-0.962274813,0.055855089,-0.4996953,-0.177029206,-0.286749922,0.46877685,-0.431090225,0.027033932,5
-0.153571774,0.440473707,-1.29913931,0.210316657,-0.221676902,2.115525203,1.942065761,0.581271004,-0.320078735,-0.692530296,-1.286796048,5
2.588446503,-0.058802624,-0.148487816,-1.040447578,-0.68423022,-1.212937256,0.265419194,-0.186593661,-1.043196354,-0.692530296,0.109148306,5
2.350010131,0.640184239,-0.148487816,-1.001361196,-0.221676902,-1.391247745,1.127029235,0.380958482,-0.122864839,0.004643228,-0.794109806,5
0.084864597,-1.057355286,0.262459146,-0.141460784,-0.961762211,-0.380821641,-0.666051121,-0.119822821,0.074349058,0.004643228,0.273377053,6
-0.27278996,-0.258513156,-0.888192348,0.151687084,-0.360442897,1.521156906,1.872205488,0.347573062,-0.320078735,-1.215410439,-0.794109806,5
-0.034353588,0.440473707,-1.381328702,0.229859849,-0.17542157,1.996651543,1.84891873,0.581271004,-0.3858167,-0.779676987,-1.286796048,5
-0.153571774,0.440473707,-1.29913931,0.210316657,-0.221676902,2.115525203,1.942065761,0.581271004,-0.320078735,-0.692530296,-1.286796048,5
-0.988099076,3.236421159,-2.778548374,-1.001361196,-0.17542157,-0.678005789,-1.411227374,-0.153208241,0.797466677,-0.953970368,-0.876224179,4
-1.941844564,1.189388203,-2.203222627,-1.001361196,-0.499208893,-0.55913213,-0.875631942,-0.720760385,2.04648802,-1.215410439,0.109148306,6
1.157828271,-1.157210552,-0.312866601,-0.317349505,-0.406698229,0.094672996,0.731154351,0.848354366,1.849274124,-0.431090225,-1.204681674,4
0.800173713,0.540328973,0.180269754,-0.845015666,-0.545464225,-0.55913213,0.754441109,0.0804897,1.520584297,-0.082503463,0.027033932,4
1.038610085,0.240763174,-0.395055993,2.037605033,0.379642412,-0.737442619,-0.107168932,1.883302393,-0.188602804,-0.953970368,-1.204681674,6
1.038610085,0.240763174,-0.395055993,2.037605033,0.379642412,-0.737442619,-0.107168932,1.883302393,-0.188602804,-0.953970368,-1.204681674,6
-1.46497182,-0.15865789,-0.559434778,-0.454151843,7.179176187,2.264117277,1.161959372,0.01371886,0.534514816,-0.953970368,-0.876224179,6
1.038610085,0.240763174,-0.395055993,2.037605033,0.379642412,-0.737442619,-0.107168932,1.883302393,-0.188602804,-0.953970368,-1.204681674,6
0.680955527,-1.356921084,0.015890969,-1.001361196,0.425897743,0.867351781,0.31199271,0.113875121,0.665990746,2.706190632,-0.711995432,6
1.038610085,0.240763174,-0.395055993,2.037605033,0.379642412,-0.737442619,-0.107168932,1.883302393,-0.188602804,-0.953970368,-1.204681674,6
-0.392008146,-0.258513156,0.591216716,0.190773466,-0.129166238,-0.380821641,0.265419194,0.147260541,-0.254340769,0.963256823,-0.219309189,7
-1.46497182,-0.15865789,-0.559434778,-0.454151843,7.179176187,2.264117277,1.161959372,0.01371886,0.534514816,-0.953970368,-0.876224179,6
1.515482829,-0.458223689,1.248731856,-1.07953396,0.518408407,-1.212937256,-1.550947921,-0.453677023,-0.780244493,-0.953970368,-0.055080442,6
-1.107317262,-0.358368423,-0.148487816,-0.024201637,-0.730485552,-0.083637493,-0.24688948,0.147260541,2.177963951,-0.692530296,-0.055080442,5
-0.988099076,1.738592166,-0.559434778,-1.099077152,-0.314187566,-1.331810915,-1.3413671,-0.487062444,0.271562954,-1.47685051,-0.794109806,5
0.561737341,-0.458223689,0.755595501,-0.981818005,-0.082910907,-0.796879449,-0.619477606,-0.119822821,0.205824988,1.137550204,0.109148306,6
0.323300969,-0.757789487,0.344648539,-1.059990769,-0.406698229,-0.856316278,-1.527661163,-0.787531226,0.140087023,-1.041117058,0.437605801,5
0.680955527,-1.356921084,0.015890969,-1.001361196,0.425897743,0.867351781,0.31199271,0.113875121,0.665990746,2.706190632,-0.711995432,6
0.919391899,-0.258513156,0.755595501,-0.375979078,0.749685066,-0.915753108,-0.57290409,0.814968946,1.257632435,0.091789918,-0.465652311,6
1.515482829,3.336276425,0.919974286,-0.200090357,-0.730485552,-1.212937256,-0.503043816,0.414343903,-0.320078735,-1.302557129,-0.711995432,5
0.800173713,-0.657934221,0.837784893,-0.884102049,-0.452953561,-1.510121404,-0.479757058,-0.954458327,-1.174672285,1.834723727,1.915664528,6
0.561737341,-0.558078955,-0.066298423,-0.864558858,-0.036655575,-0.261947982,-0.8989187,-0.353520763,1.520584297,0.52752337,0.766063296,5
0.323300969,-0.15865789,-0.64162417,1.226562599,-0.452953561,0.807914951,1.73248494,1.48267735,1.454846331,0.091789918,-0.383537937,6
-0.630444518,-0.258513156,0.591216716,0.42529176,-0.17542157,1.283409588,0.777727867,0.781583525,-1.24041025,-0.431090225,-1.122567301,5
-0.749662704,0.440473707,0.098080362,0.91387154,-0.314187566,-0.380821641,1.359896814,1.41590651,1.126156504,0.091789918,-0.876224179,7
-0.153571774,-0.258513156,-0.395055993,-0.864558858,-0.17542157,-0.975189937,1.150315993,0.347573062,1.783536158,0.44037668,-0.219309189,6
3.422973805,1.6387369,0.509027324,-0.708213328,-0.452953561,-0.024200664,0.63800732,0.481114743,-1.437624147,-0.866823677,-1.040452927,5
0.323300969,-0.757789487,-0.723813563,-0.375979078,-0.082910907,-0.261947982,-0.712624637,0.247416802,0.271562954,-1.128263748,-0.876224179,5
1.515482829,3.336276425,0.919974286,-0.200090357,-0.730485552,-1.212937256,-0.503043816,0.414343903,-0.320078735,-1.302557129,-0.711995432,5
0.680955527,1.439026368,0.919974286,0.523007716,-0.776740884,-0.915753108,-0.340036511,0.614656424,-0.451554666,-1.128263748,-0.301423563,6
0.561737341,-0.558078955,-0.066298423,-0.864558858,-0.036655575,-0.261947982,-0.8989187,-0.353520763,1.520584297,0.52752337,0.766063296,5
-0.630444518,-0.15865789,-0.312866601,-0.825472475,-0.961762211,-0.143074323,-0.13045569,-0.720760385,0.140087023,-0.169650153,0.109148306,6
1.157828271,1.838447433,-0.148487816,-0.454151843,-0.591719556,0.272983485,-0.037308659,-0.987843747,-0.057126873,-0.431090225,1.915664528,7
-0.511226332,1.339171102,2.481572742,1.050673878,0.888451061,1.758904225,1.988639277,1.215593988,-0.451554666,0.178936609,-1.286796048,5
0.680955527,0.440473707,0.262459146,-1.020904387,0.102110421,-0.796879449,1.033882204,-0.119822821,-0.648768562,-0.518236915,-0.958338553,5
-0.392008146,-0.657934221,0.344648539,-0.825472475,-0.915506879,0.272983485,-0.829058427,-0.921072907,0.403038885,-0.779676987,0.519720174,8
0.204082783,-0.657934221,-0.312866601,-0.981818005,-0.406698229,0.570167633,0.079125131,-0.320135342,-0.3858167,-1.38970382,-0.465652311,6
0.800173713,-0.15865789,1.084353071,-0.942731622,1.027217057,-1.807305552,-1.970109563,0.0804897,-0.583030596,-0.343943534,-0.711995432,5
0.800173713,-0.657934221,0.837784893,-0.884102049,-0.452953561,-1.510121404,-0.479757058,-0.954458327,-1.174672285,1.834723727,1.915664528,6
-0.034353588,-0.258513156,-0.64162417,-0.23917674,-1.008017543,0.035236166,-0.107168932,0.214031381,-0.188602804,2.009017108,0.191262679,7
0.204082783,-0.15865789,-0.148487816,1.568568444,1.304749048,-0.380821641,-0.759198153,1.282364829,-1.503362112,-0.605383606,-1.040452927,6
0.442519155,-0.558078955,0.509027324,1.627198018,-0.17542157,0.540449218,-0.235246101,1.883302393,1.126156504,-0.692530296,-1.122567301,7
-0.86888089,0.939750037,-0.97038174,0.366662187,-0.961762211,0.035236166,1.779058456,0.748198105,0.928942608,0.963256823,-0.711995432,6
1.157828271,-0.558078955,0.919974286,1.519710466,-0.360442897,1.04566227,0.032551615,1.682989872,-1.043196354,-0.256796844,-1.040452927,6
-0.034353588,-0.258513156,-0.64162417,-0.23917674,-1.008017543,0.035236166,-0.107168932,0.214031381,-0.188602804,2.009017108,0.191262679,7
0.442519155,-0.558078955,0.509027324,1.627198018,-0.17542157,0.540449218,-0.235246101,1.883302393,1.126156504,-0.692530296,-1.122567301,7
0.204082783,-0.15865789,-0.148487816,1.568568444,1.304749048,-0.380821641,-0.759198153,1.282364829,-1.503362112,-0.605383606,-1.040452927,6
0.561737341,-0.258513156,0.262459146,0.09305751,-1.19303887,-1.272374085,-1.085212763,-0.086437401,-1.24041025,-0.082503463,0.191262679,7
-0.153571774,-0.957500019,0.262459146,-0.962274813,-0.869251547,0.094672996,-1.085212763,-0.720760385,0.731728712,-0.343943534,0.273377053,6
0.084864597,-1.057355286,0.262459146,-0.962274813,-0.822996215,-0.55913213,-1.504374405,-0.653989545,0.731728712,-0.256796844,0.273377053,7
-0.630444518,0.240763174,0.344648539,0.268946231,0.009599757,-0.024200664,1.220176267,0.447729323,-0.583030596,-1.041117058,-1.204681674,5
-2.299499122,0.540328973,-1.463518095,-0.962274813,0.148365752,-1.510121404,-0.992065732,-0.820916646,1.915012089,-0.431090225,0.191262679,6
-2.299499122,0.540328973,-1.463518095,-0.962274813,0.148365752,-1.510121404,-0.992065732,-0.820916646,1.915012089,-0.431090225,0.191262679,6
2.350010131,0.540328973,-0.148487816,-0.962274813,0.055855089,-1.450684574,1.40647033,0.414343903,0.008611092,-0.256796844,-0.876224179,5
0.084864597,-0.15865789,1.002163678,1.783543547,-0.406698229,1.521156906,0.731154351,1.48267735,-1.634838043,-1.215410439,-1.368910422,6
-0.630444518,0.240763174,0.344648539,0.268946231,0.009599757,-0.024200664,1.220176267,0.447729323,-0.583030596,-1.041117058,-1.204681674,5
-0.749662704,-0.657934221,0.509027324,-0.923188431,-0.68423022,0.748478121,-0.13045569,-0.820916646,1.520584297,0.004643228,0.848177669,6
1.277046457,-0.458223689,1.002163678,-0.962274813,-0.730485552,-0.321384812,-0.340036511,-1.154770848,0.271562954,-0.169650153,1.669321407,6
2.707664689,0.041052642,0.591216716,-1.059990769,-0.17542157,-1.272374085,-1.876962531,-0.653989545,-1.503362112,-2.086877344,0.027033932,6
0.442519155,-0.058802624,0.426837931,0.053971128,0.84219573,-0.440258471,1.127029235,0.547885584,0.665990746,-1.651143891,-0.629881058,5
0.800173713,0.440473707,0.180269754,-0.942731622,-0.267932234,-0.202511152,0.358566225,-0.386906183,0.271562954,0.266083299,0.683948922,6
-2.299499122,0.540328973,-1.463518095,-0.962274813,0.148365752,-1.510121404,-0.992065732,-0.820916646,1.915012089,-0.431090225,0.191262679,6
3.303755619,-0.358368423,0.919974286,-1.020904387,-0.591719556,-1.450684574,-1.876962531,-0.520447864,-2.949597351,-0.169650153,0.273377053,6
1.277046457,0.041052642,0.673406109,0.132143893,-0.036655575,0.332420314,0.684580836,0.581271004,-0.122864839,-0.518236915,0.109148306,5
1.515482829,0.939750037,0.180269754,-1.059990769,-0.545464225,-1.094063597,-1.085212763,-1.188156269,-0.977458389,-1.47685051,1.012406417,8
1.277046457,3.336276425,0.344648539,1.109303452,11.80470937,-0.678005789,1.872205488,1.716375292,-1.634838043,-0.082503463,-1.040452927,5
0.323300969,-0.15865789,0.837784893,0.132143893,-0.869251547,-0.61856896,-0.316749753,-0.386906183,-1.10893432,-1.302557129,0.519720174,8
1.515482829,0.939750037,0.180269754,-1.059990769,-0.545464225,-1.094063597,-1.085212763,-1.188156269,-0.977458389,-1.47685051,1.012406417,8
-0.630444518,-0.458223689,-0.066298423,-1.030675983,-0.082910907,-1.183218841,1.813988593,-0.720760385,0.928942608,-0.431090225,0.437605801,6
-1.226535448,1.239315836,-0.148487816,-0.08283121,-0.545464225,0.867351781,-0.293462995,-0.720760385,2.112225985,0.788963442,1.669321407,7
0.800173713,0.041052642,0.426837931,-1.020904387,-0.360442897,-0.856316278,-0.57290409,-0.053051981,-0.188602804,1.573283656,-0.383537937,6
1.277046457,0.041052642,0.673406109,0.132143893,-0.036655575,0.332420314,0.684580836,0.581271004,-0.122864839,-0.518236915,0.109148306,5
0.323300969,-0.458223689,0.426837931,-0.805929284,-0.591719556,-0.380821641,-0.875631942,-1.121385428,0.46877685,0.44037668,1.505092659,7
-0.153571774,0.440473707,0.262459146,-0.590954181,-1.054272874,-0.975189937,-1.224933311,-1.321697949,-0.320078735,0.353229989,1.833550154,6
0.323300969,-0.458223689,0.426837931,-0.805929284,-0.591719556,-0.380821641,-0.875631942,-1.121385428,0.46877685,0.44037668,1.505092659,7
-0.034353588,-0.957500019,0.344648539,0.014884746,-0.314187566,-0.915753108,-0.689337879,0.04710428,-0.583030596,-0.605383606,0.027033932,5
2.946101061,-0.15865789,1.577489425,-1.020904387,0.055855089,-0.61856896,-0.712624637,-0.687374965,0.271562954,-1.825437272,1.669321407,6
1.634701015,0.540328973,0.673406109,-1.030675983,-0.591719556,-1.034626767,-1.01535249,-1.021229167,0.074349058,-1.47685051,1.587207033,3
0.442519155,0.140907908,-0.312866601,1.285192172,-0.129166238,0.629604462,2.29136713,1.48267735,-0.845982458,-0.692530296,-1.451024796,6
1.157828271,1.339171102,0.262459146,-0.375979078,-0.730485552,0.272983485,-0.596190848,-0.720760385,-0.122864839,0.44037668,1.587207033,7
1.157828271,1.6387369,0.262459146,-0.112145997,-0.591719556,-0.4996953,-1.085212763,-0.720760385,-0.188602804,0.44037668,1.75143578,7
0.919391899,1.13946057,-0.312866601,-0.23917674,-0.406698229,-0.380821641,-0.200315964,0.04710428,1.257632435,-0.431090225,0.437605801,6
0.919391899,-0.15865789,-0.230677208,-1.001361196,-0.129166238,0.689041292,0.358566225,-0.153208241,1.520584297,0.091789918,-0.301423563,6
1.038610085,0.440473707,-0.230677208,-0.923188431,-0.452953561,0.629604462,1.290036541,-0.386906183,-1.043196354,-0.082503463,0.027033932,5
-0.153571774,0.440473707,0.262459146,-0.590954181,-1.054272874,-0.975189937,-1.224933311,-1.321697949,-0.320078735,0.353229989,1.833550154,6
0.442519155,-0.358368423,0.426837931,-0.551867799,-1.008017543,-0.024200664,-0.549617332,-0.453677023,-0.122864839,0.178936609,0.355491427,5
0.204082783,1.6387369,0.262459146,-0.727756519,-0.221676902,-0.024200664,-0.270176237,-1.522010471,-0.780244493,-0.518236915,2.490465144,7
4.019064735,-0.258513156,1.166542463,-0.825472475,-0.17542157,-0.440258471,0.568147046,1.282364829,0.008611092,0.876110132,-0.629881058,5
1.157828271,-1.356921084,-0.477245386,-0.90364524,-0.221676902,0.510730803,0.894161657,0.414343903,1.717798193,-0.518236915,-1.040452927,6
0.561737341,-0.957500019,0.673406109,-0.845015666,-0.452953561,-0.143074323,1.103742478,-0.119822821,1.389108366,-0.692530296,0.109148306,7
1.396264643,1.538881634,0.673406109,0.034427937,-0.591719556,0.035236166,0.032551615,-0.787531226,-1.371886181,-0.866823677,2.326236397,7
0.204082783,1.6387369,0.262459146,-0.727756519,-0.221676902,-0.024200664,-0.270176237,-1.522010471,-0.780244493,-0.518236915,2.490465144,7
-0.630444518,-0.15865789,-0.97038174,-0.258719931,-0.406698229,-0.737442619,-0.200315964,0.0804897,0.665990746,-1.47685051,-0.301423563,5
1.277046457,3.835552755,3.139087882,2.174407371,-0.17542157,1.580593736,2.17493334,1.916687813,-1.766313974,1.660430346,-0.876224179,4
1.277046457,-0.757789487,0.509027324,-0.23917674,0.425897743,0.332420314,0.63800732,0.380958482,-0.057126873,-0.779676987,0.109148306,7
0.323300969,-0.657934221,0.015890969,-1.040447578,0.009599757,-0.61856896,-1.387940616,-0.720760385,0.403038885,-0.779676987,0.683948922,6
0.323300969,-0.957500019,-0.230677208,-1.040447578,-0.036655575,-0.915753108,-1.550947921,-0.553833284,0.863204643,-0.779676987,0.273377053,7
1.753919201,2.93685536,0.837784893,0.835698775,0.240876416,0.629604462,1.290036541,1.315750249,-0.254340769,0.178936609,-0.055080442,5
-1.941844564,-0.15865789,-0.888192348,-0.248948335,-0.545464225,0.748478121,0.475000015,0.347573062,4.150102913,0.178936609,0.027033932,7
-1.46497182,-0.30844079,-0.066298423,-1.040447578,0.148365752,-0.440258471,0.242132436,-0.487062444,-0.3858167,-0.605383606,-0.958338553,5
-1.584190006,-0.30844079,-0.148487816,-1.040447578,0.055855089,-0.678005789,0.288705952,-0.487062444,-0.451554666,-0.605383606,-0.958338553,6
0.442519155,-0.258513156,0.591216716,-0.90364524,-0.406698229,0.98622544,0.591433804,-1.021229167,0.665990746,-0.866823677,1.422978285,7
0.084864597,-1.157210552,3.221277274,-1.059990769,4.265090283,1.342846418,0.242132436,-0.186593661,-0.714506527,-1.651143891,-1.040452927,5
-0.630444518,-0.558078955,0.015890969,-0.90364524,0.518408407,-0.380821641,-0.829058427,0.581271004,4.084364947,0.701816751,-0.137194816,6
0.442519155,-0.957500019,2.563762135,-0.981818005,0.009599757,-0.440258471,0.405139741,0.147260541,0.928942608,1.137550204,-0.876224179,6
-0.630444518,-1.057355286,-0.559434778,0.053971128,-0.452953561,3.125951306,1.942065761,0.214031381,0.600252781,-1.215410439,-0.219309189,6
-0.034353588,0.140907908,-1.463518095,0.073514319,-0.545464225,1.758904225,1.685911425,0.447729323,-0.714506527,-0.866823677,-1.204681674,6
-0.86888089,-0.657934221,0.344648539,0.073514319,-0.452953561,1.699467395,2.454374435,0.314187642,-0.845982458,-1.128263748,-0.958338553,6
-0.630444518,-0.458223689,-0.312866601,0.132143893,-0.406698229,1.640030566,2.244793614,0.347573062,-0.845982458,-1.302557129,-1.040452927,6
0.442519155,-0.857644753,2.810330312,-0.962274813,0.194621084,-0.261947982,0.381852983,0.147260541,0.863204643,1.311843585,-0.876224179,6
0.442519155,-0.957500019,2.563762135,-0.981818005,0.009599757,-0.440258471,0.405139741,0.147260541,0.928942608,1.137550204,-0.876224179,6
3.184537433,0.140907908,1.002163678,-0.972046409,-0.314187566,2.501864595,1.942065761,0.0804897,-1.766313974,-0.256796844,-0.794109806,6
0.323300969,-1.356921084,0.098080362,-1.020904387,-0.452953561,-1.212937256,-1.550947921,-0.119822821,1.783536158,-0.866823677,-0.465652311,5
-0.034353588,0.34061844,0.015890969,0.190773466,0.610919071,0.035236166,0.801014625,0.714812685,1.783536158,1.137550204,0.519720174,7
0.680955527,0.041052642,0.015890969,-0.434608652,-0.822996215,0.035236166,-0.549617332,-1.054614588,-1.306148216,-0.692530296,1.505092659,8
1.277046457,-0.558078955,0.673406109,1.597883231,-0.082910907,0.570167633,0.544860288,2.050229494,0.140087023,1.747577037,-1.533139169,7
0.800173713,0.34061844,-0.395055993,0.796612393,-0.267932234,-0.856316278,0.125698647,0.814968946,-0.977458389,-1.215410439,-0.876224179,5
1.753919201,0.740039505,1.824057603,1.441537702,0.102110421,1.164535929,1.173602751,1.716375292,-0.780244493,0.788963442,-0.876224179,6
1.277046457,-0.558078955,0.673406109,1.597883231,-0.082910907,0.570167633,0.544860288,2.050229494,0.140087023,1.747577037,-1.533139169,7
1.396264643,2.237868497,1.084353071,-1.040447578,-0.406698229,-0.737442619,-0.316749753,-0.119822821,0.140087023,-0.605383606,0.355491427,5
0.084864597,1.13946057,-0.230677208,-0.219633549,5.699005569,-0.202511152,0.521573531,0.781583525,0.074349058,-0.082503463,-0.876224179,5
1.396264643,2.237868497,1.084353071,-1.040447578,-0.406698229,-0.737442619,-0.316749753,-0.119822821,0.140087023,-0.605383606,0.355491427,5
1.753919201,0.740039505,1.824057603,1.441537702,0.102110421,1.164535929,1.173602751,1.716375292,-0.780244493,0.788963442,-0.876224179,6
-0.86888089,-0.558078955,-0.559434778,-0.962274813,0.84219573,-0.915753108,-0.177029206,-0.119822821,0.205824988,-0.256796844,-1.040452927,6
1.277046457,-0.558078955,0.673406109,1.597883231,-0.082910907,0.570167633,0.544860288,2.050229494,0.140087023,1.747577037,-1.533139169,7
0.800173713,0.34061844,-0.395055993,0.796612393,-0.267932234,-0.856316278,0.125698647,0.814968946,-0.977458389,-1.215410439,-0.876224179,5
0.084864597,-0.358368423,0.180269754,-0.297806313,1.721047034,-1.510121404,-0.153742448,0.01371886,0.928942608,-1.041117058,0.273377053,6
-0.392008146,-0.058802624,-0.312866601,-0.884102049,-0.961762211,-1.272374085,0.31199271,-0.453677023,0.665990746,1.137550204,0.027033932,6
1.038610085,-1.157210552,0.591216716,-0.923188431,-0.915506879,-0.380821641,0.009264857,-1.054614588,-1.10893432,2.531897251,1.669321407,6
0.919391899,-0.058802624,0.015890969,-0.90364524,-0.822996215,-0.55913213,0.661294078,-1.021229167,-1.306148216,-0.082503463,1.340863912,7
0.561737341,0.34061844,3.303466667,0.835698775,-0.314187566,0.92678861,0.172272162,1.182208568,-1.10893432,-0.518236915,-1.451024796,5
1.277046457,1.738592166,0.180269754,0.464378143,-0.915506879,0.867351781,0.265419194,-0.487062444,-0.780244493,-2.086877344,1.833550154,8
0.919391899,-0.058802624,0.015890969,-0.90364524,-0.822996215,-0.55913213,0.661294078,-1.021229167,-1.306148216,-0.082503463,1.340863912,7
1.038610085,-1.157210552,0.591216716,-0.923188431,-0.915506879,-0.380821641,0.009264857,-1.054614588,-1.10893432,2.531897251,1.669321407,6
-0.392008146,-1.157210552,-0.395055993,-0.90364524,0.194621084,0.272983485,0.172272162,-0.987843747,-0.845982458,-0.431090225,0.766063296,7
1.634701015,-0.657934221,0.509027324,-0.942731622,-0.637974888,-0.024200664,-0.689337879,-1.154770848,-1.10893432,0.963256823,1.997778902,7
0.323300969,0.440473707,-0.066298423,-0.981818005,-0.776740884,-0.380821641,-0.712624637,-1.321697949,-0.254340769,0.178936609,1.915664528,7
-0.392008146,-1.157210552,-0.312866601,-0.942731622,-0.545464225,-1.212937256,-1.434514132,-0.720760385,1.257632435,-0.431090225,0.601834548,6
1.753919201,-1.157210552,-0.066298423,-0.962274813,-0.591719556,-1.153500426,-0.968778974,-0.053051981,-0.320078735,-0.605383606,-0.629881058,6
0.680955527,-0.458223689,-0.148487816,0.542550907,-0.360442897,1.105099099,1.196889509,0.814968946,-0.977458389,0.614670061,-0.629881058,6
-0.86888089,-1.057355286,-0.312866601,-1.040447578,-0.406698229,-1.272374085,-1.411227374,-0.386906183,2.04648802,0.44037668,-0.137194816,6
-0.034353588,1.13946057,-0.97038174,-0.41506546,-0.730485552,-1.510121404,-0.875631942,-0.386906183,-1.24041025,3.316217465,0.930292043,4
-0.034353588,1.339171102,-0.97038174,-0.434608652,-0.68423022,-1.510121404,-0.875631942,-0.386906183,-1.24041025,3.229070775,0.930292043,4
0.680955527,-0.458223689,-0.148487816,0.542550907,-0.360442897,1.105099099,1.196889509,0.814968946,-0.977458389,0.614670061,-0.629881058,6
0.680955527,1.039605303,-0.066298423,-0.278263122,-0.036655575,-0.321384812,-0.200315964,0.01371886,0.863204643,-0.431090225,0.355491427,6
0.442519155,1.439026368,0.344648539,0.073514319,-0.036655575,-0.380821641,-0.409896785,-0.553833284,0.008611092,-1.041117058,1.75143578,7
0.442519155,0.640184239,0.426837931,-0.23917674,-0.267932234,0.570167633,0.544860288,-0.553833284,0.731728712,-0.169650153,1.587207033,6
1.038610085,-0.458223689,-0.477245386,-0.3271211,-0.17542157,0.570167633,0.614720562,-0.453677023,-1.503362112,-0.779676987,0.848177669,5
2.469228317,-0.30844079,0.344648539,-0.102374402,-0.036655575,0.98622544,0.451713257,0.280802222,-1.700576008,-1.215410439,-0.219309189,6
-0.034353588,-0.757789487,0.509027324,0.24940304,-0.637974888,0.92678861,0.847588141,-0.086437401,0.205824988,-1.912583963,0.766063296,5
0.561737341,-0.857644753,0.673406109,-0.004658446,0.980961725,0.213546655,1.685911425,0.547885584,0.731728712,-1.38970382,-0.711995432,6
1.515482829,-0.757789487,0.180269754,0.327575804,-0.499208893,1.461720077,0.544860288,0.347573062,-0.911720423,-1.651143891,-0.137194816,6
1.277046457,3.136565892,3.056898489,2.135320988,-0.360442897,1.521156906,2.058499551,1.950073234,-1.569100078,2.27045718,-0.958338553,5
1.157828271,-1.356921084,0.919974286,-0.90364524,0.194621084,-1.094063597,-0.596190848,0.214031381,0.928942608,0.004643228,0.191262679,7
-0.153571774,-0.358368423,0.509027324,-0.90364524,0.055855089,-0.083637493,-0.805771669,-1.38846879,-0.3858167,0.004643228,1.915664528,8
3.303755619,-1.356921084,2.07062578,-0.962274813,0.148365752,-0.737442619,0.055838373,0.547885584,-1.371886181,1.137550204,-0.794109806,5
2.707664689,-1.257065818,2.810330312,-0.942731622,0.009599757,-0.796879449,-0.223602722,0.214031381,-1.10893432,-0.343943534,-0.055080442,6
2.946101061,-1.057355286,1.74186821,-0.942731622,0.148365752,-1.272374085,-1.061926005,0.247416802,-1.10893432,1.050403513,-0.137194816,6
-2.06106275,0.889822404,-2.121033234,1.382908128,-0.221676902,0.094672996,0.055838373,0.948510626,1.783536158,-0.866823677,-0.465652311,6
-0.749662704,-0.458223689,-0.97038174,-0.522553012,-0.314187566,0.094672996,-0.549617332,-0.487062444,0.271562954,0.091789918,0.191262679,6
3.184537433,-0.258513156,1.659678818,-1.001361196,-0.267932234,-1.153500426,0.475000015,-0.119822821,-1.634838043,-0.518236915,0.027033932,5
2.707664689,0.440473707,0.673406109,-1.001361196,0.009599757,-1.272374085,1.08045572,0.247416802,-0.714506527,-0.082503463,-0.711995432,5
-0.630444518,0.34061844,0.509027324,-0.043744828,-0.267932234,0.629604462,0.684580836,0.380958482,-0.254340769,-0.256796844,-0.958338553,6
1.396264643,-0.757789487,0.180269754,0.640266863,-0.082910907,1.640030566,0.521573531,0.948510626,-0.583030596,-0.256796844,-0.383537937,6
1.157828271,-0.208585523,-0.64162417,-0.864558858,-0.915506879,0.272983485,1.173602751,-0.320135342,-0.977458389,-0.866823677,0.601834548,6
0.084864597,-1.257065818,0.015890969,-0.981818005,-0.314187566,-0.856316278,0.870874899,-0.487062444,0.863204643,1.137550204,0.273377053,5
-0.630444518,-1.257065818,-0.230677208,-1.040447578,-0.082910907,-0.61856896,-1.01535249,-0.320135342,2.309439881,0.178936609,-0.137194816,6
-0.630444518,-0.258513156,1.577489425,0.034427937,-0.360442897,1.402283247,2.198220098,0.447729323,-1.043196354,-0.605383606,-1.368910422,5
0.800173713,-0.857644753,0.673406109,-0.962274813,-0.082910907,-1.747868722,-0.596190848,-0.921072907,-0.977458389,2.183310489,1.915664528,6
0.442519155,1.538881634,0.262459146,-0.356435887,-0.822996215,-1.094063597,-0.596190848,-1.054614588,0.271562954,-0.518236915,2.244122023,6
-2.180280936,0.34061844,-0.312866601,-1.07953396,-0.406698229,-0.440258471,0.288705952,-0.720760385,2.309439881,0.614670061,-0.301423563,6
-0.86888089,-0.757789487,-0.64162417,-0.923188431,2.183600352,0.272983485,0.498286773,-0.587218704,1.652060227,1.486136965,0.437605801,5
-0.034353588,-1.157210552,0.098080362,-1.001361196,-0.129166238,-0.856316278,0.987308688,-0.487062444,0.403038885,1.137550204,0.273377053,6
0.919391899,0.440473707,1.166542463,-0.805929284,-0.267932234,-0.440258471,-0.596190848,-1.021229167,0.074349058,0.266083299,1.915664528,7
-0.511226332,-0.558078955,3.139087882,0.073514319,-0.17542157,-0.143074323,0.661294078,0.547885584,-0.451554666,-1.128263748,-1.040452927,6
-0.153571774,-0.15865789,-0.066298423,-0.962274813,0.055855089,0.510730803,0.63800732,-0.453677023,-0.451554666,-0.431090225,0.027033932,6
-2.06106275,0.939750037,-0.066298423,-1.020904387,-0.822996215,-1.331810915,-1.364653858,-1.321697949,1.19189447,-0.953970368,1.012406417,6
1.753919201,-0.857644753,0.755595501,-0.845015666,0.287131748,-0.915753108,-0.829058427,-0.053051981,-2.226479732,-0.256796844,-0.794109806,5
1.634701015,-0.657934221,0.591216716,-0.825472475,0.194621084,-0.678005789,-0.735911395,-0.053051981,-2.226479732,-0.343943534,-0.794109806,5
-0.153571774,-1.257065818,-0.148487816,0.464378143,0.564663739,-0.678005789,-0.689337879,1.015281467,1.389108366,-0.779676987,-1.368910422,6
1.157828271,-1.157210552,2.481572742,2.066919819,0.194621084,1.996651543,1.639337909,2.083614914,-0.254340769,0.178936609,-0.958338553,7
1.038610085,-0.657934221,0.426837931,-0.90364524,-0.545464225,1.580593736,0.940735172,-1.054614588,-0.648768562,2.27045718,1.75143578,8
2.469228317,-0.358368423,1.330921248,-1.020904387,0.102110421,-0.55913213,-0.759198153,-0.787531226,0.140087023,-1.302557129,1.587207033,6
-1.46497182,-0.657934221,-0.806002955,-0.805929284,0.055855089,1.461720077,1.150315993,0.280802222,3.032557501,2.009017108,-0.301423563,6
1.038610085,0.140907908,0.180269754,0.112600701,-0.17542157,0.154109825,0.498286773,-0.01966656,0.46877685,-1.041117058,0.601834548,8
-0.27278996,-0.957500019,-0.312866601,-0.004658446,0.102110421,0.272983485,2.594094982,0.481114743,0.665990746,0.266083299,-0.383537937,5
-0.27278996,-0.957500019,-0.312866601,-0.004658446,0.102110421,0.272983485,2.594094982,0.481114743,0.665990746,0.266083299,-0.383537937,5
1.753919201,3.036710626,-0.559434778,1.119075047,-0.591719556,0.094672996,-0.549617332,0.581271004,-1.306148216,-0.866823677,0.273377053,6
0.323300969,-1.157210552,-0.148487816,-1.099077152,-0.267932234,0.867351781,-0.433183543,-0.653989545,0.534514816,-1.38970382,-0.383537937,6
0.800173713,2.637289562,-0.888192348,-0.864558858,-0.776740884,-1.331810915,0.265419194,-0.353520763,-0.977458389,-1.38970382,-0.055080442,5
1.753919201,3.036710626,-0.559434778,1.119075047,-0.591719556,0.094672996,-0.549617332,0.581271004,-1.306148216,-0.866823677,0.273377053,6
-0.392008146,-0.258513156,-0.230677208,1.167933025,0.610919071,0.98622544,0.96402193,1.41590651,2.112225985,-0.169650153,-0.547766684,6
0.442519155,-0.458223689,0.262459146,-0.884102049,-0.221676902,0.92678861,0.591433804,-1.121385428,0.46877685,-0.779676987,1.422978285,8
0.442519155,1.13946057,0.262459146,-1.040447578,-0.129166238,0.035236166,-0.619477606,-1.054614588,1.3233704,-0.082503463,1.833550154,8
0.084864597,1.838447433,0.426837931,-0.043744828,-0.314187566,0.629604462,0.544860288,-0.453677023,0.140087023,-1.215410439,1.422978285,7
1.515482829,0.740039505,0.509027324,-0.024201637,-0.314187566,-0.024200664,0.521573531,-0.186593661,-0.254340769,-1.302557129,1.176635164,7
1.038610085,0.140907908,0.180269754,0.112600701,-0.17542157,0.154109825,0.498286773,-0.01966656,0.46877685,-1.041117058,0.601834548,8
2.707664689,0.740039505,0.426837931,-1.07953396,-0.17542157,-1.212937256,-1.830389015,-0.587218704,-1.503362112,-1.825437272,-0.055080442,4
1.277046457,2.93685536,0.426837931,-0.493238225,-0.545464225,-0.796879449,-0.409896785,-0.820916646,0.665990746,1.573283656,1.915664528,7
-0.511226332,0.939750037,-0.066298423,-0.493238225,-0.869251547,0.272983485,-0.223602722,-1.188156269,0.600252781,-0.866823677,1.833550154,7
-1.46497182,-0.657934221,-0.806002955,-0.805929284,0.055855089,1.461720077,1.150315993,0.280802222,3.032557501,2.009017108,-0.301423563,6
-0.27278996,-0.957500019,-0.312866601,-0.004658446,0.102110421,0.272983485,2.594094982,0.481114743,0.665990746,0.266083299,-0.383537937,5
1.038610085,-1.45677635,-0.312866601,-0.90364524,-0.267932234,0.451293973,0.917448415,0.447729323,1.586322262,-0.692530296,-1.204681674,5
0.800173713,-0.857644753,0.591216716,-1.040447578,-0.267932234,0.154109825,0.079125131,-1.154770848,-1.766313974,-0.605383606,0.766063296,5
0.442519155,-0.558078955,0.591216716,1.75422876,0.194621084,1.164535929,1.196889509,1.950073234,0.863204643,0.876110132,-1.286796048,6
-0.749662704,0.140907908,0.509027324,0.014884746,-0.314187566,0.451293973,0.63800732,0.380958482,-0.254340769,-0.431090225,-0.958338553,6
-0.153571774,0.740039505,-0.148487816,-0.786386093,0.102110421,-0.024200664,-0.852345184,-1.021229167,0.600252781,-0.256796844,1.258749538,8
-0.511226332,-0.857644753,-0.148487816,-0.981818005,-0.267932234,-0.261947982,-0.177029206,-0.653989545,1.126156504,0.44037668,0.273377053,7
-0.86888089,-1.556631616,-0.64162417,-0.141460784,-0.082910907,1.223972758,0.428426499,0.314187642,2.177963951,-1.041117058,0.027033932,6
-1.107317262,-1.45677635,-0.477245386,-0.141460784,-0.360442897,1.223972758,1.161959372,0.214031381,2.638129709,-0.518236915,0.109148306,7
-0.630444518,-0.258513156,-0.066298423,-0.981818005,-0.267932234,0.391857144,-0.57290409,-1.188156269,0.008611092,-0.082503463,0.683948922,7
-0.034353588,0.440473707,-1.463518095,-0.981818005,0.240876416,-1.212937256,-1.01535249,-0.053051981,0.205824988,-0.953970368,-0.794109806,4
0.800173713,-0.857644753,0.591216716,-1.040447578,-0.267932234,0.154109825,0.079125131,-1.154770848,-1.766313974,-0.605383606,0.766063296,5
-0.27278996,-1.45677635,-0.477245386,-1.020904387,0.009599757,-0.024200664,0.009264857,-0.487062444,0.928942608,-1.38970382,-0.301423563,7
0.084864597,-1.356921084,0.591216716,-1.07953396,-0.406698229,-0.796879449,-1.038639248,-0.921072907,0.403038885,-0.518236915,0.355491427,6
0.800173713,-0.058802624,-0.806002955,-0.512781416,0.564663739,-0.975189937,-0.57290409,0.547885584,-0.254340769,-0.343943534,-1.286796048,5
0.442519155,-0.558078955,0.591216716,1.75422876,0.194621084,1.164535929,1.196889509,1.950073234,0.863204643,0.876110132,-1.286796048,6
0.561737341,3.635842223,1.084353071,1.509938871,5.652750237,0.391857144,1.057168962,1.41590651,-1.897789905,0.004643228,-0.958338553,5
0.800173713,0.041052642,0.426837931,-0.884102049,0.287131748,-0.737442619,-0.549617332,-0.01966656,0.403038885,-0.779676987,-0.055080442,6
1.634701015,-0.15865789,0.591216716,0.542550907,-0.17542157,0.332420314,0.521573531,0.0804897,-0.583030596,-0.953970368,1.258749538,7
4.495937479,-0.558078955,1.824057603,0.347118996,-0.082910907,0.094672996,0.96402193,1.282364829,-2.095003801,1.660430346,-0.794109806,6
4.495937479,-0.558078955,1.824057603,0.347118996,-0.082910907,0.094672996,0.96402193,1.282364829,-2.095003801,1.660430346,-0.794109806,6
-0.034353588,-0.458223689,0.015890969,-0.727756519,-0.637974888,-0.678005789,-0.433183543,-1.321697949,-0.320078735,-0.953970368,1.587207033,7
-0.86888089,0.240763174,-0.148487816,-0.923188431,-0.637974888,-0.321384812,-0.223602722,-1.021229167,0.600252781,-0.692530296,0.601834548,7
-0.034353588,-0.058802624,0.591216716,-0.923188431,0.055855089,-1.747868722,-0.13045569,-0.420291603,-0.254340769,1.747577037,0.766063296,6
-0.034353588,0.041052642,0.591216716,-0.923188431,0.194621084,-1.510121404,-0.083882174,-0.386906183,-0.188602804,1.921870418,0.766063296,6
-0.034353588,0.041052642,-0.312866601,-0.942731622,0.055855089,0.629604462,-0.177029206,-0.787531226,1.060418539,-0.953970368,0.519720174,7
-0.034353588,1.838447433,-1.134760525,-1.07953396,0.379642412,-1.807305552,-0.316749753,-0.720760385,-0.583030596,-0.605383606,-0.055080442,6
-0.034353588,1.039605303,-0.148487816,0.405748569,-0.082910907,0.035236166,0.288705952,-0.320135342,1.257632435,-1.215410439,1.258749538,7
-1.46497182,1.538881634,-0.312866601,-0.141460784,-0.314187566,-0.678005789,-0.968778974,-0.720760385,2.309439881,1.050403513,1.505092659,7
-0.392008146,2.837000094,-1.463518095,-0.649583755,-0.036655575,-0.440258471,-1.108499521,-0.053051981,-0.451554666,-1.215410439,-1.122567301,6
0.204082783,0.839894771,1.824057603,-1.001361196,0.009599757,-0.61856896,-0.875631942,-0.620604125,0.337300919,-1.38970382,0.027033932,6
-0.153571774,-0.458223689,0.509027324,-0.942731622,0.055855089,-1.807305552,-0.153742448,-0.386906183,0.271562954,1.834723727,0.766063296,6
-0.86888089,0.540328973,-0.395055993,-1.001361196,-0.17542157,-0.55913213,-0.037308659,0.481114743,3.821413086,1.311843585,-0.794109806,5
-1.584190006,2.138013231,-1.710086272,-0.375979078,-0.314187566,-1.094063597,-0.549617332,-1.154770848,1.520584297,3.577657537,2.654693892,7
-0.392008146,1.439026368,-0.066298423,-0.708213328,-0.545464225,-1.212937256,-1.271506826,-1.38846879,0.600252781,0.178936609,2.40835077,6
0.442519155,-0.957500019,-0.395055993,-1.020904387,-0.082910907,-1.391247745,0.079125131,-0.787531226,0.074349058,-0.082503463,0.683948922,7
1.396264643,-0.857644753,0.509027324,-1.07953396,-0.406698229,2.234398862,0.940735172,-0.520447864,-0.845982458,-1.302557129,-0.383537937,6
-1.226535448,-0.857644753,-0.64162417,0.190773466,-0.545464225,-0.143074323,-0.386610027,0.280802222,1.980750054,-0.605383606,-0.301423563,6
-0.86888089,-1.157210552,1.084353071,-0.981818005,-0.776740884,-0.737442619,-1.364653858,-1.38846879,0.46877685,-0.605383606,1.422978285,6
-0.392008146,1.439026368,-0.066298423,-0.708213328,-0.545464225,-1.212937256,-1.271506826,-1.38846879,0.600252781,0.178936609,2.40835077,6
-1.46497182,-1.406848717,-0.312866601,-0.356435887,-0.17542157,-0.975189937,-0.8989187,0.147260541,0.797466677,-0.605383606,-0.958338553,6
-1.584190006,2.138013231,-1.710086272,-0.375979078,-0.314187566,-1.094063597,-0.549617332,-1.154770848,1.520584297,3.577657537,2.654693892,7
-0.034353588,-0.857644753,-0.066298423,-0.942731622,-0.314187566,-0.4996953,-0.968778974,-1.45523963,-0.648768562,-0.256796844,1.505092659,7
0.442519155,-0.957500019,-0.395055993,-1.020904387,-0.082910907,-1.391247745,0.079125131,-0.787531226,0.074349058,-0.082503463,0.683948922,7
0.442519155,-0.258513156,0.180269754,1.304735363,0.194621084,-0.024200664,1.40647033,1.48267735,-0.977458389,-0.256796844,-1.286796048,7
0.442519155,-0.258513156,0.180269754,1.304735363,0.194621084,-0.024200664,1.40647033,1.48267735,-0.977458389,-0.256796844,-1.286796048,7
0.084864597,-0.757789487,0.015890969,-0.141460784,-0.499208893,-0.202511152,-1.318080342,-0.453677023,0.008611092,-0.256796844,0.848177669,6
0.442519155,-0.258513156,0.180269754,1.304735363,0.194621084,-0.024200664,1.40647033,1.48267735,-0.977458389,-0.256796844,-1.286796048,7
-0.749662704,3.935408022,1.166542463,1.207019407,0.287131748,1.283409588,1.918779003,1.248979409,-0.122864839,0.266083299,-0.958338553,6
0.561737341,1.239315836,-0.395055993,-0.200090357,-0.082910907,-0.261947982,-0.409896785,-0.053051981,0.731728712,0.091789918,0.519720174,8
0.204082783,-0.15865789,-0.230677208,-0.825472475,-0.082910907,-0.380821641,-0.270176237,-0.153208241,0.994680573,1.311843585,0.355491427,8
2.469228317,0.34061844,1.166542463,0.034427937,-0.129166238,-1.450684574,-1.550947921,-0.119822821,-1.897789905,-0.953970368,0.930292043,5
-0.749662704,1.13946057,-0.806002955,0.09305751,1.073472389,-1.569558234,-0.526330574,0.01371886,-0.254340769,-1.215410439,-0.219309189,4
1.515482829,-0.558078955,0.180269754,0.073514319,-0.545464225,-1.391247745,-1.155073037,0.0804897,-1.174672285,-0.953970368,0.027033932,8
0.204082783,-0.857644753,-0.477245386,-0.551867799,-0.591719556,-1.153500426,-1.434514132,-0.386906183,-1.832051939,2.531897251,0.766063296,6
0.442519155,-0.258513156,0.180269754,1.304735363,0.194621084,-0.024200664,1.40647033,1.48267735,-0.977458389,-0.256796844,-1.286796048,7
1.157828271,-0.757789487,0.015890969,-1.020904387,-0.267932234,-0.380821641,-0.503043816,-0.320135342,-0.320078735,-0.692530296,0.109148306,6
0.204082783,-0.15865789,-0.148487816,-0.102374402,-0.406698229,0.213546655,-0.992065732,-0.253364502,0.797466677,-0.779676987,0.930292043,6
0.084864597,-0.757789487,0.015890969,-0.141460784,-0.499208893,-0.202511152,-1.318080342,-0.453677023,0.008611092,-0.256796844,0.848177669,6
-0.034353588,0.240763174,-0.066298423,-0.454151843,-0.499208893,-0.55913213,0.358566225,-0.553833284,0.403038885,2.619043942,1.505092659,8
1.396264643,0.140907908,1.248731856,0.132143893,-0.17542157,-0.796879449,-0.363323269,0.0804897,-0.320078735,-0.692530296,0.273377053,6
-1.345753634,-1.057355286,-0.312866601,-0.981818005,-0.406698229,1.164535929,-0.223602722,-1.088000008,0.665990746,-0.953970368,0.683948922,6
-1.226535448,1.389098735,-2.614169589,-1.099077152,-0.360442897,-0.796879449,-1.7838155,-0.320135342,1.126156504,-1.128263748,-0.958338553,5
-0.392008146,-0.458223689,-0.64162417,-1.001361196,-0.036655575,-1.153500426,-0.270176237,-0.253364502,1.126156504,0.963256823,-0.383537937,6
1.992355573,2.737144828,0.098080362,1.783543547,0.518408407,0.005517751,5.283715517,1.983458654,-0.977458389,1.224696894,0.437605801,3
-0.034353588,0.740039505,3.303466667,-1.059990769,-0.082910907,-1.034626767,-0.177029206,-0.720760385,-0.3858167,0.52752337,-0.219309189,5
0.800173713,-1.356921084,3.303466667,-0.942731622,-0.267932234,-0.4996953,-0.852345184,-0.854302066,-0.780244493,-0.779676987,0.273377053,7
2.707664689,0.041052642,1.248731856,1.050673878,-0.17542157,-0.380821641,-0.060595417,1.282364829,-0.583030596,-1.302557129,-0.301423563,4
-0.86888089,-0.957500019,1.248731856,-0.375979078,0.055855089,-1.094063597,-1.155073037,-0.754145805,0.534514816,-1.041117058,0.930292043,6
-1.941844564,-1.107282919,-0.806002955,-1.040447578,0.240876416,-0.61856896,-0.805771669,-0.553833284,0.863204643,-0.169650153,-1.122567301,5
3.422973805,-0.258513156,3.303466667,0.698896437,0.472153075,0.035236166,1.988639277,1.182208568,-0.845982458,-0.518236915,-0.383537937,4
1.396264643,0.140907908,1.248731856,0.132143893,-0.17542157,-0.796879449,-0.363323269,0.0804897,-0.320078735,-0.692530296,0.273377053,6
-0.153571774,-0.558078955,1.248731856,-1.07953396,0.287131748,-0.55913213,-0.270176237,-1.054614588,0.403038885,-1.215410439,0.766063296,6
0.323300969,-0.558078955,1.248731856,-1.059990769,-0.036655575,-0.083637493,0.009264857,-1.38846879,-0.911720423,-1.302557129,1.833550154,6
0.561737341,-0.258513156,1.248731856,-1.040447578,-0.17542157,-0.024200664,0.381852983,-0.820916646,-0.3858167,0.52752337,0.683948922,5
1.515482829,-0.957500019,1.248731856,-1.040447578,-0.591719556,-0.440258471,-1.364653858,-0.620604125,-1.24041025,1.660430346,-0.055080442,7
-0.988099076,-0.558078955,1.248731856,-0.962274813,0.240876416,-1.034626767,-1.224933311,-0.453677023,0.731728712,-0.256796844,-0.711995432,5
0.084864597,1.13946057,-0.806002955,-1.059990769,0.102110421,-1.628995063,-0.479757058,-0.620604125,-1.24041025,-1.563997201,-0.301423563,4
-0.988099076,-0.558078955,1.248731856,-0.962274813,0.240876416,-1.034626767,-1.224933311,-0.453677023,0.731728712,-0.256796844,-0.711995432,5
-0.511226332,0.839894771,1.248731856,-0.688670137,-0.730485552,-1.153500426,-1.061926005,-1.321697949,-0.583030596,0.004643228,1.340863912,7
0.204082783,0.140907908,1.248731856,-1.020904387,-0.68423022,-0.202511152,-0.945492216,-1.622166732,-0.780244493,-1.38970382,1.422978285,6
0.561737341,-0.258513156,1.248731856,-1.040447578,-0.17542157,-0.024200664,0.381852983,-0.820916646,-0.3858167,0.52752337,0.683948922,5
-0.034353588,-0.458223689,-0.806002955,1.519710466,0.33338708,-0.975189937,-1.061926005,1.349135669,-0.122864839,0.091789918,-0.711995432,5
1.873137387,2.837000094,3.303466667,2.233036944,0.240876416,0.92678861,2.407800919,2.117000335,-1.306148216,1.834723727,-1.040452927,5
1.515482829,-0.957500019,1.248731856,-1.040447578,-0.591719556,-0.440258471,-1.364653858,-0.620604125,-1.24041025,1.660430346,-0.055080442,7
-0.749662704,-0.458223689,1.248731856,0.132143893,0.194621084,1.877777884,1.639337909,0.314187642,0.271562954,-1.302557129,-0.794109806,5
-0.988099076,-0.258513156,1.248731856,0.229859849,0.287131748,1.877777884,2.011926035,0.481114743,-0.188602804,-0.169650153,-1.286796048,5
0.323300969,-0.15865789,3.303466667,1.402451319,0.194621084,1.223972758,0.521573531,1.282364829,-1.043196354,-0.431090225,-1.368910422,5
0.323300969,0.34061844,-0.806002955,-0.981818005,0.518408407,-1.094063597,-0.526330574,-0.453677023,-0.188602804,-1.215410439,0.027033932,5
1.277046457,-0.258513156,1.248731856,-1.020904387,0.703429734,-0.4996953,-0.526330574,-0.119822821,-0.714506527,-1.302557129,-0.876224179,5
0.084864597,-0.957500019,1.248731856,-0.219633549,-0.267932234,-0.083637493,-0.340036511,-0.921072907,0.337300919,-0.779676987,1.422978285,6
1.038610085,1.538881634,1.248731856,1.285192172,-0.591719556,0.094672996,0.428426499,0.447729323,-0.320078735,-1.215410439,0.683948922,6
1.634701015,-0.757789487,3.303466667,-0.385750674,-0.082910907,-0.143074323,-0.223602722,-0.587218704,0.403038885,-0.605383606,1.422978285,6
-0.749662704,-0.058802624,1.248731856,-1.020904387,0.795940398,-0.024200664,-1.108499521,-1.021229167,1.257632435,-0.605383606,1.422978285,6
0.561737341,-1.157210552,1.248731856,-1.020904387,0.425897743,-1.034626767,0.242132436,-0.820916646,0.271562954,-0.169650153,0.601834548,6
0.561737341,-1.157210552,1.248731856,-1.020904387,0.425897743,-1.034626767,0.242132436,-0.820916646,0.271562954,-0.169650153,0.601834548,6
-0.034353588,-0.857644753,1.248731856,0.034427937,-0.452953561,0.807914951,0.754441109,-0.320135342,0.074349058,-1.912583963,0.848177669,6
1.038610085,1.538881634,1.248731856,1.285192172,-0.591719556,0.094672996,0.428426499,0.447729323,-0.320078735,-1.215410439,0.683948922,6
0.323300969,1.239315836,1.248731856,-1.040447578,0.102110421,-1.450684574,-0.037308659,-0.420291603,-1.174672285,-0.605383606,-0.958338553,5
1.038610085,1.538881634,1.248731856,1.285192172,-0.591719556,0.094672996,0.428426499,0.447729323,-0.320078735,-1.215410439,0.683948922,6
0.800173713,2.437579029,1.248731856,1.480624084,-0.545464225,0.094672996,0.381852983,0.547885584,-0.320078735,-0.953970368,1.094520791,7
1.634701015,-0.657934221,1.248731856,2.614129172,0.379642412,0.867351781,2.128359824,2.350698276,-1.306148216,0.44037668,-1.040452927,5
-0.034353588,0.640184239,3.303466667,0.933414731,1.073472389,0.510730803,0.242132436,0.881739786,-1.24041025,2.793337322,-1.040452927,5
-0.749662704,-0.058802624,1.248731856,-1.020904387,0.795940398,-0.024200664,-1.108499521,-1.021229167,1.257632435,-0.605383606,1.422978285,6
1.634701015,-0.757789487,3.303466667,-0.385750674,-0.082910907,-0.143074323,-0.223602722,-0.587218704,0.403038885,-0.605383606,1.422978285,6
0.204082783,-0.558078955,3.303466667,-0.727756519,-0.082910907,0.391857144,0.102411889,-1.054614588,0.797466677,-0.692530296,1.422978285,6
1.157828271,-1.656486882,1.248731856,-0.375979078,0.102110421,-0.4996953,-0.153742448,0.147260541,0.337300919,-0.605383606,0.109148306,6
1.873137387,-1.057355286,3.303466667,-0.551867799,0.194621084,-0.380821641,-0.270176237,-0.453677023,0.600252781,-0.779676987,1.587207033,6
-0.630444518,-1.306993451,1.248731856,-0.200090357,0.102110421,1.105099099,0.568147046,0.147260541,2.440915812,-0.431090225,0.273377053,6
0.561737341,-1.157210552,1.248731856,-1.020904387,0.425897743,-1.034626767,0.242132436,-0.820916646,0.271562954,-0.169650153,0.601834548,6
1.634701015,-0.857644753,1.248731856,-1.020904387,0.240876416,-1.450684574,-0.060595417,-0.787531226,-0.845982458,-0.256796844,0.437605801,6
1.277046457,1.6387369,1.248731856,0.523007716,-0.68423022,0.629604462,0.265419194,-0.520447864,-0.188602804,-1.912583963,1.833550154,8
0.084864597,-0.757789487,3.303466667,-1.099077152,-0.082910907,-0.975189937,0.544860288,-0.353520763,1.783536158,0.353229989,-0.219309189,5
-0.034353588,-0.857644753,1.248731856,0.034427937,-0.452953561,0.807914951,0.754441109,-0.320135342,0.074349058,-1.912583963,0.848177669,6
0.204082783,-0.258513156,1.248731856,-0.669126946,-0.730485552,-0.321384812,-1.01535249,-1.288312529,-0.3858167,-0.866823677,1.505092659,7
-0.511226332,-0.358368423,-0.806002955,-0.942731622,0.009599757,-1.212937256,-1.853675773,-0.453677023,0.008611092,-0.866823677,-0.547766684,5
0.323300969,1.239315836,1.248731856,-1.040447578,0.102110421,-1.450684574,-0.037308659,-0.420291603,-1.174672285,-0.605383606,-0.958338553,5
0.800173713,2.437579029,1.248731856,1.480624084,-0.545464225,0.094672996,0.381852983,0.547885584,-0.320078735,-0.953970368,1.094520791,7
1.038610085,1.538881634,1.248731856,1.285192172,-0.591719556,0.094672996,0.428426499,0.447729323,-0.320078735,-1.215410439,0.683948922,6
1.038610085,-0.657934221,1.248731856,-0.9915896,0.287131748,-1.747868722,-2.133116868,-1.021229167,-0.254340769,-1.825437272,0.766063296,5
0.084864597,-0.757789487,1.248731856,-0.102374402,-0.360442897,0.213546655,-0.270176237,-0.119822821,0.140087023,-0.082503463,0.273377053,6
-0.034353588,-0.258513156,-0.806002955,-0.551867799,0.518408407,-1.331810915,-1.271506826,0.01371886,-1.306148216,-0.082503463,-0.794109806,4
0.323300969,-1.956052681,1.248731856,-1.001361196,0.194621084,-1.034626767,0.19555892,0.113875121,1.783536158,-0.431090225,-0.219309189,6
0.204082783,5.732802812,1.248731856,0.444834951,-0.822996215,0.272983485,1.033882204,0.681427265,0.205824988,-1.128263748,0.191262679,5
0.800173713,2.337723763,-0.806002955,-1.020904387,-0.267932234,-1.510121404,-0.829058427,-0.720760385,-0.911720423,-1.738290582,0.273377053,6
1.157828271,-0.558078955,-0.806002955,-0.356435887,-0.082910907,0.213546655,0.451713257,-0.487062444,-1.306148216,-1.825437272,0.848177669,6
0.919391899,-1.157210552,1.248731856,-0.864558858,0.472153075,-0.915753108,-0.363323269,0.214031381,0.863204643,0.004643228,0.191262679,6
0.323300969,-1.956052681,1.248731856,-1.001361196,0.194621084,-1.034626767,0.19555892,0.113875121,1.783536158,-0.431090225,-0.219309189,6
-0.392008146,-0.258513156,-0.806002955,-0.923188431,0.102110421,-0.55913213,-0.363323269,0.01371886,1.19189447,0.963256823,-0.301423563,6
-0.27278996,-1.157210552,1.248731856,-0.786386093,0.009599757,1.283409588,1.103742478,0.347573062,2.835343605,2.793337322,-0.055080442,6
-0.034353588,-0.258513156,-0.806002955,-0.551867799,0.518408407,-1.331810915,-1.271506826,0.01371886,-1.306148216,-0.082503463,-0.794109806,4
0.680955527,0.440473707,-0.806002955,-0.356435887,0.33338708,-1.628995063,-0.13045569,0.547885584,-0.320078735,0.091789918,-1.122567301,3
0.561737341,0.041052642,1.248731856,-0.962274813,-0.545464225,-0.915753108,-0.316749753,-0.787531226,-1.371886181,-0.866823677,0.109148306,6
-0.86888089,-1.257065818,1.248731856,-1.07953396,-0.591719556,-1.094063597,-2.063256594,-0.320135342,0.731728712,1.834723727,-0.876224179,6
-0.27278996,-0.258513156,3.303466667,2.535956408,0.379642412,0.510730803,0.684580836,2.083614914,2.112225985,-0.343943534,-0.547766684,6
-0.511226332,-0.15865789,3.303466667,1.343821746,-0.082910907,1.937214714,1.965352519,1.015281467,-0.057126873,0.44037668,-0.794109806,6
1.157828271,-1.157210552,3.303466667,2.233036944,-0.406698229,0.98622544,1.103742478,1.883302393,-1.306148216,-0.692530296,-0.958338553,5
-1.584190006,-0.907572386,1.248731856,-1.040447578,-0.730485552,-0.440258471,-0.526330574,-0.787531226,2.375177847,-0.343943534,-0.137194816,6
0.680955527,-0.757789487,1.248731856,-1.001361196,-0.68423022,-1.628995063,-0.992065732,-0.787531226,-0.845982458,1.137550204,0.519720174,5
1.277046457,0.240763174,1.248731856,0.58163729,0.009599757,0.689041292,1.127029235,0.748198105,-0.320078735,-0.082503463,-0.383537937,5
1.277046457,0.640184239,1.248731856,0.503464525,-0.591719556,0.213546655,0.940735172,-0.186593661,-0.3858167,-0.953970368,1.505092659,8
0.919391899,0.740039505,1.248731856,0.435063356,-0.591719556,0.391857144,1.08045572,-0.353520763,-0.320078735,-0.953970368,1.587207033,8
0.800173713,0.140907908,1.248731856,0.620723672,-0.730485552,0.570167633,1.336610056,-0.119822821,-0.3858167,-0.953970368,1.505092659,7
-0.27278996,3.436131691,-0.806002955,-1.040447578,-0.314187566,-1.747868722,-1.807102258,-0.253364502,1.454846331,-1.47685051,-0.055080442,5
-0.153571774,-0.058802624,1.248731856,-1.020904387,-0.082910907,-0.024200664,-0.316749753,-1.38846879,-0.3858167,-0.082503463,1.340863912,7
0.919391899,-0.058802624,1.248731856,-0.90364524,-0.221676902,-0.737442619,-1.248220068,-0.921072907,-0.188602804,-0.605383606,1.669321407,6
-0.27278996,2.337723763,-0.806002955,-0.845015666,-0.129166238,-1.272374085,0.358566225,-1.254927109,0.205824988,0.963256823,2.079893275,6
0.561737341,-0.857644753,1.248731856,0.562094099,-0.730485552,-0.55913213,-0.177029206,-0.053051981,-1.306148216,-1.47685051,0.437605801,7
1.634701015,-0.757789487,1.248731856,-0.923188431,-0.267932234,-0.083637493,0.684580836,-0.119822821,-0.911720423,-1.041117058,-0.301423563,5
-0.392008146,0.240763174,-0.806002955,-1.020904387,-0.545464225,-1.094063597,-0.433183543,-0.286749922,-0.3858167,-1.128263748,-1.040452927,5
-0.153571774,0.839894771,-0.806002955,-0.356435887,-0.314187566,-0.678005789,-0.363323269,-1.088000008,0.534514816,-1.302557129,1.75143578,7
0.084864597,-1.057355286,3.303466667,1.24610579,-0.036655575,-0.678005789,-0.316749753,0.01371886,0.46877685,-0.953970368,1.422978285,8
2.707664689,-0.957500019,1.248731856,-0.962274813,-0.221676902,0.213546655,-0.223602722,0.113875121,-0.977458389,0.004643228,-0.547766684,7
1.396264643,-0.757789487,1.248731856,0.327575804,0.240876416,0.92678861,1.522904119,0.414343903,-0.583030596,0.266083299,0.437605801,6
1.038610085,-0.15865789,3.303466667,0.210316657,-0.082910907,1.402283247,0.475000015,0.614656424,0.205824988,1.311843585,-0.383537937,6
-0.153571774,-0.657934221,1.248731856,1.57834004,0.657174402,0.867351781,0.707867594,1.649604451,2.375177847,-0.431090225,-0.547766684,6
1.157828271,-0.757789487,1.248731856,-0.942731622,0.33338708,-1.212937256,0.102411889,-0.386906183,-0.188602804,-0.169650153,0.027033932,5
1.277046457,-0.957500019,1.248731856,-0.90364524,0.703429734,-1.510121404,0.125698647,0.01371886,0.271562954,-0.082503463,-0.383537937,5
2.230791945,-0.458223689,3.303466667,-0.630040563,-0.17542157,-1.212937256,-0.316749753,-0.253364502,-1.10893432,0.178936609,0.601834548,6
0.442519155,-0.558078955,1.248731856,0.58163729,-0.545464225,-0.380821641,-0.13045569,-0.086437401,-1.306148216,-1.47685051,0.437605801,7
0.442519155,-0.558078955,1.248731856,0.679353246,-0.68423022,0.748478121,0.498286773,-0.153208241,-1.174672285,-1.825437272,0.601834548,6
0.561737341,-0.857644753,1.248731856,0.562094099,-0.730485552,-0.55913213,-0.177029206,-0.053051981,-1.306148216,-1.47685051,0.437605801,7
0.442519155,-1.207138185,1.248731856,-1.001361196,-0.314187566,-0.083637493,-0.083882174,-0.520447864,-0.320078735,2.444750561,0.027033932,6
1.515482829,-0.558078955,1.248731856,0.620723672,-0.406698229,1.04566227,0.335279467,0.314187642,-1.10893432,-1.38970382,0.109148306,6
1.515482829,-0.358368423,1.248731856,0.562094099,-0.360442897,0.98622544,0.544860288,0.347573062,-1.10893432,-1.38970382,0.109148306,6
1.753919201,-0.458223689,1.248731856,0.268946231,-0.499208893,-0.796879449,-1.038639248,-0.219979082,-0.977458389,-1.302557129,1.258749538,6
1.634701015,-0.757789487,1.248731856,-0.923188431,-0.267932234,-0.083637493,0.684580836,-0.119822821,-0.911720423,-1.041117058,-0.301423563,5
1.634701015,-0.757789487,1.248731856,-0.923188431,-0.360442897,0.154109825,0.63800732,-0.086437401,-0.911720423,-1.041117058,-0.301423563,6
-0.392008146,0.240763174,-0.806002955,-1.020904387,-0.545464225,-1.094063597,-0.433183543,-0.286749922,-0.3858167,-1.128263748,-1.040452927,5
-0.034353588,-0.657934221,1.248731856,-0.981818005,-0.221676902,-1.212937256,0.568147046,-0.487062444,0.403038885,1.224696894,0.437605801,5
1.277046457,-0.258513156,1.248731856,0.503464525,-0.082910907,-0.261947982,1.057168962,1.282364829,0.994680573,0.004643228,-0.383537937,6
-0.392008146,-0.657934221,1.248731856,2.291666518,-0.17542157,0.332420314,0.428426499,1.849916973,0.600252781,-0.866823677,-1.451024796,6
0.323300969,-0.058802624,3.303466667,1.187476216,-0.406698229,0.689041292,0.381852983,1.315750249,-0.977458389,-0.431090225,-1.451024796,5
8.668573988,-0.058802624,1.248731856,-1.040447578,-0.406698229,-0.143074323,0.381852983,-0.720760385,-0.254340769,0.44037668,0.519720174,6
1.157828271,0.041052642,1.248731856,0.24940304,-0.036655575,0.748478121,1.290036541,0.414343903,-0.977458389,0.52752337,0.437605801,6
0.561737341,-0.058802624,1.248731856,-1.040447578,-0.406698229,-0.143074323,0.381852983,-0.720760385,-0.254340769,0.44037668,0.519720174,6
-0.392008146,-0.657934221,1.248731856,2.291666518,-0.17542157,0.332420314,0.428426499,1.849916973,0.600252781,-0.866823677,-1.451024796,6
0.323300969,-0.058802624,3.303466667,1.187476216,-0.406698229,0.689041292,0.381852983,1.315750249,-0.977458389,-0.431090225,-1.451024796,5
1.396264643,0.240763174,1.248731856,0.327575804,-0.406698229,-0.55913213,0.801014625,0.04710428,-0.583030596,-1.651143891,0.601834548,7
0.680955527,-0.458223689,1.248731856,0.24940304,0.148365752,1.521156906,1.616051151,-0.01966656,-0.320078735,-1.651143891,0.519720174,7
0.442519155,-0.15865789,1.248731856,-0.278263122,-0.822996215,-0.202511152,-0.759198153,-0.186593661,0.337300919,0.44037668,0.273377053,6
0.204082783,-0.957500019,3.303466667,1.793315143,-0.082910907,0.510730803,0.847588141,1.816531553,1.257632435,1.573283656,-1.204681674,6
1.873137387,-1.257065818,1.248731856,-0.962274813,-0.68423022,-1.094063597,-0.409896785,-0.320135342,-1.043196354,-0.779676987,-0.137194816,6
2.350010131,-1.45677635,1.248731856,-1.059990769,-0.822996215,-1.747868722,-2.691999057,-0.520447864,-1.832051939,-1.47685051,-0.465652311,5
1.396264643,0.041052642,1.248731856,-1.059990769,-0.267932234,-0.202511152,0.19555892,-0.186593661,-0.3858167,-0.692530296,-0.383537937,6
-1.107317262,-1.057355286,1.248731856,-1.059990769,-0.545464225,-0.55913213,-0.782484911,-0.720760385,0.140087023,-0.605383606,-0.547766684,6
0.442519155,-0.15865789,1.248731856,-0.278263122,-0.822996215,-0.202511152,-0.759198153,-0.186593661,0.337300919,0.44037668,0.273377053,6
0.204082783,-0.957500019,3.303466667,1.793315143,-0.082910907,0.510730803,0.847588141,1.816531553,1.257632435,1.573283656,-1.204681674,6
0.204082783,2.537434296,-0.806002955,-1.099077152,-0.776740884,-0.380821641,-1.248220068,-0.386906183,-0.188602804,-1.47685051,-1.122567301,4
0.323300969,-1.157210552,1.248731856,-1.001361196,-0.406698229,-0.4996953,-0.829058427,-0.587218704,0.271562954,0.701816751,0.109148306,6
0.442519155,-1.356921084,1.248731856,-1.040447578,-0.360442897,-0.440258471,-0.945492216,-0.453677023,0.074349058,2.009017108,0.109148306,6
2.350010131,-1.45677635,1.248731856,-1.059990769,-0.822996215,-1.747868722,-2.691999057,-0.520447864,-1.832051939,-1.47685051,-0.465652311,5
1.157828271,-1.556631616,1.248731856,-0.23917674,0.148365752,-0.143074323,0.288705952,0.347573062,-0.057126873,-0.169650153,0.109148306,6
-0.27278996,0.140907908,1.248731856,-0.336892696,-0.545464225,-0.024200664,0.381852983,0.113875121,-0.3858167,-0.343943534,-0.465652311,6
-0.27278996,0.240763174,1.248731856,-0.317349505,-0.545464225,0.035236166,0.428426499,0.113875121,-0.451554666,-0.343943534,-0.465652311,6
0.204082783,0.839894771,-0.806002955,-0.90364524,-0.961762211,-0.202511152,-0.875631942,-1.288312529,0.994680573,0.876110132,1.915664528,6
1.873137387,-1.257065818,1.248731856,-0.962274813,-0.68423022,-1.094063597,-0.409896785,-0.320135342,-1.043196354,-0.779676987,-0.137194816,6
1.157828271,-0.957500019,1.248731856,-0.23917674,0.240876416,0.035236166,0.405139741,0.380958482,-0.057126873,-0.082503463,0.109148306,6
-0.392008146,-0.857644753,5.358201478,-1.020904387,3.525004974,0.570167633,-0.24688948,-0.186593661,-0.648768562,-1.563997201,-1.451024796,6
0.442519155,-0.657934221,1.248731856,-0.90364524,-0.360442897,0.510730803,0.288705952,-0.987843747,0.863204643,-0.431090225,1.75143578,7
-0.034353588,0.240763174,1.248731856,0.229859849,0.518408407,-0.61856896,0.381852983,0.681427265,1.586322262,1.224696894,0.437605801,7
1.157828271,1.439026368,1.248731856,0.347118996,0.472153075,-0.202511152,0.568147046,0.781583525,0.665990746,0.963256823,0.601834548,7
-0.034353588,-0.358368423,1.248731856,-1.001361196,-0.637974888,-0.024200664,0.19555892,-0.320135342,1.717798193,0.701816751,0.191262679,7
0.800173713,-0.458223689,1.248731856,0.698896437,-0.452953561,0.570167633,0.987308688,0.848354366,-0.714506527,0.788963442,-0.711995432,6
1.157828271,-0.957500019,1.248731856,-0.23917674,0.240876416,0.035236166,0.405139741,0.380958482,-0.057126873,-0.082503463,0.109148306,6
-0.86888089,1.538881634,1.248731856,-0.004658446,-0.036655575,-1.391247745,-0.57290409,0.714812685,0.534514816,0.701816751,-1.204681674,4
2.230791945,0.740039505,1.248731856,-1.059990769,-0.452953561,-1.272374085,-1.946822805,-0.720760385,-1.503362112,-1.38970382,0.027033932,4
1.038610085,0.240763174,3.303466667,-0.90364524,-0.591719556,-0.143074323,0.381852983,-1.054614588,0.665990746,0.266083299,1.915664528,6
2.588446503,0.041052642,1.248731856,-0.864558858,0.610919071,-1.510121404,-0.642764364,0.547885584,-0.254340769,-0.256796844,-0.301423563,5
0.204082783,0.640184239,1.248731856,-0.962274813,-0.869251547,-0.55913213,-0.316749753,-1.38846879,0.731728712,-1.38970382,1.422978285,7
1.038610085,0.240763174,3.303466667,-0.90364524,-0.591719556,-0.143074323,0.381852983,-1.054614588,0.665990746,0.266083299,1.915664528,6
2.588446503,0.041052642,1.248731856,-0.864558858,0.610919071,-1.510121404,-0.642764364,0.547885584,-0.254340769,-0.256796844,-0.301423563,5
1.873137387,-0.857644753,1.248731856,-0.57141099,-0.082910907,-0.380821641,-0.526330574,-0.119822821,-0.320078735,0.178936609,-0.301423563,6
0.800173713,-0.957500019,1.248731856,2.272123327,0.009599757,0.035236166,0.428426499,1.816531553,-0.845982458,-0.692530296,-1.040452927,5
0.680955527,-0.857644753,1.248731856,-0.90364524,0.425897743,-0.975189937,-0.689337879,0.147260541,0.928942608,-0.431090225,-0.465652311,5
0.561737341,0.240763174,1.248731856,0.347118996,0.425897743,0.807914951,1.127029235,1.082052307,2.177963951,0.788963442,-0.629881058,6
-0.27278996,0.240763174,3.303466667,-0.278263122,-0.360442897,-0.024200664,0.405139741,0.113875121,0.140087023,-0.256796844,-0.465652311,5
-0.392008146,0.240763174,3.303466667,-0.356435887,-0.221676902,0.035236166,0.451713257,0.147260541,0.140087023,-0.343943534,-0.465652311,5
0.561737341,0.240763174,1.248731856,0.347118996,0.425897743,0.807914951,1.127029235,1.082052307,2.177963951,0.788963442,-0.629881058,6
-0.034353588,-0.558078955,1.248731856,0.112600701,0.795940398,0.867351781,0.661294078,0.514500163,2.309439881,0.091789918,-0.137194816,6
1.038610085,-0.15865789,1.248731856,-0.649583755,-0.036655575,-0.856316278,-0.549617332,-0.353520763,-0.188602804,-1.215410439,-0.137194816,5
1.873137387,-1.057355286,1.248731856,0.464378143,0.102110421,-0.737442619,-0.735911395,0.180645961,-2.029265835,-1.302557129,0.027033932,4
-0.153571774,-1.057355286,3.303466667,-0.786386093,0.33338708,1.521156906,0.987308688,0.380958482,2.90108157,2.35760387,0.027033932,6
-0.86888089,-0.058802624,1.248731856,-0.981818005,0.194621084,-0.915753108,-1.527661163,-0.353520763,0.863204643,-0.431090225,-0.547766684,6
0.204082783,3.635842223,1.248731856,-0.90364524,0.194621084,-1.094063597,-0.270176237,0.147260541,0.797466677,0.788963442,0.109148306,4
-0.630444518,-0.957500019,3.303466667,1.070217069,0.009599757,1.105099099,0.661294078,1.215593988,2.572391743,1.660430346,-0.301423563,5
0.800173713,0.34061844,1.248731856,1.363364937,0.749685066,0.867351781,1.196889509,1.582833611,0.205824988,0.353229989,-1.204681674,4
3.422973805,0.34061844,1.248731856,1.75422876,0.009599757,-1.331810915,-0.479757058,2.083614914,-0.057126873,-0.343943534,-0.794109806,5
2.469228317,0.240763174,1.248731856,0.151687084,-0.314187566,-0.202511152,-1.294793584,-0.119822821,-1.634838043,-1.47685051,0.848177669,6
1.753919201,-0.358368423,1.248731856,0.190773466,-0.314187566,0.629604462,-0.735911395,-0.253364502,-1.043196354,-1.38970382,1.176635164,7
-0.630444518,-0.957500019,3.303466667,1.070217069,0.009599757,1.105099099,0.661294078,1.215593988,2.572391743,1.660430346,-0.301423563,5
-0.630444518,-0.258513156,3.303466667,0.268946231,-0.036655575,0.98622544,1.616051151,0.481114743,0.140087023,-0.605383606,-1.040452927,6
0.442519155,0.240763174,3.303466667,1.382908128,-0.314187566,0.629604462,0.591433804,1.349135669,-1.10893432,-0.779676987,-1.451024796,5
2.826882875,0.34061844,1.248731856,-1.001361196,-0.17542157,-0.083637493,0.172272162,0.214031381,-0.517292631,-0.256796844,-0.547766684,5
-0.630444518,-0.258513156,3.303466667,0.268946231,-0.036655575,0.98622544,1.616051151,0.481114743,0.140087023,-0.605383606,-1.040452927,6
0.442519155,0.240763174,3.303466667,1.382908128,-0.314187566,0.629604462,0.591433804,1.349135669,-1.10893432,-0.779676987,-1.451024796,5
0.084864597,-0.058802624,3.303466667,-0.962274813,-0.452953561,-0.4996953,-0.409896785,-0.520447864,1.060418539,-0.082503463,0.601834548,6
1.157828271,-1.356921084,3.303466667,-1.020904387,-0.822996215,-0.321384812,0.591433804,-1.054614588,-0.714506527,2.880484013,1.505092659,6
-0.630444518,-1.556631616,1.248731856,-0.004658446,-0.17542157,0.807914951,0.498286773,0.113875121,0.994680573,-0.431090225,-0.055080442,6
-0.153571774,-0.657934221,3.303466667,-1.020904387,0.055855089,-0.61856896,-0.666051121,-0.854302066,-0.3858167,-0.692530296,0.191262679,6
1.992355573,-1.157210552,1.248731856,0.171230275,-0.129166238,-1.569558234,-1.7838155,0.380958482,-0.3858167,0.876110132,0.027033932,6
0.084864597,0.140907908,1.248731856,-0.512781416,0.055855089,0.094672996,-0.083882174,-0.119822821,-1.569100078,-0.779676987,-0.876224179,6
-0.630444518,-0.058802624,1.248731856,0.171230275,0.009599757,1.04566227,1.546190877,0.481114743,0.337300919,-0.518236915,-1.040452927,6
-0.392008146,2.737144828,-2.696358981,-0.727756519,-0.545464225,1.223972758,-0.409896785,-1.188156269,-0.254340769,-1.651143891,1.176635164,5
-0.630444518,-0.058802624,1.248731856,0.171230275,0.009599757,1.04566227,1.546190877,0.481114743,0.337300919,-0.518236915,-1.040452927,6
-0.749662704,-0.358368423,3.303466667,-0.981818005,5.837771564,-0.678005789,-0.735911395,-0.320135342,0.534514816,-0.866823677,-0.465652311,6
-0.27278996,0.540328973,1.248731856,-0.942731622,5.606494905,-0.915753108,-1.061926005,-0.921072907,-0.517292631,0.091789918,0.766063296,6
0.084864597,0.140907908,1.248731856,-0.512781416,0.055855089,0.094672996,-0.083882174,-0.119822821,-1.569100078,-0.779676987,-0.876224179,6
1.515482829,0.640184239,1.248731856,0.308032613,0.009599757,1.164535929,1.942065761,0.614656424,-0.714506527,0.266083299,0.191262679,6
-1.584190006,1.13946057,-0.806002955,-0.336892696,-0.545464225,-0.4996953,-1.457800889,-1.188156269,0.600252781,-1.128263748,1.833550154,5
-1.584190006,1.339171102,-0.806002955,-0.884102049,-0.545464225,-1.510121404,-2.016683079,-2.006099064,0.863204643,0.091789918,2.490465144,7
-0.27278996,1.339171102,-2.696358981,-0.708213328,0.102110421,0.213546655,-0.060595417,0.01371886,0.337300919,-1.215410439,-0.794109806,5
0.204082783,-0.15865789,1.248731856,-0.825472475,-0.637974888,-0.261947982,-0.619477606,-1.288312529,1.19189447,-0.605383606,1.997778902,9
0.680955527,0.440473707,1.248731856,-0.923188431,-0.68423022,0.510730803,-0.712624637,-1.188156269,-0.780244493,-0.256796844,1.669321407,6
-1.345753634,-0.857644753,1.248731856,-0.297806313,-0.267932234,0.510730803,-0.503043816,-0.219979082,0.994680573,-0.953970368,-0.794109806,7
-0.034353588,-0.058802624,1.248731856,3.337227246,0.518408407,1.402283247,2.221506856,2.751323319,-1.371886181,-0.169650153,-1.533139169,5
1.396264643,-0.757789487,1.248731856,1.050673878,0.102110421,0.629604462,1.685911425,0.881739786,-0.648768562,-0.256796844,-0.383537937,7
0.680955527,0.440473707,1.248731856,-0.923188431,-0.68423022,0.510730803,-0.712624637,-1.188156269,-0.780244493,-0.256796844,1.669321407,6
1.515482829,-0.15865789,1.248731856,-0.23917674,-0.267932234,-0.975189937,-0.922205458,-0.01966656,-0.451554666,-1.302557129,-0.301423563,6
1.038610085,-0.15865789,1.248731856,-0.630040563,-0.869251547,-0.440258471,-1.224933311,-0.754145805,-1.043196354,-1.47685051,0.683948922,7
1.277046457,-1.356921084,1.248731856,-0.962274813,-0.499208893,0.391857144,-0.4564703,-0.453677023,0.46877685,-0.779676987,0.109148306,7
1.277046457,0.140907908,1.248731856,1.031130687,-0.499208893,0.272983485,-0.200315964,0.547885584,-0.320078735,-1.302557129,0.273377053,5
0.680955527,-0.857644753,1.248731856,-0.942731622,0.055855089,0.391857144,0.009264857,-0.320135342,1.389108366,-0.169650153,0.191262679,6
-0.034353588,0.640184239,1.248731856,0.171230275,-0.036655575,1.521156906,1.546190877,0.514500163,-0.648768562,-0.779676987,-1.204681674,6
-0.86888089,-0.757789487,1.248731856,-0.942731622,0.888451061,-1.094063597,0.079125131,-0.153208241,0.205824988,0.266083299,-1.040452927,6
-0.630444518,0.939750037,1.248731856,1.343821746,-0.036655575,1.04566227,2.407800919,1.349135669,-0.320078735,-0.082503463,-1.615253543,6
-0.86888089,-0.558078955,1.248731856,-0.08283121,-0.776740884,-0.261947982,-0.270176237,-0.453677023,1.454846331,-1.128263748,0.683948922,8
1.038610085,-0.15865789,1.248731856,-0.630040563,-0.869251547,-0.440258471,-1.224933311,-0.754145805,-1.043196354,-1.47685051,0.683948922,7
2.350010131,0.440473707,1.248731856,-0.942731622,0.194621084,-1.094063597,-0.200315964,0.481114743,-0.3858167,-1.302557129,-0.876224179,5
-0.511226332,1.6387369,1.248731856,0.24940304,-0.036655575,-1.153500426,0.684580836,0.514500163,-0.517292631,-1.041117058,-1.451024796,6
0.084864597,-1.356921084,1.248731856,-0.102374402,0.33338708,-0.796879449,-0.503043816,0.414343903,1.126156504,-1.128263748,-0.876224179,6
2.469228317,-1.057355286,1.248731856,-1.059990769,-0.314187566,0.629604462,-0.200315964,-0.386906183,-0.648768562,0.178936609,0.027033932,7
-0.630444518,-0.15865789,1.248731856,-0.004658446,-0.406698229,0.094672996,0.498286773,0.414343903,1.257632435,0.353229989,-0.629881058,6
2.469228317,-0.558078955,1.248731856,0.777069202,0.102110421,0.98622544,1.290036541,1.51606277,0.797466677,-0.431090225,-0.219309189,6
2.350010131,0.440473707,1.248731856,-0.942731622,0.194621084,-1.094063597,-0.200315964,0.481114743,-0.3858167,-1.302557129,-0.876224179,5
1.515482829,-0.757789487,1.248731856,-0.57141099,0.518408407,-1.272374085,-0.735911395,-0.453677023,0.008611092,-1.215410439,0.848177669,6
1.038610085,-1.257065818,-0.806002955,0.24940304,0.055855089,-0.856316278,-0.968778974,0.314187642,-1.634838043,-1.563997201,-0.711995432,6
-0.034353588,-0.258513156,-0.806002955,-0.90364524,0.33338708,-1.747868722,-0.433183543,-0.386906183,0.271562954,1.834723727,0.766063296,5
1.515482829,-0.757789487,1.248731856,-0.57141099,0.518408407,-1.272374085,-0.735911395,-0.453677023,0.008611092,-1.215410439,0.848177669,6
0.204082783,0.041052642,1.248731856,0.014884746,-0.221676902,-0.440258471,-0.666051121,-0.520447864,1.454846331,0.788963442,1.422978285,8
0.561737341,-0.857644753,1.248731856,0.053971128,-0.406698229,-1.212937256,-0.689337879,-0.119822821,0.074349058,-0.953970368,0.437605801,7
1.634701015,-0.258513156,1.248731856,2.027833437,0.102110421,0.867351781,2.058499551,1.983458654,-1.043196354,0.266083299,-1.040452927,6
0.680955527,-1.356921084,3.303466667,-0.942731622,-0.499208893,-0.856316278,-0.316749753,-0.286749922,0.46877685,-0.343943534,-0.219309189,6
1.038610085,2.138013231,1.248731856,0.112600701,-0.129166238,-0.380821641,0.218845678,0.347573062,0.140087023,-1.38970382,-0.383537937,5
1.396264643,-1.556631616,1.248731856,-1.020904387,-0.17542157,0.451293973,0.475000015,-0.253364502,-0.3858167,-0.082503463,-0.629881058,6
0.800173713,1.938302699,1.248731856,1.285192172,8.936878795,0.391857144,1.872205488,1.549448191,-1.503362112,0.178936609,-1.040452927,5
1.157828271,-0.558078955,1.248731856,-0.512781416,-0.17542157,-0.55913213,-0.805771669,-0.386906183,-0.583030596,-0.866823677,0.027033932,5
1.038610085,2.138013231,1.248731856,0.112600701,-0.129166238,-0.380821641,0.218845678,0.347573062,0.140087023,-1.38970382,-0.383537937,5
-0.630444518,-0.558078955,1.248731856,0.210316657,0.379642412,0.391857144,0.265419194,0.214031381,0.534514816,0.266083299,-0.301423563,6
0.442519155,-0.857644753,1.248731856,1.783543547,0.564663739,0.867351781,-0.13045569,1.883302393,1.520584297,-1.128263748,-1.122567301,7
1.396264643,0.240763174,1.248731856,1.148389834,0.148365752,0.867351781,0.102411889,0.981896047,-0.648768562,0.701816751,-0.219309189,7
0.442519155,-0.857644753,1.248731856,1.783543547,0.564663739,0.867351781,-0.13045569,1.883302393,1.520584297,-1.128263748,-1.122567301,7
0.680955527,-0.358368423,1.248731856,0.58163729,0.102110421,0.867351781,0.218845678,0.681427265,-0.122864839,0.876110132,0.027033932,7
-0.630444518,-0.558078955,1.248731856,0.210316657,0.379642412,0.391857144,0.265419194,0.214031381,0.534514816,0.266083299,-0.301423563,6
1.038610085,-0.657934221,1.248731856,-1.020904387,-0.452953561,-0.915753108,-0.945492216,-1.38846879,-0.911720423,-1.825437272,1.340863912,7
0.204082783,0.240763174,1.248731856,-0.942731622,-0.036655575,-0.261947982,-0.922205458,0.01371886,1.389108366,0.876110132,-0.219309189,5
-0.034353588,-0.15865789,1.248731856,-0.942731622,0.564663739,0.213546655,0.614720562,0.781583525,3.032557501,0.266083299,-0.876224179,4
0.800173713,0.34061844,1.248731856,-0.48346663,-0.082910907,-0.4996953,-0.200315964,-0.987843747,-0.714506527,1.573283656,1.915664528,7
-0.630444518,1.439026368,3.303466667,1.24610579,1.397259711,0.748478121,1.616051151,1.215593988,-0.451554666,0.788963442,-1.204681674,6
1.515482829,0.140907908,1.248731856,-1.059990769,-0.082910907,-0.380821641,-0.503043816,-0.453677023,0.337300919,-1.128263748,0.355491427,4
1.157828271,0.540328973,-0.477245386,4.920225732,0.33338708,-0.024200664,0.847588141,5.388771518,-0.254340769,-0.953970368,-1.368910422,6
-0.392008146,1.838447433,1.248731856,0.190773466,0.287131748,-0.975189937,1.033882204,0.481114743,-0.517292631,-0.953970368,-1.204681674,5
1.038610085,0.041052642,1.248731856,-1.001361196,0.009599757,-0.4996953,0.055838373,-0.186593661,-0.648768562,0.876110132,-0.219309189,5
-1.345753634,-1.257065818,1.248731856,-1.040447578,0.102110421,-0.856316278,-0.968778974,-0.420291603,0.008611092,-0.082503463,-1.040452927,5
1.038610085,1.239315836,1.248731856,0.268946231,0.657174402,-0.083637493,0.521573531,0.814968946,0.46877685,0.788963442,0.683948922,6
-0.392008146,0.34061844,1.248731856,0.24940304,0.194621084,0.98622544,1.872205488,0.748198105,-0.451554666,-0.343943534,-1.368910422,5
-0.392008146,0.49040134,1.248731856,0.24940304,0.148365752,1.04566227,1.802345214,0.614656424,-0.188602804,-0.779676987,-0.958338553,5
-0.392008146,-0.058802624,1.248731856,0.268946231,0.148365752,1.580593736,1.802345214,0.581271004,-0.122864839,-0.343943534,-0.876224179,6
-0.27278996,-0.15865789,1.248731856,0.366662187,0.055855089,1.105099099,1.196889509,0.414343903,0.271562954,-0.779676987,-0.137194816,6
-0.27278996,-0.657934221,1.248731856,-0.981818005,0.055855089,-0.321384812,-0.596190848,-0.921072907,-1.766313974,-0.605383606,0.273377053,7
1.157828271,0.540328973,-0.477245386,4.920225732,0.33338708,-0.024200664,0.847588141,5.388771518,-0.254340769,-0.953970368,-1.368910422,6
1.396264643,0.041052642,1.002163678,1.75422876,0.610919071,-0.202511152,0.870874899,2.083614914,0.534514816,0.788963442,-1.204681674,4
-0.511226332,-1.45677635,0.262459146,-1.059990769,-0.452953561,0.748478121,-0.596190848,-1.021229167,1.454846331,0.178936609,0.848177669,8
1.038610085,1.688664533,1.824057603,-1.059990769,-0.267932234,-1.628995063,-1.294793584,-0.119822821,0.403038885,-0.518236915,0.273377053,5
2.230791945,1.13946057,0.015890969,-0.102374402,0.425897743,-0.143074323,-0.270176237,-0.487062444,-1.569100078,0.178936609,1.094520791,6
1.157828271,-0.957500019,-0.066298423,-1.020904387,-0.591719556,-0.915753108,-1.574234679,-0.653989545,-0.451554666,-0.953970368,0.027033932,7
0.204082783,0.34061844,0.344648539,-1.020904387,-0.452953561,-1.510121404,-0.363323269,-0.587218704,-0.320078735,-0.431090225,-0.465652311,6
1.038610085,-0.358368423,-1.29913931,0.053971128,0.009599757,-0.143074323,0.475000015,0.714812685,0.074349058,0.614670061,-0.547766684,6
0.084864597,0.740039505,-0.312866601,0.014884746,-0.822996215,-0.4996953,-1.224933311,-0.186593661,1.389108366,-0.605383606,0.766063296,7
-0.392008146,-0.15865789,-0.230677208,-0.317349505,4.265090283,0.332420314,0.661294078,0.314187642,0.074349058,-0.953970368,-0.958338553,5
-0.392008146,-0.058802624,-0.230677208,-0.219633549,4.218834951,-0.024200664,0.544860288,0.314187642,0.074349058,-0.953970368,-0.958338553,5
-0.153571774,-0.558078955,-0.395055993,0.483921334,0.009599757,2.769330328,1.127029235,0.447729323,0.731728712,-0.431090225,-0.137194816,6
-0.86888089,-0.058802624,-0.148487816,0.464378143,0.055855089,1.758904225,1.965352519,0.648041844,-0.122864839,-0.169650153,-1.286796048,5
0.084864597,0.740039505,-0.312866601,0.014884746,-0.822996215,-0.4996953,-1.224933311,-0.186593661,1.389108366,-0.605383606,0.766063296,7
0.442519155,-0.458223689,0.262459146,-0.90364524,-0.637974888,1.461720077,0.381852983,-0.720760385,-0.517292631,-1.215410439,0.519720174,6
-0.86888089,0.240763174,-1.134760525,0.034427937,-0.036655575,0.391857144,0.707867594,0.0804897,1.126156504,-0.343943534,-0.055080442,6
-0.630444518,0.740039505,-1.134760525,-0.141460784,-0.545464225,-1.034626767,-0.526330574,0.0804897,0.928942608,-0.518236915,-0.301423563,5
0.800173713,0.440473707,0.015890969,2.3307529,0.379642412,0.510730803,1.336610056,2.217156595,0.205824988,0.52752337,-1.204681674,5
-0.749662704,0.34061844,-0.312866601,0.698896437,0.009599757,0.807914951,1.685911425,0.681427265,3.62419919,0.52752337,1.176635164,6
0.323300969,-0.258513156,-0.477245386,1.558796849,0.425897743,1.164535929,1.522904119,1.48267735,-0.451554666,-0.953970368,-1.204681674,7
0.323300969,-0.258513156,-0.477245386,1.558796849,0.425897743,1.164535929,1.522904119,1.48267735,-0.451554666,-0.953970368,-1.204681674,7
0.442519155,-0.15865789,-0.066298423,2.233036944,0.148365752,0.362138729,1.290036541,1.950073234,-0.845982458,-0.431090225,-1.122567301,7
0.323300969,-0.258513156,-0.477245386,1.558796849,0.425897743,1.164535929,1.522904119,1.48267735,-0.451554666,-0.953970368,-1.204681674,7
0.561737341,-0.15865789,0.262459146,0.58163729,0.055855089,0.391857144,0.172272162,1.349135669,1.783536158,2.009017108,-0.383537937,5
0.442519155,-0.15865789,-0.066298423,2.233036944,0.148365752,0.362138729,1.290036541,1.950073234,-0.845982458,-0.431090225,-1.122567301,7
-0.27278996,-0.258513156,-0.64162417,-0.952503218,-0.221676902,4.938774609,1.779058456,0.247416802,2.375177847,1.224696894,-0.876224179,3
0.204082783,-1.157210552,-0.723813563,-1.001361196,-0.545464225,-0.440258471,-0.386610027,-0.887687486,0.534514816,0.52752337,0.766063296,6
2.469228317,1.538881634,-0.312866601,-0.962274813,0.194621084,-1.688431893,0.824301383,0.314187642,-0.517292631,-0.343943534,-0.629881058,4
0.323300969,-0.258513156,-0.477245386,1.558796849,0.425897743,1.164535929,1.522904119,1.48267735,-0.451554666,-0.953970368,-1.204681674,7
0.084864597,-0.358368423,-0.312866601,-0.434608652,-0.267932234,0.332420314,1.709198182,-0.487062444,0.600252781,0.004643228,1.094520791,6
-0.27278996,-0.108730257,-0.97038174,0.42529176,0.102110421,1.105099099,1.359896814,0.447729323,0.403038885,-0.692530296,-0.219309189,5
0.919391899,-1.556631616,-0.148487816,-0.981818005,0.657174402,0.689041292,0.242132436,0.347573062,1.19189447,-0.605383606,-1.040452927,6
0.323300969,-0.657934221,-0.066298423,-0.669126946,-0.452953561,-0.024200664,-0.177029206,-0.453677023,0.403038885,-0.779676987,0.437605801,6
1.873137387,0.440473707,0.180269754,1.656512805,-0.221676902,0.689041292,1.173602751,1.349135669,-0.714506527,-1.563997201,-0.383537937,6
-0.034353588,-0.957500019,-0.312866601,-0.864558858,-0.360442897,0.213546655,1.173602751,-0.921072907,0.863204643,-1.041117058,1.422978285,6
0.084864597,-0.358368423,-0.312866601,-0.434608652,-0.267932234,0.332420314,1.709198182,-0.487062444,0.600252781,0.004643228,1.094520791,6
-0.749662704,-0.15865789,-0.395055993,-0.825472475,-0.129166238,-0.024200664,0.824301383,-0.787531226,1.257632435,-0.518236915,0.930292043,6
-0.27278996,-0.15865789,-0.312866601,-0.90364524,-0.129166238,-0.61856896,-0.433183543,0.0804897,1.652060227,1.050403513,-0.219309189,6
1.157828271,0.140907908,0.180269754,0.91387154,-0.591719556,0.451293973,1.592764393,0.915125206,-0.320078735,-0.256796844,-0.137194816,5
-0.511226332,-0.058802624,-1.216949918,-0.434608652,0.009599757,-1.747868722,-0.596190848,0.447729323,0.403038885,-1.215410439,-1.533139169,4
-0.27278996,0.540328973,0.673406109,-0.004658446,0.564663739,-0.4996953,0.265419194,0.414343903,-0.188602804,-0.431090225,-0.711995432,5
-0.27278996,0.34061844,0.673406109,-0.004658446,0.518408407,-0.61856896,0.19555892,0.447729323,-0.188602804,-0.343943534,-0.711995432,5
-0.392008146,-0.258513156,-0.230677208,-0.962274813,-0.499208893,-0.202511152,-0.293462995,-0.687374965,1.454846331,-0.169650153,0.683948922,6
-0.630444518,-0.358368423,-0.97038174,-0.962274813,-0.360442897,0.154109825,0.405139741,-0.253364502,1.454846331,0.52752337,-0.465652311,6
-0.153571774,-0.15865789,-0.395055993,2.057148224,0.472153075,0.748478121,0.917448415,1.883302393,1.717798193,-0.779676987,-0.711995432,5
0.084864597,3.336276425,-0.64162417,-0.923188431,0.240876416,-0.61856896,0.498286773,0.147260541,1.126156504,0.963256823,0.109148306,4
-0.153571774,-0.558078955,-0.312866601,1.402451319,0.425897743,0.867351781,0.940735172,1.41590651,1.652060227,-0.866823677,-0.547766684,5
1.396264643,0.34061844,-0.806002955,-0.942731622,-0.637974888,-1.510121404,-1.690668468,-0.587218704,-0.714506527,-0.169650153,0.027033932,5
0.084864597,-0.757789487,-0.312866601,-0.063288019,-0.406698229,-0.261947982,-0.4564703,-0.086437401,0.337300919,0.178936609,0.273377053,5
1.157828271,-0.957500019,0.262459146,-0.669126946,0.703429734,-0.61856896,0.894161657,0.280802222,0.205824988,0.178936609,-0.383537937,6
-0.392008146,0.640184239,-0.559434778,-0.043744828,0.610919071,-0.737442619,-0.083882174,0.514500163,0.731728712,0.004643228,-0.301423563,6
-0.153571774,0.240763174,-0.806002955,0.034427937,3.571260306,-0.024200664,-0.549617332,0.380958482,-0.780244493,-0.082503463,-0.876224179,5
-0.511226332,-0.957500019,0.015890969,-0.942731622,-0.267932234,0.451293973,0.19555892,-0.987843747,0.863204643,0.876110132,0.848177669,8
0.084864597,-0.657934221,-0.230677208,-0.08283121,0.009599757,-0.380821641,-0.735911395,-0.086437401,0.46877685,0.091789918,0.273377053,6
-0.153571774,-0.058802624,-0.148487816,-0.962274813,-0.082910907,-0.975189937,0.055838373,-0.687374965,-0.583030596,-0.518236915,-0.465652311,6
2.826882875,-0.757789487,-0.066298423,-0.923188431,0.194621084,-0.440258471,0.894161657,0.414343903,-0.188602804,-0.518236915,-1.204681674,4
-1.345753634,-0.458223689,-0.559434778,-0.90364524,-0.129166238,-0.678005789,-1.644094952,-0.286749922,1.257632435,-1.563997201,-0.876224179,6
0.800173713,-0.757789487,0.426837931,-0.74729971,-0.082910907,-0.321384812,0.940735172,-0.01966656,1.783536158,-0.431090225,0.273377053,7
1.515482829,-1.257065818,1.166542463,-0.727756519,0.287131748,-0.678005789,1.173602751,0.280802222,2.04648802,-0.343943534,0.355491427,7
0.680955527,1.239315836,5.44039087,2.555499599,-0.221676902,-0.143074323,0.19555892,1.182208568,0.337300919,-0.953970368,1.258749538,6
-0.511226332,-0.957500019,0.015890969,-0.942731622,-0.267932234,0.451293973,0.19555892,-0.987843747,0.863204643,0.876110132,0.848177669,8
0.084864597,-1.45677635,-0.312866601,-0.278263122,0.472153075,-0.261947982,-0.409896785,0.113875121,1.849274124,-0.605383606,0.027033932,6
-0.034353588,-1.057355286,-0.97038174,-0.356435887,0.84219573,1.164535929,0.288705952,0.347573062,0.665990746,-1.041117058,-0.958338553,6
0.084864597,0.240763174,-0.148487816,-0.004658446,-0.545464225,-0.440258471,-0.992065732,-0.587218704,0.271562954,-0.431090225,1.094520791,6
0.800173713,1.688664533,0.837784893,1.57834004,-0.036655575,1.937214714,1.685911425,1.48267735,1.915012089,-1.128263748,-0.383537937,6
-0.153571774,0.240763174,-0.806002955,0.034427937,3.571260306,-0.024200664,-0.549617332,0.380958482,-0.780244493,-0.082503463,-0.876224179,5
0.680955527,-0.558078955,-0.066298423,0.053971128,-0.452953561,0.570167633,-0.037308659,-0.086437401,0.074349058,1.660430346,0.766063296,6
2.707664689,-0.458223689,-0.312866601,-1.040447578,-0.68423022,0.272983485,-0.945492216,-0.420291603,-1.634838043,-1.651143891,-0.055080442,6
2.111573759,0.640184239,1.002163678,1.441537702,0.425897743,1.937214714,1.359896814,1.549448191,1.126156504,-1.041117058,-0.794109806,6
-0.392008146,2.687217195,-2.449790804,-0.766842902,-0.68423022,0.748478121,-0.666051121,-1.188156269,-0.320078735,-1.47685051,1.176635164,5
1.396264643,0.240763174,-0.230677208,-1.040447578,-0.221676902,0.807914951,-0.386610027,-0.921072907,-1.306148216,-0.343943534,0.519720174,6
-0.034353588,-1.157210552,-0.312866601,0.620723672,0.518408407,0.867351781,1.057168962,1.215593988,1.3233704,-0.953970368,-0.711995432,6
1.277046457,0.440473707,0.180269754,-0.356435887,-0.17542157,1.223972758,0.894161657,-0.453677023,0.665990746,-0.169650153,1.258749538,6
-0.988099076,-0.558078955,-0.888192348,-0.649583755,0.287131748,-1.212937256,-0.829058427,0.214031381,-0.320078735,-0.605383606,-1.451024796,5
-0.034353588,-1.157210552,-0.312866601,0.620723672,0.518408407,0.867351781,1.057168962,1.215593988,1.3233704,-0.953970368,-0.711995432,6
0.680955527,-1.257065818,0.344648539,-0.90364524,0.379642412,-0.975189937,-0.8989187,0.147260541,0.337300919,-0.431090225,-0.383537937,5
1.753919201,0.140907908,-0.395055993,-1.050219174,-0.637974888,-1.866742382,-1.970109563,-1.121385428,-1.832051939,-1.47685051,0.766063296,4
-0.392008146,0.939750037,1.084353071,0.014884746,0.703429734,-0.737442619,0.242132436,0.414343903,-0.320078735,-0.343943534,-0.711995432,6
0.919391899,1.039605303,0.509027324,-0.864558858,-0.360442897,-0.440258471,0.288705952,-1.188156269,-0.057126873,-1.47685051,1.997778902,6
-0.749662704,-0.258513156,-0.888192348,1.656512805,-0.314187566,0.689041292,0.055838373,0.965203337,-0.320078735,-1.215410439,-0.629881058,6
1.634701015,0.240763174,0.180269754,0.698896437,-0.17542157,-0.143074323,0.684580836,1.349135669,0.271562954,0.178936609,-0.958338553,6
-0.392008146,-0.558078955,1.988436388,-1.040447578,4.033813624,0.98622544,-0.083882174,-0.320135342,-0.583030596,-1.651143891,-1.122567301,5
-0.988099076,0.640184239,-0.230677208,1.08976026,0.33338708,0.629604462,2.29136713,1.182208568,-0.188602804,-0.082503463,-1.533139169,5
0.680955527,-0.558078955,-0.395055993,-0.317349505,0.194621084,-0.143074323,-1.224933311,-0.053051981,-0.320078735,-0.605383606,-0.465652311,5
1.634701015,0.240763174,0.180269754,0.698896437,-0.17542157,-0.143074323,0.684580836,1.349135669,0.271562954,0.178936609,-0.958338553,6
1.277046457,-0.058802624,-0.806002955,-1.020904387,-0.082910907,-0.915753108,-0.875631942,-0.420291603,0.600252781,-0.605383606,0.355491427,5
-0.988099076,-1.057355286,-0.559434778,-0.962274813,0.472153075,0.570167633,-0.107168932,-0.587218704,0.074349058,-0.518236915,-0.219309189,6
0.561737341,-0.957500019,-0.312866601,0.777069202,-0.036655575,0.510730803,0.801014625,0.814968946,-0.517292631,0.701816751,-0.629881058,6
-0.27278996,-1.157210552,-0.477245386,-0.766842902,0.009599757,0.272983485,0.31199271,-0.687374965,1.257632435,0.178936609,0.766063296,7
-0.988099076,-0.208585523,0.837784893,1.148389834,-0.036655575,1.04566227,1.336610056,0.848354366,0.337300919,0.44037668,-0.794109806,6
0.561737341,-0.458223689,-0.723813563,-0.981818005,0.148365752,0.451293973,0.032551615,-0.253364502,1.520584297,0.44037668,-0.219309189,7
-0.630444518,-1.157210552,-0.477245386,-0.825472475,-0.17542157,-0.143074323,-1.085212763,-0.921072907,0.797466677,-0.518236915,0.519720174,6
-0.749662704,-0.258513156,-0.888192348,1.656512805,-0.314187566,0.689041292,0.055838373,0.965203337,-0.320078735,-1.215410439,-0.629881058,6
-0.27278996,-0.058802624,-0.723813563,0.308032613,0.33338708,1.105099099,1.453043846,0.648041844,0.205824988,-0.518236915,-0.958338553,5
-0.034353588,0.140907908,-0.888192348,0.42529176,0.472153075,1.223972758,1.755771698,0.848354366,-0.122864839,-0.431090225,-1.368910422,5
3.184537433,-0.657934221,-0.477245386,-1.020904387,-0.360442897,-1.391247745,-2.016683079,-0.520447864,-2.555169559,-0.256796844,0.109148306,5
-0.392008146,3.436131691,-1.134760525,0.444834951,0.009599757,2.709893499,1.965352519,0.631349134,-0.122864839,-0.431090225,-0.958338553,5
-0.630444518,0.041052642,-1.216949918,-0.200090357,-0.17542157,1.877777884,0.96402193,0.06379699,0.797466677,-1.215410439,-0.219309189,6
1.277046457,0.240763174,-0.477245386,-0.141460784,-0.082910907,-0.261947982,-0.363323269,0.214031381,-0.188602804,0.178936609,-0.219309189,6
-0.630444518,-1.057355286,-0.559434778,-0.962274813,-0.406698229,-0.915753108,-0.968778974,-0.854302066,1.783536158,-0.605383606,0.437605801,7
0.442519155,-0.657934221,-0.312866601,0.874785157,-0.406698229,-1.034626767,-0.642764364,0.948510626,1.389108366,0.091789918,-0.711995432,6
-0.27278996,-0.058802624,-0.723813563,0.308032613,0.33338708,1.105099099,1.453043846,0.648041844,0.205824988,-0.518236915,-0.958338553,5
-0.034353588,0.140907908,-0.888192348,0.42529176,0.472153075,1.223972758,1.755771698,0.848354366,-0.122864839,-0.431090225,-1.368910422,5
-0.392008146,0.440473707,-0.64162417,0.24940304,0.379642412,1.223972758,1.616051151,0.648041844,-0.122864839,-0.343943534,-1.368910422,5
0.561737341,0.440473707,-0.97038174,-0.923188431,0.240876416,0.867351781,0.917448415,0.447729323,0.600252781,1.747577037,-1.286796048,5
-0.392008146,0.939750037,-2.203222627,-0.981818005,0.102110421,1.342846418,0.102411889,-0.653989545,-0.122864839,-0.953970368,-0.383537937,5
0.919391899,1.538881634,-0.477245386,-0.375979078,0.009599757,-0.143074323,-0.875631942,-0.787531226,-0.188602804,0.614670061,1.422978285,7
1.038610085,1.13946057,-0.64162417,0.679353246,0.610919071,-0.143074323,0.96402193,0.447729323,-0.977458389,-0.605383606,0.355491427,6
-0.511226332,-0.957500019,-0.64162417,-0.981818005,-0.221676902,0.272983485,0.032551615,-0.01966656,0.994680573,2.009017108,-0.794109806,6
1.038610085,1.239315836,-0.64162417,0.601180481,0.610919071,-0.202511152,0.894161657,0.447729323,-0.977458389,-0.518236915,0.355491427,6
1.038610085,1.13946057,-0.64162417,0.679353246,0.610919071,-0.143074323,0.96402193,0.447729323,-0.977458389,-0.605383606,0.355491427,6
-0.034353588,-0.857644753,-0.477245386,-0.669126946,0.379642412,-0.143074323,-0.945492216,-0.587218704,-0.188602804,-0.779676987,0.273377053,6
0.919391899,2.138013231,5.44039087,2.57504279,-0.730485552,-0.440258471,-0.107168932,1.048666887,0.337300919,-0.779676987,1.258749538,6
-0.392008146,-0.258513156,0.098080362,1.480624084,1.073472389,0.391857144,0.544860288,1.616219031,2.440915812,-0.169650153,-0.547766684,5
-0.511226332,-0.957500019,-0.64162417,-0.981818005,-0.221676902,0.272983485,0.032551615,-0.01966656,0.994680573,2.009017108,-0.794109806,6
-0.630444518,-1.257065818,0.180269754,-0.90364524,-0.545464225,0.451293973,0.242132436,-0.653989545,1.520584297,1.747577037,0.437605801,8
-0.630444518,-1.257065818,0.180269754,-0.90364524,-0.545464225,0.451293973,0.242132436,-0.653989545,1.520584297,1.747577037,0.437605801,8
1.753919201,-1.057355286,-0.230677208,-0.200090357,0.287131748,0.689041292,0.242132436,0.380958482,0.337300919,-0.953970368,-0.547766684,5
-0.988099076,0.440473707,0.262459146,-0.90364524,0.240876416,-1.331810915,1.40647033,0.113875121,1.980750054,-0.431090225,0.027033932,4
1.873137387,-0.657934221,-0.64162417,0.552322503,-0.545464225,2.234398862,0.055838373,0.113875121,-0.911720423,-1.041117058,0.766063296,6
2.111573759,1.738592166,0.509027324,-0.962274813,0.980961725,-1.094063597,-0.922205458,0.514500163,0.534514816,0.701816751,-0.301423563,6
-0.27278996,-0.358368423,-0.395055993,0.073514319,-0.360442897,1.105099099,-0.293462995,-0.320135342,0.928942608,-0.256796844,0.930292043,7
1.873137387,-0.657934221,-0.64162417,0.552322503,-0.545464225,2.234398862,0.055838373,0.113875121,-0.911720423,-1.041117058,0.766063296,6
0.561737341,0.540328973,-0.64162417,-0.74729971,-0.267932234,-0.380821641,-0.57290409,-0.954458327,-0.780244493,0.266083299,1.094520791,7
0.323300969,-0.15865789,-0.312866601,-0.845015666,-0.591719556,0.867351781,0.428426499,-1.088000008,0.928942608,-0.518236915,1.340863912,7
1.515482829,0.839894771,-0.395055993,0.229859849,-0.499208893,0.094672996,-0.409896785,-0.086437401,-0.188602804,-1.302557129,1.258749538,5
1.038610085,-0.757789487,-0.806002955,-0.942731622,-0.915506879,-0.55913213,1.150315993,-1.054614588,-0.714506527,2.183310489,1.340863912,7
2.946101061,-1.157210552,-0.312866601,-0.981818005,-0.17542157,-0.55913213,0.847588141,0.414343903,-0.254340769,-0.256796844,-1.122567301,5
-0.630444518,0.540328973,-0.806002955,-0.942731622,0.379642412,-0.61856896,-0.526330574,0.04710428,1.126156504,0.091789918,-0.958338553,5
1.038610085,-0.558078955,0.180269754,-0.981818005,0.472153075,-0.856316278,0.31199271,-0.386906183,0.074349058,0.353229989,-0.055080442,6
0.561737341,0.740039505,-0.230677208,2.252580136,0.749685066,0.391857144,1.103742478,2.016844074,0.534514816,1.311843585,-1.122567301,5
-0.392008146,0.939750037,-0.806002955,-0.864558858,0.84219573,-0.737442619,-0.4564703,0.147260541,0.863204643,0.44037668,-0.876224179,5
-0.27278996,0.939750037,0.591216716,-0.024201637,0.703429734,-0.796879449,0.218845678,0.380958482,-0.188602804,-0.169650153,-0.711995432,6
0.204082783,0.939750037,-0.148487816,-0.981818005,-0.406698229,-0.4996953,-0.316749753,-0.787531226,0.008611092,1.137550204,1.258749538,5
-0.034353588,-0.258513156,-0.559434778,0.513236121,-0.314187566,0.094672996,-0.270176237,-0.186593661,0.534514816,-1.302557129,0.683948922,8
-0.153571774,-0.458223689,-0.395055993,1.75422876,1.258493716,1.223972758,0.777727867,1.41590651,-0.845982458,-0.692530296,-1.451024796,6
-0.630444518,-0.15865789,-1.052571133,0.132143893,-0.267932234,-0.024200664,0.521573531,0.481114743,1.3233704,0.788963442,-0.465652311,6
0.800173713,0.240763174,-0.97038174,0.737982819,0.148365752,1.283409588,1.196889509,0.814968946,-0.714506527,-0.779676987,-0.958338553,6
2.946101061,-1.157210552,-0.888192348,-0.942731622,-0.17542157,-1.272374085,-1.690668468,0.01371886,-0.780244493,-1.47685051,-0.794109806,5
-0.153571774,-0.458223689,-0.395055993,1.75422876,1.258493716,1.223972758,0.777727867,1.41590651,-0.845982458,-0.692530296,-1.451024796,6
-0.630444518,-0.15865789,-1.052571133,0.132143893,-0.267932234,-0.024200664,0.521573531,0.481114743,1.3233704,0.788963442,-0.465652311,6
0.800173713,0.240763174,-0.97038174,0.737982819,0.148365752,1.283409588,1.196889509,0.814968946,-0.714506527,-0.779676987,-0.958338553,6
0.680955527,0.540328973,0.426837931,1.167933025,0.888451061,-0.380821641,-0.479757058,1.082052307,-0.188602804,-0.866823677,-0.876224179,5
0.800173713,1.039605303,-1.134760525,-0.590954181,0.009599757,-1.569558234,-0.549617332,0.0804897,-0.254340769,-0.692530296,-0.876224179,5
2.230791945,-0.757789487,0.755595501,1.676055996,0.33338708,1.461720077,1.033882204,2.217156595,0.600252781,2.619043942,-1.368910422,6
0.680955527,0.540328973,0.426837931,1.167933025,0.888451061,-0.380821641,-0.479757058,1.082052307,-0.188602804,-0.866823677,-0.876224179,5
2.230791945,-0.757789487,0.755595501,1.676055996,0.33338708,1.461720077,1.033882204,2.217156595,0.600252781,2.619043942,-1.368910422,6
-0.392008146,0.839894771,-1.052571133,-0.962274813,0.148365752,0.213546655,1.033882204,-0.453677023,-0.057126873,-0.692530296,-0.465652311,6
0.800173713,1.039605303,-1.134760525,-0.590954181,0.009599757,-1.569558234,-0.549617332,0.0804897,-0.254340769,-0.692530296,-0.876224179,5
-1.584190006,1.838447433,-0.806002955,-0.317349505,-0.17542157,-0.678005789,-1.574234679,-1.121385428,0.665990746,-1.041117058,1.75143578,6
0.323300969,-1.257065818,0.344648539,-1.020904387,-0.360442897,-1.034626767,-0.689337879,-0.820916646,0.008611092,-0.518236915,0.519720174,6
1.515482829,1.439026368,-0.395055993,-0.454151843,-0.730485552,-0.261947982,-0.922205458,-1.021229167,-1.24041025,-1.47685051,1.915664528,7
-0.153571774,0.240763174,0.098080362,-0.708213328,-0.360442897,-1.510121404,0.568147046,-0.987843747,-0.648768562,0.353229989,1.258749538,6
-0.27278996,-0.058802624,-0.312866601,1.461080893,-0.776740884,-0.083637493,-0.200315964,0.380958482,1.126156504,0.091789918,1.258749538,7
0.323300969,2.237868497,-2.778548374,-1.099077152,-0.545464225,0.629604462,-0.596190848,-0.320135342,0.008611092,-1.302557129,-1.040452927,4
-1.107317262,-0.15865789,-0.395055993,-1.059990769,-0.637974888,-0.4996953,-1.01535249,-1.522010471,1.257632435,-0.431090225,1.505092659,6
-0.153571774,0.540328973,-0.477245386,-1.020904387,-0.637974888,0.154109825,-0.200315964,-1.755708412,0.008611092,-0.692530296,2.079893275,6
-0.153571774,0.240763174,0.098080362,-0.708213328,-0.360442897,-1.510121404,0.568147046,-0.987843747,-0.648768562,0.353229989,1.258749538,6
0.561737341,0.140907908,-0.230677208,-0.923188431,-0.499208893,-0.737442619,-0.689337879,-0.520447864,-0.780244493,-0.953970368,0.355491427,5
1.515482829,1.439026368,-0.395055993,-0.454151843,-0.730485552,-0.261947982,-0.922205458,-1.021229167,-1.24041025,-1.47685051,1.915664528,7
0.442519155,-0.857644753,-0.806002955,-0.024201637,0.379642412,-0.083637493,2.128359824,0.748198105,1.126156504,0.44037668,-0.383537937,6
-0.511226332,0.440473707,-1.792275665,0.992044305,-0.591719556,-0.024200664,0.591433804,1.082052307,0.205824988,-1.47685051,-1.204681674,5
0.204082783,0.440473707,0.509027324,-0.962274813,-0.545464225,-1.331810915,-1.294793584,0.0804897,1.520584297,0.963256823,-0.055080442,5
-0.511226332,0.440473707,-1.792275665,0.992044305,-0.591719556,-0.024200664,0.591433804,1.082052307,0.205824988,-1.47685051,-1.204681674,5
0.442519155,-0.857644753,-0.806002955,-0.024201637,0.379642412,-0.083637493,2.128359824,0.748198105,1.126156504,0.44037668,-0.383537937,6
0.442519155,-1.057355286,-0.888192348,-0.024201637,0.240876416,-0.024200664,2.337940645,0.714812685,1.126156504,0.44037668,-0.383537937,6
0.919391899,1.6387369,-0.806002955,0.933414731,-0.68423022,0.332420314,0.63800732,0.214031381,-0.451554666,-0.518236915,0.683948922,7
0.919391899,1.6387369,-0.806002955,0.933414731,-0.68423022,0.332420314,0.63800732,0.214031381,-0.451554666,-0.518236915,0.683948922,7
0.561737341,2.138013231,-0.806002955,1.695599187,-0.730485552,-0.083637493,0.31199271,0.380958482,-0.3858167,0.178936609,1.258749538,7
0.919391899,1.6387369,-0.806002955,0.933414731,-0.68423022,0.332420314,0.63800732,0.214031381,-0.451554666,-0.518236915,0.683948922,7
0.561737341,2.138013231,-0.806002955,1.695599187,-0.730485552,-0.083637493,0.31199271,0.380958482,-0.3858167,0.178936609,1.258749538,7
-0.630444518,-0.657934221,-0.312866601,-0.161003975,-0.082910907,0.451293973,0.475000015,0.247416802,2.703867674,-0.692530296,0.109148306,6
1.277046457,2.737144828,0.673406109,1.207019407,7.641729505,0.094672996,1.709198182,1.549448191,-1.306148216,0.614670061,-0.958338553,5
0.084864597,-0.857644753,-0.888192348,-0.141460784,3.571260306,-0.4996953,-0.829058427,0.414343903,-0.977458389,0.44037668,-0.876224179,6
0.323300969,-0.358368423,-0.395055993,-0.825472475,-0.406698229,0.094672996,-0.875631942,-0.720760385,0.534514816,1.311843585,0.437605801,7
-0.511226332,0.640184239,0.180269754,0.894328349,0.287131748,1.04566227,2.50094795,1.41590651,1.652060227,0.52752337,-0.958338553,6
0.084864597,-0.857644753,-0.888192348,-0.141460784,3.571260306,-0.4996953,-0.829058427,0.414343903,-0.977458389,0.44037668,-0.876224179,6
-0.034353588,-0.957500019,-0.066298423,-1.059990769,0.379642412,-0.678005789,0.568147046,-0.520447864,1.520584297,0.178936609,0.027033932,5
0.323300969,-0.358368423,-0.395055993,-0.825472475,-0.406698229,0.094672996,-0.875631942,-0.720760385,0.534514816,1.311843585,0.437605801,7
1.515482829,-0.957500019,-0.230677208,1.050673878,-0.314187566,3.601445943,2.547521466,1.148823148,-0.780244493,0.266083299,-0.794109806,6
1.634701015,0.041052642,0.919974286,0.268946231,0.610919071,-0.202511152,-0.014021901,1.015281467,0.928942608,2.444750561,0.601834548,6
-0.988099076,0.640184239,1.002163678,-0.336892696,-0.776740884,-0.856316278,-1.061926005,-1.054614588,0.665990746,1.137550204,1.505092659,6
0.561737341,1.6387369,-1.134760525,0.992044305,0.148365752,0.510730803,0.405139741,1.282364829,0.534514816,-0.431090225,-1.204681674,5
0.800173713,-0.15865789,1.988436388,0.288489422,-0.221676902,1.580593736,0.940735172,0.814968946,-0.780244493,-0.953970368,-1.204681674,5
0.561737341,1.6387369,-1.134760525,0.992044305,0.148365752,0.510730803,0.405139741,1.282364829,0.534514816,-0.431090225,-1.204681674,5
2.111573759,2.138013231,1.906246995,2.223265349,0.287131748,-0.083637493,2.407800919,2.183771175,-1.371886181,2.880484013,-1.204681674,5
0.084864597,-0.358368423,-0.723813563,-0.923188431,-0.17542157,0.748478121,1.150315993,-0.720760385,0.403038885,-0.605383606,0.766063296,6
0.204082783,-0.258513156,-0.723813563,-0.942731622,0.009599757,0.867351781,0.96402193,-0.553833284,0.074349058,-0.605383606,0.437605801,7
-0.988099076,0.640184239,1.002163678,-0.336892696,-0.776740884,-0.856316278,-1.061926005,-1.054614588,0.665990746,1.137550204,1.505092659,6
-0.630444518,-0.957500019,-0.230677208,-0.942731622,0.148365752,0.035236166,-0.293462995,-0.253364502,2.703867674,1.573283656,-0.055080442,7
1.634701015,-0.058802624,0.426837931,-0.786386093,0.564663739,-1.153500426,-0.759198153,0.447729323,0.600252781,0.876110132,-0.137194816,5
-0.153571774,-0.358368423,0.098080362,-0.004658446,0.102110421,0.510730803,0.754441109,0.0804897,0.665990746,0.52752337,0.027033932,7
1.277046457,-0.558078955,-0.477245386,1.480624084,0.33338708,2.828767158,1.336610056,1.315750249,-0.320078735,-0.343943534,-0.547766684,6
3.661410177,6.331934409,0.673406109,-0.942731622,0.472153075,-0.083637493,0.96402193,0.881739786,-0.517292631,-0.256796844,-0.383537937,4
2.350010131,0.640184239,0.015890969,-0.942731622,0.472153075,-1.331810915,0.847588141,0.147260541,-0.320078735,-0.169650153,-0.629881058,5
2.350010131,0.540328973,0.015890969,-0.981818005,0.472153075,-1.272374085,0.731154351,0.147260541,-0.3858167,-0.169650153,-0.629881058,5
1.277046457,-0.558078955,-0.477245386,1.480624084,0.33338708,2.828767158,1.336610056,1.315750249,-0.320078735,-0.343943534,-0.547766684,6
-0.27278996,-0.957500019,-1.216949918,-0.336892696,0.009599757,1.283409588,0.498286773,0.147260541,0.863204643,1.486136965,0.027033932,6
1.038610085,-0.757789487,-0.477245386,0.737982819,0.379642412,2.53158301,1.08045572,0.948510626,-0.320078735,-0.256796844,-0.383537937,6
0.442519155,-1.45677635,-0.230677208,-0.805929284,0.379642412,-0.796879449,-0.829058427,-0.587218704,0.337300919,3.751950918,0.848177669,7
-0.392008146,0.041052642,-0.312866601,0.268946231,0.148365752,1.283409588,1.453043846,0.547885584,0.337300919,-0.866823677,-0.794109806,5
0.204082783,-0.258513156,-0.312866601,-0.786386093,-0.17542157,-0.61856896,-0.409896785,-0.053051981,1.586322262,1.050403513,0.027033932,6
0.800173713,0.839894771,0.837784893,0.366662187,9.676964104,-0.440258471,0.055838373,0.547885584,-0.451554666,-0.518236915,-0.219309189,6
0.800173713,-0.058802624,-0.723813563,1.461080893,0.194621084,0.570167633,1.383183572,1.41590651,0.994680573,0.091789918,-0.547766684,6
-0.034353588,0.939750037,-0.477245386,1.441537702,-0.68423022,-0.083637493,-0.060595417,0.214031381,-0.583030596,-1.041117058,0.930292043,6
0.561737341,-0.657934221,-0.559434778,0.171230275,-0.68423022,0.332420314,0.102411889,-0.320135342,-0.254340769,-0.953970368,1.094520791,7
1.515482829,-0.957500019,-0.477245386,0.405748569,-0.499208893,0.332420314,0.009264857,0.347573062,-0.977458389,-1.041117058,-0.301423563,7
-0.749662704,-0.857644753,-1.052571133,-0.90364524,0.148365752,-0.024200664,0.544860288,-0.587218704,0.797466677,0.091789918,-0.137194816,6
0.084864597,-0.657934221,-0.97038174,-0.258719931,0.102110421,0.154109825,0.661294078,0.113875121,0.994680573,0.004643228,-0.055080442,6
-1.345753634,0.540328973,-1.134760525,1.881259503,0.055855089,-0.55913213,0.614720562,1.148823148,-0.648768562,-0.256796844,-1.286796048,5
-1.345753634,0.540328973,-1.134760525,1.881259503,0.055855089,-0.55913213,0.614720562,1.148823148,-0.648768562,-0.256796844,-1.286796048,5
1.157828271,0.140907908,-0.230677208,0.181001871,-0.545464225,0.094672996,0.335279467,-0.119822821,-0.845982458,-1.563997201,0.273377053,5
-0.392008146,0.34061844,0.344648539,1.881259503,0.564663739,-1.153500426,0.591433804,1.849916973,1.257632435,0.963256823,-1.040452927,5
1.277046457,-0.857644753,-0.312866601,-0.864558858,0.33338708,0.748478121,0.009264857,-0.053051981,-0.057126873,0.004643228,-0.711995432,6
1.277046457,-0.757789487,0.180269754,-1.020904387,-0.637974888,-0.856316278,-1.434514132,-0.687374965,-0.714506527,-1.041117058,-0.055080442,6
1.277046457,-0.258513156,-0.64162417,1.480624084,-0.129166238,0.332420314,2.524234708,1.48267735,-1.043196354,0.701816751,-1.451024796,6
0.323300969,-0.757789487,2.235004565,1.91057429,-0.129166238,-1.272374085,-0.852345184,1.51606277,-0.845982458,-1.128263748,-1.040452927,6
0.919391899,0.240763174,0.673406109,1.539253658,-0.036655575,0.570167633,1.709198182,1.649604451,-0.057126873,1.224696894,-1.040452927,5
0.323300969,-0.757789487,2.235004565,1.91057429,-0.129166238,-1.272374085,-0.852345184,1.51606277,-0.845982458,-1.128263748,-1.040452927,6
0.919391899,0.240763174,0.673406109,1.539253658,-0.036655575,0.570167633,1.709198182,1.649604451,-0.057126873,1.224696894,-1.040452927,5
0.919391899,0.240763174,0.673406109,1.539253658,-0.036655575,0.570167633,1.709198182,1.649604451,-0.057126873,1.224696894,-1.040452927,5
-0.630444518,-0.558078955,-0.148487816,0.288489422,-0.776740884,-0.083637493,-0.363323269,0.214031381,1.389108366,-0.866823677,-0.219309189,5
0.323300969,-0.757789487,2.235004565,1.91057429,-0.129166238,-1.272374085,-0.852345184,1.51606277,-0.845982458,-1.128263748,-1.040452927,6
0.084864597,2.537434296,-2.614169589,-1.059990769,-0.452953561,0.213546655,-0.759198153,-0.386906183,0.074349058,-1.47685051,-1.204681674,5
0.442519155,-0.358368423,0.591216716,1.402451319,0.194621084,0.332420314,0.894161657,1.549448191,1.19189447,-0.518236915,-0.629881058,5
0.323300969,-0.358368423,0.509027324,2.233036944,0.148365752,0.867351781,1.057168962,1.950073234,0.994680573,-0.605383606,-0.711995432,5
0.800173713,-1.257065818,0.509027324,-1.001361196,-0.452953561,-0.678005789,-0.642764364,-0.320135342,-0.320078735,2.35760387,-0.383537937,5
0.919391899,0.240763174,0.673406109,1.539253658,-0.036655575,0.570167633,1.709198182,1.649604451,-0.057126873,1.224696894,-1.040452927,5
0.800173713,0.540328973,0.591216716,1.42199451,-0.036655575,0.510730803,1.336610056,1.582833611,-0.057126873,1.311843585,-1.122567301,5
-0.153571774,-0.358368423,-0.230677208,2.320981305,0.009599757,0.272983485,0.055838373,1.950073234,0.731728712,-0.692530296,-1.451024796,5
-0.153571774,-0.358368423,-0.230677208,2.320981305,0.009599757,0.272983485,0.055838373,1.950073234,0.731728712,-0.692530296,-1.451024796,5
-0.153571774,0.740039505,0.837784893,0.014884746,0.472153075,-0.261947982,0.498286773,0.347573062,-0.320078735,-0.431090225,-0.794109806,5
1.157828271,-0.15865789,-0.066298423,0.75752601,-0.314187566,2.234398862,1.685911425,0.915125206,-1.700576008,0.004643228,-0.794109806,6
0.680955527,0.140907908,2.72814092,0.327575804,-0.406698229,1.04566227,0.614720562,0.814968946,-1.897789905,-0.692530296,-1.286796048,6
0.680955527,0.140907908,2.72814092,0.327575804,-0.406698229,1.04566227,0.614720562,0.814968946,-1.897789905,-0.692530296,-1.286796048,6
0.323300969,0.34061844,0.591216716,0.42529176,0.33338708,-1.212937256,-1.178359795,1.148823148,0.665990746,1.311843585,-0.465652311,6
-0.27278996,1.6387369,-0.230677208,-0.884102049,-0.730485552,0.332420314,-0.829058427,-1.38846879,0.665990746,1.137550204,1.75143578,7
3.661410177,-0.458223689,-0.559434778,1.500167275,-0.591719556,0.570167633,0.614720562,1.549448191,-3.081073282,-0.518236915,-0.629881058,6
0.561737341,-0.657934221,-0.312866601,0.288489422,-0.314187566,-1.272374085,-0.503043816,0.01371886,-1.503362112,-1.302557129,-0.055080442,5
2.230791945,-0.458223689,0.098080362,0.835698775,-0.267932234,-0.55913213,1.010595446,1.41590651,-1.700576008,0.004643228,-1.122567301,6
1.038610085,0.640184239,-0.559434778,-1.020904387,-0.267932234,-0.61856896,-0.782484911,-0.320135342,-1.174672285,0.52752337,-0.055080442,5
1.157828271,-0.15865789,-0.066298423,0.75752601,-0.314187566,2.234398862,1.685911425,0.915125206,-1.700576008,0.004643228,-0.794109806,6
0.680955527,0.140907908,2.72814092,0.327575804,-0.406698229,1.04566227,0.614720562,0.814968946,-1.897789905,-0.692530296,-1.286796048,6
-1.107317262,0.041052642,0.098080362,-0.884102049,-0.406698229,-1.153500426,-0.4564703,-0.286749922,-0.188602804,1.747577037,0.109148306,5
1.157828271,0.939750037,-0.312866601,-0.727756519,-0.776740884,1.699467395,0.428426499,-0.854302066,-0.451554666,0.876110132,1.258749538,7
0.323300969,0.839894771,0.180269754,-0.141460784,-0.360442897,-0.55913213,-0.968778974,-0.921072907,-1.700576008,0.876110132,1.669321407,7
0.800173713,-1.45677635,0.015890969,0.562094099,0.749685066,0.272983485,-0.316749753,0.814968946,0.140087023,-0.866823677,-0.711995432,5
-0.392008146,-0.258513156,0.180269754,0.327575804,-0.036655575,1.105099099,0.940735172,0.547885584,-0.714506527,-0.605383606,-1.040452927,5
0.204082783,-0.957500019,-0.64162417,-1.001361196,-0.221676902,-0.915753108,-1.597521437,-0.520447864,-0.977458389,2.183310489,-0.465652311,6
1.157828271,0.240763174,-0.559434778,0.405748569,-0.452953561,-0.915753108,-0.642764364,-0.086437401,-1.503362112,-0.256796844,1.012406417,6
1.634701015,-0.458223689,-0.312866601,-0.845015666,0.148365752,-0.856316278,0.31199271,0.380958482,-0.648768562,0.091789918,-0.711995432,6
-0.153571774,1.538881634,-0.312866601,-0.57141099,-0.591719556,-0.4996953,-0.107168932,-1.188156269,-1.24041025,-1.041117058,1.258749538,6
0.323300969,0.839894771,0.180269754,-0.141460784,-0.360442897,-0.55913213,-0.968778974,-0.921072907,-1.700576008,0.876110132,1.669321407,7
-0.392008146,-0.258513156,0.180269754,0.327575804,-0.036655575,1.105099099,0.940735172,0.547885584,-0.714506527,-0.605383606,-1.040452927,5
0.204082783,-0.957500019,-0.64162417,-1.001361196,-0.221676902,-0.915753108,-1.597521437,-0.520447864,-0.977458389,2.183310489,-0.465652311,6
-0.392008146,0.740039505,-0.395055993,1.558796849,-0.082910907,1.105099099,0.870874899,1.649604451,-0.122864839,0.788963442,-1.286796048,6
0.442519155,-0.558078955,1.330921248,1.42199451,0.148365752,1.223972758,1.150315993,1.749760712,0.337300919,1.486136965,-1.204681674,6
1.396264643,-0.15865789,-0.066298423,0.91387154,0.287131748,1.015943855,0.428426499,1.148823148,-1.043196354,0.004643228,-0.219309189,7
0.800173713,-1.45677635,0.015890969,0.562094099,0.749685066,0.272983485,-0.316749753,0.814968946,0.140087023,-0.866823677,-0.711995432,5
0.084864597,-1.556631616,-1.216949918,-0.297806313,0.425897743,-0.4996953,-0.293462995,0.380958482,0.665990746,-0.692530296,-0.876224179,5
1.515482829,0.939750037,-0.559434778,-0.923188431,-0.822996215,-1.510121404,-1.876962531,-0.620604125,-1.437624147,-0.082503463,-0.055080442,5
0.800173713,-0.15865789,0.180269754,-0.942731622,-0.637974888,-1.747868722,-0.782484911,-0.386906183,-0.254340769,-0.779676987,-0.055080442,4
-0.749662704,-0.757789487,1.988436388,-0.981818005,7.317942182,-1.212937256,-0.992065732,-0.353520763,-0.188602804,-0.518236915,-0.383537937,6
-0.749662704,-0.558078955,1.906246995,-0.981818005,7.502963509,-1.272374085,-1.01535249,-0.320135342,-0.188602804,-0.518236915,-0.383537937,6
0.204082783,-0.258513156,-0.477245386,-0.942731622,0.287131748,0.629604462,0.684580836,-0.520447864,-0.911720423,-0.692530296,0.027033932,5
0.084864597,-0.058802624,-0.148487816,0.073514319,0.055855089,0.689041292,1.243463025,-0.119822821,0.271562954,-0.866823677,0.766063296,6
2.230791945,0.640184239,-0.066298423,0.640266863,-0.452953561,0.629604462,0.754441109,0.814968946,-0.714506527,-0.779676987,-0.219309189,5
2.707664689,-0.058802624,0.015890969,0.796612393,-0.129166238,0.807914951,2.058499551,1.082052307,-0.977458389,-0.692530296,-0.055080442,6
0.204082783,2.138013231,-0.97038174,-0.864558858,0.055855089,6.603005839,3.909796802,-0.587218704,0.337300919,-1.041117058,0.437605801,3
2.707664689,4.334829086,-0.888192348,-0.043744828,-0.17542157,-1.212937256,-1.085212763,0.214031381,-1.96352787,-1.302557129,-0.301423563,6
0.323300969,1.938302699,2.563762135,0.366662187,1.721047034,-0.4996953,0.987308688,0.748198105,-1.24041025,-1.215410439,-1.040452927,5
-0.153571774,0.041052642,0.180269754,-0.942731622,-0.267932234,-0.61856896,-1.224933311,-0.587218704,0.271562954,1.486136965,-0.137194816,6
2.230791945,0.640184239,-0.066298423,0.640266863,-0.452953561,0.629604462,0.754441109,0.814968946,-0.714506527,-0.779676987,-0.219309189,5
2.707664689,-0.058802624,0.015890969,0.796612393,-0.129166238,0.807914951,2.058499551,1.082052307,-0.977458389,-0.692530296,-0.055080442,6
0.442519155,-1.45677635,-0.559434778,-0.356435887,1.582281038,-0.083637493,0.754441109,-0.119822821,0.271562954,-0.866823677,0.519720174,7
0.323300969,-1.157210552,0.098080362,-1.020904387,-0.68423022,-0.4996953,-1.294793584,-0.453677023,0.928942608,-1.302557129,-0.465652311,5
-0.153571774,0.34061844,-0.148487816,0.229859849,0.287131748,-0.024200664,0.079125131,0.581271004,-0.320078735,-0.953970368,-1.204681674,5
1.634701015,0.839894771,1.906246995,1.676055996,0.287131748,-0.024200664,2.710528771,1.983458654,-1.700576008,1.311843585,-1.533139169,5
-0.153571774,0.34061844,-0.148487816,0.229859849,0.287131748,-0.024200664,0.079125131,0.581271004,-0.320078735,-0.953970368,-1.204681674,5
1.634701015,0.839894771,1.906246995,1.676055996,0.287131748,-0.024200664,2.710528771,1.983458654,-1.700576008,1.311843585,-1.533139169,5
-0.749662704,-0.258513156,0.837784893,1.011587496,-0.221676902,0.748478121,1.290036541,0.881739786,-0.057126873,0.266083299,-0.794109806,5
-1.107317262,1.738592166,0.673406109,-1.040447578,0.240876416,1.521156906,1.336610056,-0.320135342,-1.10893432,-0.779676987,-1.204681674,5
1.396264643,-0.15865789,-0.312866601,0.268946231,0.148365752,0.213546655,0.288705952,0.414343903,-1.306148216,0.788963442,-0.383537937,6
-0.630444518,-0.558078955,-0.148487816,1.08976026,0.934706393,1.283409588,0.428426499,1.682989872,2.703867674,-0.518236915,-1.204681674,6
-1.46497182,1.738592166,0.673406109,-1.040447578,0.240876416,1.521156906,1.336610056,-0.320135342,-1.10893432,-0.779676987,-1.204681674,5
0.323300969,-0.857644753,-0.230677208,-0.981818005,0.009599757,0.094672996,-0.107168932,-0.086437401,0.994680573,0.701816751,-0.219309189,7
-0.27278996,0.34061844,0.837784893,0.053971128,0.379642412,-0.380821641,0.475000015,0.347573062,-0.977458389,-0.431090225,-0.711995432,5
1.277046457,-0.258513156,-1.710086272,2.106006202,-0.452953561,0.807914951,1.84891873,1.816531553,-1.503362112,-0.256796844,-0.629881058,5
3.542191991,7.280559437,1.002163678,-0.981818005,0.009599757,-0.083637493,1.057168962,0.814968946,-1.10893432,0.004643228,-0.219309189,4
1.396264643,0.34061844,0.180269754,0.347118996,-0.822996215,-0.380821641,0.055838373,-0.553833284,-1.174672285,-1.302557129,2.079893275,7
1.396264643,-0.358368423,0.344648539,-0.41506546,-0.082910907,0.807914951,0.754441109,0.614656424,1.19189447,2.183310489,0.273377053,6
1.277046457,-0.258513156,-1.710086272,2.106006202,-0.452953561,0.807914951,1.84891873,1.816531553,-1.503362112,-0.256796844,-0.629881058,5
-0.630444518,0.140907908,-0.477245386,0.91387154,0.795940398,1.818341055,0.684580836,1.048666887,-1.96352787,0.701816751,-1.204681674,5
0.323300969,-1.257065818,-0.066298423,-1.040447578,-0.869251547,-1.153500426,-1.7838155,-0.153208241,1.19189447,-0.779676987,-0.465652311,5
0.084864597,-1.556631616,-0.148487816,0.151687084,0.564663739,-0.796879449,-1.178359795,0.814968946,0.665990746,-0.953970368,-1.040452927,6
0.561737341,0.440473707,1.74186821,1.988747055,0.472153075,1.04566227,2.29136713,2.517625377,-1.503362112,0.788963442,-1.451024796,6
1.873137387,-1.057355286,-0.230677208,-1.059990769,-1.008017543,-1.331810915,-1.131786279,-0.386906183,-2.620907524,-1.041117058,-0.301423563,5
1.873137387,-1.057355286,-0.230677208,-1.059990769,-1.008017543,-1.331810915,-1.131786279,-0.386906183,-2.620907524,-1.041117058,-0.301423563,5
3.065319247,-0.657934221,1.084353071,-1.001361196,-0.314187566,-0.856316278,-0.386610027,0.581271004,-1.897789905,1.311843585,-0.794109806,5
1.515482829,-0.657934221,1.166542463,-0.981818005,-0.221676902,-1.450684574,-0.945492216,0.547885584,-0.122864839,0.701816751,-0.465652311,5
0.561737341,0.440473707,1.74186821,1.988747055,0.472153075,1.04566227,2.29136713,2.517625377,-1.503362112,0.788963442,-1.451024796,6
-0.153571774,0.34061844,0.673406109,0.09305751,0.009599757,0.867351781,0.777727867,0.547885584,0.008611092,-0.256796844,-1.204681674,5
-0.153571774,-0.058802624,-0.477245386,1.343821746,1.397259711,0.867351781,0.544860288,1.248979409,-1.043196354,-0.953970368,-1.533139169,6
0.561737341,-0.657934221,-0.312866601,0.327575804,0.055855089,-1.331810915,-0.596190848,-0.01966656,-0.451554666,-1.215410439,0.027033932,6
1.277046457,-0.458223689,0.098080362,0.542550907,-0.082910907,1.04566227,1.08045572,0.948510626,-0.648768562,0.614670061,-0.794109806,7
0.800173713,-0.757789487,-0.230677208,-0.981818005,0.055855089,0.332420314,0.055838373,-0.253364502,1.586322262,0.353229989,-0.301423563,6
-0.749662704,1.339171102,-0.312866601,-0.630040563,-0.730485552,0.807914951,0.568147046,-0.487062444,2.243701916,2.619043942,1.012406417,7
1.634701015,2.138013231,0.755595501,-0.766842902,-0.452953561,-0.202511152,-0.549617332,0.0804897,0.271562954,-0.169650153,0.191262679,6
-0.749662704,1.339171102,-0.312866601,-0.630040563,-0.730485552,0.807914951,0.568147046,-0.487062444,2.243701916,2.619043942,1.012406417,7
0.800173713,-0.757789487,-0.64162417,-0.375979078,1.859813029,0.094672996,-0.153742448,0.714812685,-0.254340769,-0.605383606,-1.040452927,5
0.680955527,-0.15865789,-0.64162417,2.3307529,1.767302366,-0.143074323,-0.014021901,2.317312856,-0.122864839,-0.866823677,-1.368910422,5
0.680955527,-0.15865789,-0.64162417,2.3307529,1.767302366,-0.143074323,-0.014021901,2.317312856,-0.122864839,-0.866823677,-1.368910422,5
-0.153571774,-0.058802624,0.098080362,0.268946231,0.102110421,2.412709351,1.336610056,0.581271004,0.337300919,-0.518236915,-0.794109806,6
-0.153571774,0.041052642,0.262459146,0.112600701,0.518408407,-0.024200664,1.592764393,1.048666887,2.506653778,0.52752337,-0.219309189,5
1.753919201,-0.757789487,-0.559434778,-0.024201637,0.102110421,-0.321384812,0.079125131,0.814968946,0.403038885,0.091789918,-1.122567301,6
1.157828271,0.540328973,-0.64162417,-1.020904387,-0.082910907,-0.737442619,-0.852345184,-0.320135342,0.008611092,0.44037668,0.027033932,6
0.680955527,1.039605303,1.330921248,1.24610579,-0.17542157,1.283409588,1.033882204,1.41590651,-0.648768562,-0.256796844,-1.204681674,6
0.800173713,-0.757789487,-0.312866601,1.519710466,0.472153075,1.04566227,1.697554804,1.616219031,-0.320078735,-0.256796844,-1.286796048,8
0.800173713,-0.757789487,-0.312866601,1.519710466,0.472153075,1.04566227,1.697554804,1.616219031,-0.320078735,-0.256796844,-1.286796048,8
0.800173713,-0.757789487,-0.312866601,1.519710466,0.472153075,1.04566227,1.697554804,1.616219031,-0.320078735,-0.256796844,-1.286796048,8
0.800173713,-0.757789487,-0.312866601,1.519710466,0.472153075,1.04566227,1.697554804,1.616219031,-0.320078735,-0.256796844,-1.286796048,8
0.800173713,-0.757789487,-0.312866601,1.519710466,0.472153075,1.04566227,1.697554804,1.616219031,-0.320078735,-0.256796844,-1.286796048,8
1.396264643,-0.857644753,1.988436388,1.99851865,0.148365752,0.748478121,0.96402193,2.150385755,0.074349058,1.137550204,-1.122567301,6
0.800173713,-1.157210552,0.591216716,-0.884102049,0.055855089,-0.4996953,0.265419194,-0.153208241,0.074349058,0.353229989,-0.301423563,6
1.396264643,-0.558078955,-0.477245386,0.24940304,-0.129166238,1.283409588,0.847588141,0.414343903,-0.451554666,0.52752337,-0.383537937,5
1.277046457,-0.558078955,-0.148487816,0.777069202,-0.129166238,1.640030566,1.429757088,0.948510626,-0.517292631,0.353229989,-0.794109806,6
0.204082783,0.540328973,-0.312866601,-0.610497372,-0.545464225,-0.321384812,-0.875631942,-0.987843747,-0.714506527,-1.563997201,1.505092659,7
-0.630444518,1.538881634,-0.559434778,-1.040447578,0.379642412,-1.807305552,-0.689337879,-0.086437401,0.337300919,0.266083299,-1.122567301,4
0.800173713,-0.757789487,-0.312866601,1.519710466,0.472153075,1.04566227,1.697554804,1.616219031,-0.320078735,-0.256796844,-1.286796048,8
0.084864597,-1.556631616,-0.477245386,-0.024201637,0.518408407,-1.094063597,-0.852345184,0.514500163,2.04648802,-0.431090225,-0.711995432,5
0.561737341,0.240763174,-0.97038174,-0.229405144,0.33338708,-0.143074323,0.940735172,-0.520447864,-0.3858167,-0.343943534,0.930292043,6
0.084864597,0.041052642,-0.066298423,1.597883231,-0.129166238,0.689041292,0.661294078,1.749760712,0.994680573,1.573283656,-1.368910422,6
1.753919201,-0.757789487,0.344648539,1.050673878,0.425897743,0.92678861,0.707867594,2.083614914,0.994680573,2.880484013,-1.286796048,6
0.084864597,0.041052642,-0.066298423,1.597883231,-0.129166238,0.689041292,0.661294078,1.749760712,0.994680573,1.573283656,-1.368910422,6
1.753919201,-0.757789487,0.344648539,1.050673878,0.425897743,0.92678861,0.707867594,2.083614914,0.994680573,2.880484013,-1.286796048,6
1.753919201,-0.757789487,0.344648539,1.050673878,0.425897743,0.92678861,0.707867594,2.083614914,0.994680573,2.880484013,-1.286796048,6
0.442519155,-0.957500019,-0.230677208,2.125549393,0.425897743,-0.202511152,1.336610056,2.016844074,-0.3858167,-0.256796844,-1.204681674,6
-0.153571774,0.34061844,-2.038843842,-0.981818005,-0.267932234,1.223972758,0.125698647,-0.653989545,0.008611092,-0.256796844,-0.383537937,5
-0.27278996,0.34061844,-2.121033234,-1.001361196,-0.360442897,1.342846418,0.172272162,-0.653989545,-0.057126873,-0.256796844,-0.383537937,5
0.800173713,-1.057355286,0.098080362,-0.942731622,0.055855089,0.451293973,0.335279467,-0.253364502,1.126156504,1.747577037,0.519720174,6
0.561737341,0.240763174,-0.97038174,-0.229405144,0.33338708,-0.143074323,0.940735172,-0.520447864,-0.3858167,-0.343943534,0.930292043,6
0.561737341,-0.15865789,-0.230677208,-0.786386093,-0.129166238,1.342846418,0.894161657,-0.01966656,1.520584297,1.660430346,0.109148306,6
0.084864597,0.041052642,-0.066298423,1.597883231,-0.129166238,0.689041292,0.661294078,1.749760712,0.994680573,1.573283656,-1.368910422,6
1.753919201,-0.757789487,0.344648539,1.050673878,0.425897743,0.92678861,0.707867594,2.083614914,0.994680573,2.880484013,-1.286796048,6
-1.584190006,-0.957500019,-0.230677208,-0.962274813,-0.360442897,-1.153500426,-1.294793584,-0.587218704,0.994680573,0.788963442,-0.301423563,6
0.323300969,-1.257065818,0.426837931,-0.90364524,-0.129166238,-0.856316278,0.451713257,0.214031381,2.177963951,-0.169650153,-0.383537937,5
1.277046457,1.239315836,-0.066298423,0.24940304,-0.545464225,-0.4996953,-0.968778974,-0.219979082,-0.057126873,-0.692530296,1.422978285,7
0.084864597,-0.258513156,1.824057603,-0.864558858,-0.499208893,-0.915753108,-1.038639248,-0.787531226,0.271562954,0.353229989,0.437605801,6
0.323300969,-1.257065818,0.426837931,-0.90364524,-0.129166238,-0.856316278,0.451713257,0.214031381,2.177963951,-0.169650153,-0.383537937,5
-0.153571774,-0.957500019,1.002163678,-0.981818005,0.84219573,0.094672996,0.475000015,-0.587218704,1.19189447,-0.343943534,0.519720174,5
-0.392008146,0.440473707,-0.97038174,2.008290246,0.009599757,0.154109825,-0.153742448,1.248979409,0.205824988,1.573283656,-0.055080442,6
2.469228317,2.737144828,-0.312866601,0.327575804,-0.915506879,-1.272374085,-1.597521437,-0.386906183,-1.634838043,-1.128263748,1.094520791,5
-0.034353588,-0.857644753,0.426837931,0.308032613,-0.822996215,-0.796879449,-1.294793584,-0.053051981,-0.517292631,1.486136965,0.273377053,6
-0.749662704,1.339171102,-0.066298423,-0.336892696,-1.054272874,-0.440258471,-0.689337879,-1.054614588,0.731728712,-0.953970368,1.669321407,7
2.469228317,2.737144828,-0.312866601,0.327575804,-0.915506879,-1.272374085,-1.597521437,-0.386906183,-1.634838043,-1.128263748,1.094520791,5
0.084864597,-0.757789487,0.015890969,-0.845015666,0.148365752,-1.391247745,-0.083882174,-0.653989545,0.403038885,-0.256796844,0.930292043,7
-0.392008146,0.440473707,-0.97038174,2.008290246,0.009599757,0.154109825,-0.153742448,1.248979409,0.205824988,1.573283656,-0.055080442,6
0.919391899,-0.15865789,0.015890969,-0.004658446,0.194621084,0.035236166,0.544860288,-0.153208241,0.008611092,1.834723727,0.848177669,6
-0.749662704,-0.657934221,-0.477245386,-0.962274813,0.240876416,0.629604462,0.055838373,-0.453677023,0.271562954,-0.605383606,-0.301423563,6
0.800173713,0.640184239,0.426837931,0.229859849,-0.267932234,0.570167633,1.755771698,0.781583525,-0.517292631,0.353229989,-1.040452927,6
-0.749662704,-0.657934221,-0.477245386,-0.962274813,0.240876416,0.629604462,0.055838373,-0.453677023,0.271562954,-0.605383606,-0.301423563,6
1.277046457,1.538881634,0.509027324,1.167933025,5.652750237,-0.380821641,1.173602751,1.649604451,-0.780244493,1.311843585,-1.040452927,5
0.680955527,0.240763174,3.056898489,-1.001361196,5.282707583,0.510730803,0.218845678,0.214031381,-0.714506527,-0.605383606,-1.286796048,5
-0.630444518,-0.15865789,0.509027324,-0.923188431,6.161558887,-1.807305552,-1.853675773,-0.553833284,-0.648768562,0.44037668,-0.301423563,5
-0.034353588,0.440473707,-1.545707487,0.327575804,0.009599757,0.92678861,0.940735172,0.547885584,-0.3858167,-0.343943534,-1.286796048,5
2.350010131,-0.657934221,0.015890969,0.132143893,-0.406698229,-0.143074323,0.242132436,0.681427265,-0.583030596,-0.343943534,-0.629881058,6
0.800173713,0.640184239,0.426837931,0.229859849,-0.267932234,0.570167633,1.755771698,0.781583525,-0.517292631,0.353229989,-1.040452927,6
3.065319247,1.439026368,0.591216716,-0.805929284,-0.545464225,-0.796879449,0.125698647,0.314187642,-0.845982458,0.266083299,0.437605801,6
0.800173713,0.140907908,-0.64162417,0.014884746,-0.17542157,-0.202511152,0.475000015,0.0804897,-0.320078735,-0.169650153,0.191262679,5
-0.511226332,-0.258513156,-1.134760525,-0.981818005,-1.008017543,-0.380821641,-0.8989187,-0.854302066,0.337300919,0.44037668,0.273377053,6
0.323300969,-0.458223689,-0.066298423,1.226562599,0.148365752,0.867351781,1.010595446,1.51606277,1.454846331,-0.779676987,-0.547766684,5
1.157828271,0.740039505,0.180269754,-0.942731622,-0.360442897,-1.450684574,-0.363323269,-0.453677023,0.403038885,-0.082503463,0.437605801,5
2.230791945,-0.757789487,-0.477245386,-1.040447578,-1.285549533,-1.034626767,-1.574234679,-0.520447864,-1.437624147,-1.215410439,-0.055080442,5
-1.46497182,-0.058802624,-0.148487816,-1.020904387,0.009599757,-0.915753108,0.358566225,-0.253364502,4.018626982,-0.692530296,-0.219309189,6
0.800173713,0.140907908,-0.64162417,0.014884746,-0.17542157,-0.202511152,0.475000015,0.0804897,-0.320078735,-0.169650153,0.191262679,5
-1.703408192,-1.356921084,-0.559434778,-0.356435887,-0.776740884,-0.796879449,-0.829058427,0.247416802,0.994680573,-0.431090225,-1.204681674,5
2.111573759,-0.358368423,0.098080362,-1.138163534,-0.17542157,-1.450684574,-1.597521437,-0.520447864,-0.714506527,-0.953970368,0.109148306,5
-0.27278996,0.240763174,0.919974286,0.816155584,-0.637974888,1.223972758,1.685911425,0.948510626,0.205824988,0.876110132,-0.794109806,6
-1.703408192,-1.356921084,-0.559434778,-0.356435887,-0.776740884,-0.796879449,-0.829058427,0.247416802,0.994680573,-0.431090225,-1.204681674,5
-1.584190006,-1.45677635,-0.559434778,-0.317349505,-0.822996215,-0.796879449,-0.829058427,0.214031381,0.994680573,-0.343943534,-1.040452927,6
0.561737341,-0.957500019,0.015890969,-0.727756519,-0.730485552,-0.321384812,-0.759198153,-0.720760385,-1.437624147,0.353229989,0.437605801,6
-1.46497182,1.089532936,-2.449790804,1.207019407,-0.545464225,-0.796879449,-0.57290409,0.748198105,0.600252781,1.224696894,-0.465652311,6
2.111573759,-0.358368423,0.098080362,-1.138163534,-0.17542157,-1.450684574,-1.597521437,-0.520447864,-0.714506527,-0.953970368,0.109148306,5
1.634701015,0.540328973,0.755595501,0.542550907,0.009599757,-0.796879449,-0.316749753,1.349135669,1.257632435,-0.169650153,-0.958338553,5
-0.153571774,0.640184239,0.837784893,0.034427937,0.287131748,-0.440258471,0.381852983,0.447729323,-0.320078735,-0.692530296,-0.711995432,5
-0.153571774,0.540328973,0.837784893,0.112600701,0.194621084,-0.380821641,0.358566225,0.447729323,-0.320078735,-0.605383606,-0.794109806,5
-0.749662704,0.041052642,-0.806002955,0.395976974,-0.68423022,-0.202511152,0.754441109,0.547885584,1.3233704,0.701816751,-0.629881058,7
5.807337524,-0.458223689,0.344648539,0.91387154,-0.545464225,-1.212937256,-0.386610027,1.849916973,-1.700576008,0.52752337,-0.629881058,3
-0.153571774,-0.657934221,-0.559434778,2.291666518,-0.17542157,0.332420314,0.148985404,1.983458654,0.731728712,-1.128263748,-1.451024796,5
-0.153571774,-0.657934221,-0.559434778,2.291666518,-0.17542157,0.332420314,0.148985404,1.983458654,0.731728712,-1.128263748,-1.451024796,5
1.992355573,2.088085598,-0.395055993,-0.454151843,-0.915506879,-0.975189937,-0.8989187,-0.787531226,-1.174672285,-0.953970368,1.587207033,5
1.992355573,2.088085598,-0.395055993,-0.454151843,-0.915506879,-0.975189937,-0.8989187,-0.787531226,-1.174672285,-0.953970368,1.587207033,5
0.442519155,0.140907908,-0.395055993,-0.356435887,-0.776740884,-0.4996953,0.358566225,-0.353520763,-0.780244493,-1.999730653,0.109148306,6
-0.153571774,-0.657934221,-0.559434778,2.291666518,-0.17542157,0.332420314,0.148985404,1.983458654,0.731728712,-1.128263748,-1.451024796,5
-0.27278996,0.34061844,-0.230677208,-0.297806313,-0.68423022,-0.915753108,0.265419194,-0.520447864,1.126156504,2.880484013,1.258749538,7
0.442519155,0.140907908,0.262459146,0.366662187,-0.082910907,0.570167633,2.035212793,0.814968946,-0.451554666,-0.169650153,-1.204681674,5
-1.46497182,1.838447433,1.002163678,-0.981818005,-0.267932234,-0.261947982,0.684580836,-0.320135342,-0.3858167,-0.169650153,-1.368910422,5
-0.153571774,0.041052642,0.837784893,0.992044305,-0.267932234,1.342846418,1.942065761,0.915125206,0.205824988,0.614670061,-0.794109806,5
-0.27278996,-0.458223689,-0.066298423,-0.90364524,-0.452953561,-0.737442619,-1.01535249,-0.553833284,0.863204643,-0.779676987,0.273377053,6
-0.034353588,-1.057355286,-0.723813563,-0.942731622,0.055855089,-0.083637493,-0.177029206,-0.921072907,-0.188602804,-0.082503463,0.766063296,5
0.800173713,-0.957500019,0.180269754,-0.786386093,0.148365752,0.154109825,-0.386610027,0.614656424,2.703867674,-0.256796844,-0.137194816,5
-0.392008146,-0.558078955,-0.477245386,-0.297806313,-0.17542157,0.92678861,0.940735172,0.347573062,0.731728712,2.27045718,-0.794109806,6
1.038610085,-0.058802624,-0.477245386,-0.90364524,0.194621084,-0.856316278,-0.293462995,-0.253364502,-0.254340769,-0.431090225,-0.465652311,5
0.919391899,0.041052642,-0.395055993,-0.41506546,0.240876416,-0.61856896,0.055838373,-0.086437401,-0.188602804,-0.866823677,-0.219309189,5
0.800173713,0.140907908,-0.395055993,-0.395522269,0.240876416,-0.55913213,0.148985404,-0.086437401,-0.188602804,-0.866823677,-0.219309189,5
-1.46497182,0.440473707,-1.29913931,-0.981818005,-0.776740884,-0.55913213,-0.829058427,-1.188156269,1.652060227,-1.041117058,0.437605801,6
0.204082783,0.540328973,-0.723813563,-0.942731622,-0.730485552,-0.61856896,-0.316749753,-1.35508337,0.205824988,-1.302557129,1.340863912,7
0.442519155,0.640184239,-0.312866601,-1.001361196,0.518408407,-0.61856896,0.777727867,0.214031381,0.46877685,0.178936609,-1.122567301,6
-0.511226332,-0.857644753,-0.64162417,-0.23917674,-0.267932234,-0.261947982,0.009264857,0.280802222,0.46877685,1.660430346,-0.794109806,6
-0.392008146,-0.458223689,-0.559434778,-0.161003975,-0.129166238,0.451293973,0.568147046,0.380958482,0.534514816,2.35760387,-0.794109806,5
-0.392008146,-0.058802624,-0.395055993,-0.219633549,-0.036655575,1.283409588,1.150315993,0.380958482,0.797466677,2.619043942,-0.547766684,5
-0.392008146,-0.558078955,-0.477245386,-0.297806313,-0.17542157,0.92678861,0.940735172,0.347573062,0.731728712,2.27045718,-0.794109806,6
0.800173713,-0.957500019,0.180269754,-0.786386093,0.148365752,0.154109825,-0.386610027,0.614656424,2.703867674,-0.256796844,-0.137194816,5
-0.153571774,0.839894771,-0.148487816,-0.942731622,-0.314187566,-1.510121404,-0.363323269,0.214031381,0.731728712,1.573283656,-0.711995432,5
0.084864597,-0.558078955,0.426837931,-0.845015666,0.425897743,0.213546655,1.359896814,0.314187642,2.177963951,0.44037668,-0.219309189,6
-1.226535448,-1.057355286,-0.312866601,-0.981818005,-0.17542157,-0.61856896,-0.479757058,-0.353520763,3.229771397,2.009017108,0.027033932,6
0.561737341,1.738592166,-0.148487816,0.132143893,-0.082910907,-1.094063597,-0.526330574,0.681427265,0.863204643,-0.692530296,-0.055080442,4
-0.153571774,0.839894771,-0.148487816,-0.942731622,-0.314187566,-1.510121404,-0.363323269,0.214031381,0.731728712,1.573283656,-0.711995432,5
0.680955527,1.439026368,-1.62789688,0.835698775,0.009599757,-1.034626767,-1.038639248,0.581271004,0.205824988,-1.38970382,0.191262679,5
0.680955527,0.540328973,-0.148487816,0.91387154,-0.452953561,-0.61856896,-0.479757058,0.681427265,-0.254340769,-1.302557129,0.027033932,6
2.946101061,0.240763174,-0.148487816,0.835698775,-0.776740884,-1.272374085,-0.666051121,0.547885584,-2.226479732,-0.605383606,0.109148306,5
1.157828271,-1.057355286,-0.148487816,-0.942731622,0.33338708,0.689041292,0.242132436,0.214031381,0.665990746,2.35760387,-0.711995432,6
1.157828271,-1.057355286,-0.148487816,-0.942731622,0.33338708,0.689041292,0.242132436,0.214031381,0.665990746,2.35760387,-0.711995432,6
1.515482829,-1.057355286,-0.148487816,-0.962274813,0.194621084,-1.094063597,-0.8989187,-0.053051981,-0.320078735,0.788963442,-0.794109806,5
1.634701015,-1.057355286,-0.230677208,-0.962274813,0.148365752,0.748478121,0.31199271,0.01371886,-0.451554666,0.788963442,-0.876224179,6
2.111573759,-1.257065818,-0.312866601,-0.942731622,0.009599757,-0.380821641,-0.223602722,0.01371886,0.205824988,-0.953970368,-0.547766684,6
1.157828271,-1.057355286,-0.148487816,-0.942731622,0.33338708,0.689041292,0.242132436,0.214031381,0.665990746,2.35760387,-0.711995432,6
0.323300969,-0.258513156,-1.216949918,0.308032613,-0.082910907,0.92678861,0.754441109,0.748198105,-0.188602804,-0.431090225,-1.040452927,5
0.323300969,-0.358368423,-1.216949918,0.24940304,-0.036655575,1.04566227,0.847588141,0.547885584,-0.122864839,-0.953970368,-0.794109806,5
-1.941844564,4.834105417,-2.531980197,-0.727756519,-0.129166238,-0.4996953,-1.085212763,-0.320135342,0.994680573,-0.953970368,-1.040452927,5
-0.392008146,-0.558078955,1.577489425,1.695599187,0.287131748,-0.796879449,-0.083882174,1.48267735,-1.634838043,-1.215410439,-0.876224179,5
-0.392008146,-0.558078955,1.577489425,1.695599187,0.287131748,-0.796879449,-0.083882174,1.48267735,-1.634838043,-1.215410439,-0.876224179,5
1.753919201,0.041052642,0.509027324,0.483921334,0.102110421,-0.143074323,0.148985404,1.549448191,1.389108366,-0.256796844,-0.958338553,5
-0.153571774,0.440473707,0.015890969,-0.08283121,0.194621084,-1.807305552,-0.24688948,0.380958482,0.008611092,-0.779676987,-1.122567301,5
-0.27278996,-0.358368423,-0.066298423,1.148389834,0.009599757,-0.261947982,0.125698647,1.38252109,1.126156504,-0.779676987,-0.794109806,5
0.561737341,-0.957500019,0.180269754,1.304735363,0.472153075,2.174962032,0.544860288,1.950073234,1.520584297,-1.215410439,-1.122567301,6
-1.107317262,-1.157210552,-0.312866601,0.053971128,-0.129166238,0.451293973,0.31199271,0.314187642,2.90108157,-0.256796844,0.109148306,5
-0.27278996,-0.358368423,-0.066298423,1.148389834,0.009599757,-0.261947982,0.125698647,1.38252109,1.126156504,-0.779676987,-0.794109806,5
-0.153571774,0.041052642,0.098080362,-0.805929284,-0.17542157,-1.153500426,-1.271506826,-1.188156269,0.008611092,0.614670061,1.587207033,6
-0.86888089,0.640184239,-0.312866601,0.91387154,0.055855089,-0.440258471,2.268080372,1.315750249,-0.057126873,0.004643228,-1.451024796,5
-1.107317262,-0.058802624,-1.545707487,-0.962274813,0.472153075,-0.024200664,-0.270176237,-0.186593661,-0.451554666,-0.343943534,-1.368910422,5
-1.107317262,-1.157210552,-0.312866601,0.053971128,-0.129166238,0.451293973,0.31199271,0.314187642,2.90108157,-0.256796844,0.109148306,5
-0.153571774,0.440473707,0.015890969,-0.08283121,0.194621084,-1.807305552,-0.24688948,0.380958482,0.008611092,-0.779676987,-1.122567301,5
1.873137387,-0.358368423,1.084353071,1.715142378,0.518408407,0.272983485,2.198220098,2.117000335,-1.10893432,1.486136965,-1.204681674,5
1.396264643,-0.358368423,-0.066298423,0.737982819,0.102110421,0.629604462,0.032551615,1.015281467,-0.188602804,-0.082503463,-0.137194816,6
0.561737341,-0.957500019,0.180269754,1.304735363,0.472153075,2.174962032,0.544860288,1.950073234,1.520584297,-1.215410439,-1.122567301,6
0.919391899,-0.458223689,-0.230677208,0.835698775,-0.360442897,1.402283247,1.08045572,0.915125206,-0.451554666,0.52752337,-0.794109806,6
-0.511226332,-0.558078955,-0.723813563,2.086463011,0.194621084,0.510730803,-0.037308659,1.983458654,0.731728712,-1.041117058,-1.368910422,5
-0.511226332,-0.558078955,-0.723813563,2.086463011,0.194621084,0.510730803,-0.037308659,1.983458654,0.731728712,-1.041117058,-1.368910422,5
-0.511226332,-0.558078955,-0.723813563,2.086463011,0.194621084,0.510730803,-0.037308659,1.983458654,0.731728712,-1.041117058,-1.368910422,5
-1.46497182,0.540328973,-1.545707487,-0.884102049,0.194621084,-0.915753108,-1.085212763,-0.253364502,1.257632435,1.137550204,-0.465652311,5
0.919391899,-0.458223689,-0.230677208,0.835698775,-0.360442897,1.402283247,1.08045572,0.915125206,-0.451554666,0.52752337,-0.794109806,6
-0.511226332,-0.558078955,-0.723813563,2.086463011,0.194621084,0.510730803,-0.037308659,1.983458654,0.731728712,-1.041117058,-1.368910422,5
-0.153571774,-0.757789487,-0.559434778,-1.020904387,-0.545464225,-0.975189937,-1.66738171,-1.321697949,-0.320078735,-1.041117058,1.012406417,4
0.919391899,-0.15865789,-0.148487816,-1.020904387,-0.267932234,-0.55913213,-0.526330574,-0.386906183,0.140087023,0.614670061,0.273377053,5
-0.630444518,-0.757789487,-0.148487816,-0.649583755,-0.221676902,-1.034626767,-0.316749753,-0.921072907,1.586322262,-0.605383606,1.258749538,6
1.277046457,-1.157210552,0.180269754,-0.962274813,-0.591719556,-1.272374085,-0.409896785,-0.01966656,0.074349058,-0.866823677,-0.137194816,4
-0.153571774,-0.258513156,-0.559434778,0.835698775,1.397259711,0.689041292,0.335279467,0.848354366,-0.911720423,-0.953970368,-1.204681674,5
0.919391899,1.13946057,-0.477245386,-0.297806313,-0.499208893,0.035236166,-0.712624637,-0.787531226,0.008611092,0.788963442,1.422978285,7
-0.034353588,-0.15865789,-0.066298423,1.207019407,0.240876416,1.402283247,0.777727867,1.282364829,1.3233704,-0.953970368,-0.465652311,5
-0.153571774,-0.258513156,-0.559434778,0.835698775,1.397259711,0.689041292,0.335279467,0.848354366,-0.911720423,-0.953970368,-1.204681674,5
0.919391899,1.13946057,-0.477245386,-0.297806313,-0.499208893,0.035236166,-0.712624637,-0.787531226,0.008611092,0.788963442,1.422978285,7
-1.107317262,0.041052642,-0.97038174,1.119075047,0.102110421,0.391857144,0.544860288,0.514500163,0.074349058,-0.256796844,-0.301423563,5
-0.511226332,1.538881634,-0.477245386,1.08976026,0.472153075,-0.737442619,0.801014625,1.48267735,0.797466677,0.52752337,-0.958338553,5
2.588446503,0.540328973,0.344648539,-0.923188431,0.749685066,0.897070196,4.759763465,0.547885584,-0.583030596,1.834723727,-0.794109806,5
-1.226535448,2.237868497,-2.367601412,-0.74729971,0.379642412,0.035236166,0.148985404,0.214031381,1.586322262,0.091789918,-1.040452927,6
-0.153571774,0.041052642,0.426837931,-0.981818005,-0.452953561,-1.212937256,-0.57290409,-0.787531226,0.534514816,2.009017108,1.012406417,5
0.084864597,0.740039505,-0.806002955,-0.884102049,-0.267932234,-0.856316278,0.102411889,-0.620604125,1.060418539,-0.953970368,0.437605801,5
0.204082783,-0.558078955,-0.148487816,2.047376628,0.472153075,0.807914951,0.428426499,1.883302393,1.19189447,-0.953970368,-0.711995432,6
0.204082783,-0.558078955,-0.148487816,2.047376628,0.472153075,0.807914951,0.428426499,1.883302393,1.19189447,-0.953970368,-0.711995432,6
1.634701015,-0.358368423,-0.559434778,-0.845015666,-0.730485552,-0.796879449,0.521573531,-0.921072907,-1.306148216,1.660430346,1.176635164,6
-0.153571774,-0.15865789,-0.148487816,0.112600701,-0.221676902,0.154109825,-0.503043816,-0.086437401,0.403038885,0.266083299,0.273377053,6
0.323300969,-1.157210552,-0.64162417,0.132143893,0.379642412,0.332420314,1.965352519,0.814968946,1.257632435,0.52752337,-0.301423563,5
1.157828271,-0.957500019,0.180269754,-0.102374402,0.564663739,-0.261947982,-0.177029206,0.280802222,0.403038885,0.266083299,0.355491427,6
0.323300969,-1.157210552,-0.64162417,0.132143893,0.379642412,0.332420314,1.965352519,0.814968946,1.257632435,0.52752337,-0.301423563,5
-1.703408192,-0.358368423,-0.148487816,0.444834951,0.657174402,-0.975189937,-0.875631942,-0.053051981,0.534514816,-1.563997201,-0.055080442,5
0.204082783,0.540328973,2.481572742,1.324278555,0.472153075,-1.391247745,-0.805771669,1.015281467,-0.911720423,-0.866823677,-1.040452927,5
0.919391899,0.041052642,0.098080362,1.734685569,0.472153075,-0.261947982,-0.526330574,1.883302393,0.534514816,0.091789918,-0.711995432,5
0.919391899,0.041052642,0.098080362,1.734685569,0.472153075,-0.261947982,-0.526330574,1.883302393,0.534514816,0.091789918,-0.711995432,5
0.680955527,-0.15865789,1.495300033,1.324278555,0.055855089,1.699467395,0.917448415,1.349135669,-0.583030596,-0.256796844,-1.204681674,5
-0.511226332,-1.356921084,-0.148487816,-0.727756519,-0.406698229,-1.034626767,-1.178359795,-0.587218704,1.389108366,2.183310489,0.848177669,7
1.515482829,-0.657934221,-0.148487816,0.825927179,0.33338708,1.04566227,0.125698647,1.015281467,-0.122864839,-0.082503463,-0.219309189,6
0.323300969,-0.757789487,-0.230677208,0.698896437,0.379642412,0.807914951,0.591433804,0.948510626,1.389108366,-0.605383606,-0.465652311,6
0.323300969,-1.606559249,-0.312866601,0.073514319,0.472153075,-0.55913213,-0.805771669,0.414343903,1.652060227,-0.779676987,-0.711995432,6
-0.630444518,0.140907908,-1.134760525,1.793315143,-0.267932234,-0.915753108,0.055838373,0.681427265,-0.583030596,0.44037668,0.109148306,5
0.204082783,0.540328973,2.481572742,1.324278555,0.472153075,-1.391247745,-0.805771669,1.015281467,-0.911720423,-0.866823677,-1.040452927,5
-0.153571774,-0.358368423,0.015890969,-0.258719931,-0.360442897,-0.261947982,-0.945492216,-0.687374965,0.337300919,-0.256796844,1.094520791,6
0.084864597,-0.358368423,0.015890969,-0.669126946,-0.499208893,0.035236166,-0.875631942,-1.221541689,-0.057126873,-0.518236915,1.422978285,6
0.919391899,0.041052642,0.098080362,1.734685569,0.472153075,-0.261947982,-0.526330574,1.883302393,0.534514816,0.091789918,-0.711995432,5
0.084864597,-0.558078955,-0.066298423,-0.845015666,0.287131748,-1.212937256,-1.481087647,-0.386906183,0.074349058,-0.692530296,0.109148306,6
0.680955527,-0.957500019,0.426837931,-0.884102049,0.379642412,-0.737442619,-1.131786279,-0.01966656,0.534514816,-0.343943534,-0.137194816,6
3.422973805,6.531644941,0.919974286,0.42529176,0.287131748,-0.083637493,1.103742478,1.749760712,-0.451554666,0.876110132,-0.219309189,4
1.038610085,0.140907908,-0.066298423,0.454606547,-0.499208893,-0.143074323,0.96402193,0.681427265,-0.517292631,-0.256796844,0.191262679,5
1.157828271,0.041052642,-0.148487816,-0.551867799,-0.360442897,-1.569558234,-1.481087647,-0.720760385,-0.911720423,-1.563997201,1.012406417,4
1.873137387,-0.258513156,-0.559434778,-0.336892696,-0.68423022,-0.261947982,-1.108499521,-0.653989545,-1.174672285,-1.38970382,1.258749538,6
0.561737341,-0.957500019,-0.559434778,-1.001361196,0.102110421,-0.55913213,-0.805771669,-0.053051981,2.177963951,1.486136965,0.109148306,6
-0.749662704,-0.358368423,0.262459146,-0.90364524,-0.68423022,-1.747868722,-1.830389015,-1.488625051,0.731728712,-1.302557129,1.422978285,4
-1.107317262,0.540328973,0.344648539,0.640266863,-0.267932234,-0.380821641,-0.363323269,0.414343903,1.849274124,-0.082503463,0.437605801,6
-0.153571774,0.939750037,-0.477245386,-0.473695034,-0.730485552,-0.380821641,-1.411227374,-1.38846879,0.271562954,-0.256796844,1.587207033,7
3.542191991,2.138013231,-0.888192348,-0.786386093,1.906068361,-0.975189937,-0.57290409,0.214031381,-2.752383455,-0.431090225,-0.876224179,6
1.873137387,-0.258513156,-0.559434778,-0.336892696,-0.68423022,-0.261947982,-1.108499521,-0.653989545,-1.174672285,-1.38970382,1.258749538,6
1.753919201,-0.558078955,-0.477245386,2.418697261,-0.822996215,1.164535929,-0.223602722,1.282364829,-1.503362112,-1.215410439,0.930292043,5
0.084864597,0.740039505,-0.230677208,-0.90364524,1.073472389,-1.212937256,0.521573531,0.0804897,-0.057126873,-0.169650153,-0.876224179,5
0.084864597,0.740039505,-0.230677208,-0.90364524,1.073472389,-1.212937256,0.521573531,0.0804897,-0.057126873,-0.169650153,-0.876224179,5
0.561737341,-0.857644753,-0.312866601,1.24610579,0.33338708,0.778196536,2.081786309,1.48267735,-0.320078735,0.004643228,-1.122567301,7
0.561737341,-0.857644753,-0.312866601,1.24610579,0.33338708,0.778196536,2.081786309,1.48267735,-0.320078735,0.004643228,-1.122567301,7
0.561737341,-0.857644753,-0.312866601,1.24610579,0.33338708,0.778196536,2.081786309,1.48267735,-0.320078735,0.004643228,-1.122567301,7
0.561737341,-0.857644753,-0.312866601,1.24610579,0.33338708,0.778196536,2.081786309,1.48267735,-0.320078735,0.004643228,-1.122567301,7
0.561737341,-0.857644753,-0.312866601,1.24610579,0.33338708,0.778196536,2.081786309,1.48267735,-0.320078735,0.004643228,-1.122567301,7
-0.034353588,0.440473707,-1.710086272,0.268946231,-0.17542157,-1.450684574,-0.526330574,0.614656424,0.271562954,-1.041117058,-1.040452927,5
0.800173713,0.440473707,1.988436388,2.018061841,0.194621084,0.451293973,0.544860288,1.916687813,-0.254340769,0.44037668,-1.040452927,5
0.561737341,-0.857644753,-0.312866601,1.24610579,0.33338708,0.778196536,2.081786309,1.48267735,-0.320078735,0.004643228,-1.122567301,7
0.561737341,-0.857644753,-0.312866601,1.24610579,0.33338708,0.778196536,1.685911425,1.48267735,-0.320078735,0.004643228,-1.122567301,7
-0.034353588,0.440473707,-1.710086272,0.268946231,-0.17542157,-1.450684574,-0.526330574,0.614656424,0.271562954,-1.041117058,-1.040452927,5
-1.107317262,0.640184239,-0.806002955,-0.200090357,0.657174402,-0.737442619,-0.316749753,0.314187642,0.403038885,-0.431090225,-1.204681674,7
0.800173713,0.440473707,1.988436388,2.018061841,0.194621084,0.451293973,0.544860288,1.916687813,-0.254340769,0.44037668,-1.040452927,5
0.919391899,-0.358368423,-0.230677208,-1.001361196,0.055855089,-0.143074323,-0.782484911,-0.386906183,0.205824988,0.52752337,0.273377053,6
1.277046457,0.839894771,0.755595501,0.718439628,0.33338708,-0.380821641,0.148985404,1.349135669,1.389108366,-0.256796844,-0.794109806,6
0.561737341,0.140907908,-0.723813563,-0.512781416,-0.082910907,-0.321384812,-0.596190848,-0.720760385,-0.517292631,-0.779676987,0.437605801,6
-0.392008146,0.440473707,-0.559434778,0.874785157,-0.221676902,0.094672996,0.148985404,0.714812685,0.337300919,-0.169650153,-0.383537937,5
-0.749662704,0.240763174,-0.806002955,0.034427937,-0.267932234,0.154109825,0.032551615,0.280802222,0.205824988,-0.169650153,-0.794109806,5
-0.630444518,0.540328973,-0.806002955,0.659810054,-0.221676902,-0.380821641,-0.712624637,0.481114743,0.665990746,-0.169650153,-0.301423563,6
0.680955527,-0.957500019,-0.230677208,1.031130687,0.240876416,-0.678005789,-1.061926005,0.948510626,0.008611092,-0.431090225,-0.794109806,7
-0.511226332,1.13946057,3.878792414,-1.020904387,7.919261495,-1.272374085,-1.527661163,-0.186593661,-0.714506527,0.353229989,-0.794109806,5
-0.153571774,-0.258513156,-1.29913931,-0.981818005,0.472153075,-1.331810915,-0.060595417,-0.219979082,-0.517292631,-0.605383606,-0.794109806,5
-0.630444518,-0.957500019,-0.148487816,0.620723672,0.287131748,-0.678005789,-1.155073037,0.714812685,1.060418539,0.004643228,-0.876224179,6
0.204082783,-0.957500019,-0.148487816,1.128846643,0.102110421,0.035236166,-0.340036511,0.848354366,-1.766313974,0.44037668,-0.876224179,6
0.800173713,-0.058802624,0.673406109,-0.74729971,-0.082910907,-0.380821641,-0.689337879,-0.987843747,0.797466677,0.178936609,1.833550154,6
2.707664689,-0.458223689,0.098080362,0.835698775,-0.406698229,-0.083637493,0.125698647,1.315750249,-0.648768562,-1.47685051,-0.629881058,5
1.157828271,0.041052642,0.591216716,-0.297806313,0.564663739,-0.261947982,0.31199271,0.814968946,0.534514816,0.178936609,-0.629881058,6
0.204082783,-0.957500019,-0.148487816,1.128846643,0.102110421,0.035236166,-0.340036511,0.848354366,-1.766313974,0.44037668,-0.876224179,6
-0.630444518,-0.957500019,-0.148487816,0.620723672,0.287131748,-0.678005789,-1.155073037,0.714812685,1.060418539,0.004643228,-0.876224179,6
-0.153571774,-0.258513156,-1.29913931,-0.981818005,0.472153075,-1.331810915,-0.060595417,-0.219979082,-0.517292631,-0.605383606,-0.794109806,5
0.084864597,-0.558078955,-0.64162417,-1.040447578,-0.406698229,-0.915753108,-1.597521437,-1.321697949,-0.583030596,-0.953970368,1.012406417,6
0.442519155,-0.957500019,-0.395055993,-1.059990769,-0.452953561,-0.55913213,-0.8989187,-1.38846879,-0.648768562,-1.041117058,1.012406417,6
0.204082783,-0.15865789,-1.216949918,0.347118996,0.240876416,1.04566227,1.103742478,0.614656424,-0.188602804,0.266083299,-0.629881058,5
-0.392008146,-0.258513156,0.673406109,0.952957922,0.148365752,2.47214618,2.128359824,0.814968946,0.337300919,0.266083299,-0.794109806,6
-0.630444518,-0.358368423,-0.888192348,0.171230275,1.073472389,-0.261947982,0.405139741,0.681427265,0.403038885,0.353229989,-1.122567301,5
-1.107317262,0.041052642,-0.559434778,-0.805929284,0.240876416,-0.737442619,0.172272162,-0.053051981,0.271562954,1.573283656,-0.137194816,6
0.204082783,-0.15865789,-1.216949918,0.347118996,0.240876416,1.04566227,1.103742478,0.614656424,-0.188602804,0.266083299,-0.629881058,5
1.038610085,-0.358368423,0.344648539,-0.845015666,0.564663739,-1.272374085,0.63800732,-0.053051981,0.140087023,0.52752337,-0.465652311,5
0.800173713,-0.058802624,-0.066298423,-0.864558858,0.610919071,-0.975189937,0.824301383,0.0804897,0.205824988,0.614670061,-0.465652311,5
0.919391899,1.13946057,0.015890969,0.698896437,0.472153075,-0.024200664,0.894161657,1.082052307,0.46877685,0.963256823,-0.219309189,5
2.350010131,-0.358368423,-0.066298423,1.82262993,-0.499208893,-1.153500426,-0.177029206,0.614656424,-1.24041025,-1.041117058,1.340863912,6
-0.392008146,-0.458223689,-0.806002955,-0.493238225,-0.036655575,0.035236166,-0.037308659,-0.653989545,-0.254340769,1.311843585,0.683948922,7
0.204082783,-0.15865789,-0.312866601,-0.864558858,-0.68423022,-1.331810915,-0.270176237,-0.820916646,0.008611092,0.004643228,0.766063296,5
0.084864597,0.440473707,0.098080362,-0.962274813,-0.314187566,-0.678005789,-0.340036511,-0.787531226,-0.122864839,1.311843585,1.422978285,6
0.561737341,-0.358368423,-0.64162417,-0.942731622,0.564663739,1.04566227,0.242132436,-0.186593661,-0.057126873,0.091789918,-0.465652311,7
-0.034353588,-0.657934221,-0.066298423,-0.981818005,0.472153075,-0.024200664,-0.083882174,-0.119822821,2.90108157,2.531897251,-0.137194816,6
0.084864597,0.440473707,0.098080362,-0.962274813,-0.314187566,-0.678005789,-0.340036511,-0.787531226,-0.122864839,1.311843585,1.422978285,6
0.561737341,-1.057355286,-0.395055993,-0.981818005,0.055855089,-0.737442619,-0.759198153,-0.086437401,2.177963951,1.398990275,-0.055080442,6
0.204082783,-0.15865789,-0.312866601,-0.864558858,-0.68423022,-1.331810915,-0.270176237,-0.820916646,0.008611092,0.004643228,0.766063296,5
1.873137387,0.041052642,0.015890969,1.441537702,-0.221676902,-0.202511152,0.498286773,1.315750249,-0.3858167,-0.779676987,-0.465652311,6
1.038610085,0.240763174,0.262459146,-1.001361196,0.240876416,-1.153500426,-1.01535249,-0.01966656,0.863204643,1.137550204,-0.383537937,5
1.396264643,-0.258513156,0.344648539,-0.512781416,0.240876416,-1.034626767,-0.24688948,-0.453677023,0.140087023,-0.953970368,0.848177669,6
0.919391899,0.041052642,-0.395055993,0.09305751,-0.221676902,-0.380821641,0.544860288,0.347573062,1.652060227,0.963256823,0.027033932,6
-0.511226332,-0.358368423,0.180269754,-0.825472475,-0.869251547,0.035236166,-0.13045569,-1.45523963,0.600252781,-1.128263748,1.669321407,7
0.084864597,-0.558078955,-0.148487816,-0.942731622,-0.036655575,0.272983485,-0.4564703,-0.921072907,-1.371886181,-0.431090225,0.027033932,6
1.873137387,0.041052642,0.015890969,1.441537702,-0.221676902,-0.202511152,0.498286773,1.315750249,-0.3858167,-0.779676987,-0.465652311,6
1.277046457,1.738592166,-0.477245386,0.855241966,0.240876416,-0.61856896,0.405139741,0.514500163,-0.845982458,-0.169650153,0.766063296,7
-0.034353588,-0.458223689,-0.066298423,1.24610579,0.472153075,0.510730803,0.684580836,1.282364829,1.520584297,-0.605383606,-0.547766684,6
1.277046457,1.738592166,-0.477245386,0.855241966,0.240876416,-0.61856896,0.405139741,0.514500163,-0.845982458,-0.169650153,0.766063296,7
0.800173713,-0.458223689,-0.64162417,1.734685569,0.980961725,-0.202511152,0.614720562,1.48267735,-1.043196354,-0.431090225,-1.040452927,4
0.919391899,0.041052642,1.988436388,1.109303452,0.009599757,1.461720077,0.870874899,1.38252109,-0.714506527,-0.256796844,-1.286796048,5
0.919391899,-0.058802624,2.235004565,1.08976026,0.009599757,1.699467395,0.917448415,1.349135669,-0.780244493,-0.256796844,-1.286796048,5
0.204082783,-0.757789487,0.180269754,1.011587496,-0.17542157,0.570167633,-0.363323269,0.948510626,-1.766313974,0.876110132,-0.794109806,7
-0.034353588,-0.258513156,0.098080362,0.542550907,-0.545464225,0.391857144,0.242132436,0.180645961,0.140087023,-1.128263748,0.848177669,6
0.204082783,-0.757789487,0.180269754,1.011587496,-0.17542157,0.570167633,-0.363323269,0.948510626,-1.766313974,0.876110132,-0.794109806,7
-0.034353588,-0.258513156,0.098080362,0.542550907,-0.545464225,0.391857144,0.242132436,0.180645961,0.140087023,-1.128263748,0.848177669,6
1.753919201,-0.757789487,-0.230677208,-0.708213328,0.379642412,-1.153500426,-1.178359795,0.000364692,-1.503362112,-0.343943534,-0.794109806,6
-0.511226332,1.13946057,0.098080362,-0.942731622,0.148365752,-1.510121404,0.568147046,0.334218894,1.060418539,0.178936609,-0.629881058,5
0.323300969,-0.458223689,0.344648539,-0.063288019,0.980961725,-0.915753108,-1.155073037,0.267448054,-0.122864839,2.619043942,-0.629881058,5
-0.034353588,1.6387369,0.673406109,0.405748569,0.102110421,-1.510121404,0.172272162,1.082052307,0.863204643,-0.256796844,-0.794109806,6
0.204082783,0.041052642,-1.216949918,0.268946231,-0.267932234,0.748478121,1.033882204,0.544547042,-0.188602804,0.091789918,-0.876224179,5
-0.630444518,0.640184239,-1.134760525,1.656512805,0.657174402,0.094672996,0.521573531,1.38252109,-0.3858167,-0.343943534,-1.204681674,4
-0.988099076,-1.257065818,-0.395055993,-0.043744828,0.009599757,0.213546655,0.265419194,0.183984503,2.703867674,-0.431090225,0.109148306,6
-0.034353588,1.6387369,0.673406109,0.405748569,0.102110421,-1.510121404,0.172272162,1.082052307,0.863204643,-0.256796844,-0.794109806,6
0.323300969,0.140907908,-1.29913931,0.347118996,-0.17542157,0.332420314,0.940735172,0.761552273,-0.188602804,0.004643228,-1.122567301,5
0.204082783,0.041052642,-1.216949918,0.268946231,-0.267932234,0.748478121,1.033882204,0.544547042,-0.188602804,0.091789918,-0.876224179,5
-0.988099076,-0.458223689,0.919974286,0.816155584,2.229855684,0.807914951,0.684580836,0.945172084,-0.911720423,0.44037668,-1.368910422,5
-0.27278996,-0.458223689,0.673406109,0.933414731,0.055855089,0.98622544,0.731154351,1.142146064,2.309439881,2.183310489,-0.055080442,5
0.084864597,0.839894771,-1.62789688,1.011587496,-0.129166238,-0.024200664,2.058499551,1.182208568,-0.3858167,0.178936609,-1.286796048,5
0.680955527,0.34061844,-0.806002955,0.132143893,-0.68423022,-0.440258471,0.032551615,-0.063067607,-0.188602804,-0.953970368,0.109148306,7
-0.630444518,0.640184239,-1.134760525,1.656512805,0.657174402,0.094672996,0.521573531,1.38252109,-0.3858167,-0.343943534,-1.204681674,4
-0.988099076,-1.257065818,-0.395055993,-0.043744828,0.009599757,0.213546655,0.265419194,0.183984503,2.703867674,-0.431090225,0.109148306,6
0.561737341,-0.757789487,-0.395055993,-0.923188431,0.055855089,-1.153500426,-0.922205458,-0.577203078,0.600252781,-0.343943534,0.109148306,6
-0.749662704,-0.058802624,-1.29913931,0.24940304,0.102110421,0.570167633,1.08045572,0.681427265,0.271562954,-0.169650153,-1.204681674,5
2.707664689,0.640184239,1.659678818,2.125549393,0.657174402,0.629604462,2.221506856,2.557687882,-0.714506527,1.050403513,-1.368910422,6
0.561737341,-0.957500019,-0.395055993,-0.981818005,-0.17542157,-0.083637493,-0.8989187,-0.106468653,2.309439881,0.963256823,0.027033932,7
0.323300969,0.140907908,-1.134760525,0.24940304,0.009599757,0.92678861,0.801014625,0.554562668,-0.188602804,0.266083299,-0.794109806,5
-0.749662704,-0.058802624,-1.29913931,0.24940304,0.102110421,0.570167633,1.08045572,0.681427265,0.271562954,-0.169650153,-1.204681674,5
-0.86888089,-0.15865789,-1.216949918,-0.590954181,0.148365752,0.689041292,0.754441109,-0.587218704,-0.320078735,-0.518236915,-0.055080442,6
0.442519155,-0.657934221,-1.052571133,-0.942731622,0.009599757,-0.024200664,-0.153742448,0.167291793,1.257632435,-0.256796844,-0.383537937,6
0.204082783,-1.356921084,0.098080362,-0.981818005,-0.314187566,-0.678005789,-0.270176237,-0.680697881,-1.437624147,1.660430346,-0.055080442,5
0.323300969,1.13946057,1.659678818,-0.981818005,5.143941587,-0.083637493,-0.177029206,0.110536579,-0.517292631,0.353229989,-1.204681674,6
0.800173713,2.038157965,-0.477245386,0.777069202,0.148365752,1.283409588,1.522904119,1.108760644,0.337300919,-0.343943534,-0.958338553,5
0.323300969,1.13946057,1.659678818,-0.981818005,5.143941587,-0.083637493,-0.177029206,0.110536579,-0.517292631,0.353229989,-1.204681674,6
0.800173713,2.038157965,-0.477245386,0.777069202,0.148365752,1.283409588,1.522904119,1.108760644,0.337300919,-0.343943534,-0.958338553,5
-0.511226332,0.839894771,-0.230677208,-0.454151843,0.703429734,-0.915753108,-0.13045569,0.197338671,-0.057126873,-0.343943534,-1.204681674,6
1.873137387,-0.258513156,-0.230677208,-0.708213328,-0.637974888,-1.450684574,-1.830389015,-0.757484347,-0.845982458,-0.431090225,0.848177669,6
-0.034353588,0.240763174,-1.052571133,1.812858334,0.472153075,0.807914951,0.451713257,1.372505463,-0.517292631,-0.082503463,-1.204681674,5
-0.392008146,-0.857644753,0.755595501,0.874785157,-0.036655575,1.04566227,0.335279467,1.122114812,2.177963951,2.444750561,-0.055080442,6
-0.034353588,0.240763174,-1.052571133,1.812858334,0.472153075,0.807914951,0.451713257,1.372505463,-0.517292631,-0.082503463,-1.204681674,5
2.946101061,1.439026368,-0.148487816,0.014884746,-0.869251547,-0.915753108,0.63800732,0.210692839,-0.714506527,-0.518236915,0.109148306,5
-0.392008146,-0.857644753,0.755595501,0.874785157,-0.036655575,1.04566227,0.335279467,1.122114812,2.177963951,2.444750561,-0.055080442,6
-0.749662704,-0.757789487,-0.312866601,-0.102374402,-0.545464225,-0.024200664,0.288705952,0.754875189,1.849274124,-0.779676987,-1.615253543,6
1.873137387,-0.857644753,1.824057603,2.125549393,0.425897743,0.689041292,0.684580836,2.106984709,-0.780244493,1.573283656,-0.958338553,6
0.442519155,-0.857644753,-0.723813563,-0.981818005,0.240876416,0.332420314,-0.759198153,-0.113145737,2.243701916,1.486136965,0.027033932,7
-0.27278996,-0.258513156,-0.64162417,1.382908128,0.657174402,0.867351781,0.381852983,1.228948156,1.3233704,-0.256796844,-0.465652311,6
-0.86888089,-0.258513156,-0.477245386,0.405748569,-0.499208893,-0.440258471,-0.735911395,0.234062633,1.389108366,-0.605383606,-0.055080442,6
-0.988099076,1.838447433,-0.148487816,-0.043744828,0.33338708,-1.510121404,-1.061926005,0.404328277,1.060418539,-0.169650153,-0.301423563,5
0.442519155,-0.857644753,-0.723813563,-0.981818005,0.240876416,0.332420314,-0.759198153,-0.113145737,2.243701916,1.486136965,0.027033932,7
0.680955527,0.140907908,-0.64162417,1.6662844,0.980961725,0.689041292,0.894161657,1.409229426,-0.977458389,0.004643228,-1.040452927,4
-0.27278996,0.34061844,-1.29913931,0.24940304,-0.129166238,1.283409588,1.40647033,0.501145995,-0.122864839,-0.431090225,-0.876224179,6
0.561737341,-1.356921084,-0.312866601,-1.001361196,-0.591719556,-0.61856896,-1.131786279,-0.493739528,2.243701916,-0.866823677,0.109148306,6
-0.27278996,0.34061844,-1.29913931,0.24940304,-0.129166238,1.283409588,1.40647033,0.501145995,-0.122864839,-0.431090225,-0.876224179,6
0.204082783,1.239315836,1.495300033,-1.001361196,4.727643601,0.570167633,0.218845678,0.173968877,-0.714506527,0.614670061,-1.451024796,5
-0.630444518,-1.157210552,-0.723813563,-1.001361196,0.055855089,-0.915753108,-1.457800889,-0.286749922,2.769605639,0.44037668,-0.219309189,6
-0.749662704,-1.157210552,-0.97038174,-1.001361196,0.009599757,-1.034626767,-1.713955226,-0.363536389,2.769605639,0.52752337,-0.137194816,6
0.561737341,0.540328973,-0.64162417,1.793315143,0.148365752,1.877777884,1.639337909,1.639588825,-0.845982458,1.660430346,-0.794109806,5
0.561737341,0.540328973,-0.64162417,1.793315143,0.148365752,1.877777884,1.639337909,1.639588825,-0.845982458,1.660430346,-0.794109806,5
0.561737341,0.540328973,-0.64162417,1.793315143,0.148365752,1.877777884,1.639337909,1.639588825,-0.845982458,1.660430346,-0.794109806,5
0.561737341,0.540328973,-0.64162417,1.793315143,0.148365752,1.877777884,1.639337909,1.639588825,-0.845982458,1.660430346,-0.794109806,5
-0.392008146,1.339171102,-0.806002955,-0.297806313,5.190196919,0.689041292,0.102411889,0.183984503,-0.122864839,0.004643228,-0.876224179,5
-0.27278996,1.538881634,-0.888192348,-0.278263122,5.143941587,0.807914951,0.125698647,0.183984503,-0.122864839,0.004643228,-0.876224179,5
0.561737341,0.540328973,-0.64162417,1.793315143,0.148365752,1.877777884,1.639337909,1.639588825,-0.845982458,1.660430346,-0.794109806,5
0.442519155,1.239315836,-0.477245386,0.014884746,-0.406698229,-0.55913213,-0.992065732,-0.89436457,-0.188602804,0.788963442,1.75143578,7
0.561737341,-0.957500019,-0.806002955,-0.981818005,0.055855089,-0.856316278,-0.782484911,-0.109807195,2.177963951,1.311843585,0.027033932,7
1.992355573,-1.057355286,-0.477245386,-0.727756519,0.055855089,0.154109825,0.242132436,-0.169900951,-0.583030596,0.614670061,0.273377053,6
-0.511226332,0.440473707,-0.888192348,-1.020904387,0.379642412,0.213546655,1.592764393,-0.48038536,-0.057126873,-0.256796844,-0.465652311,6
0.442519155,1.239315836,-0.477245386,0.014884746,-0.406698229,-0.55913213,-0.992065732,-0.89436457,-0.188602804,0.788963442,1.75143578,7
0.084864597,0.440473707,-0.230677208,-0.004658446,-0.68423022,0.154109825,-0.57290409,-0.603911414,1.257632435,0.788963442,1.422978285,7
0.680955527,1.439026368,-1.216949918,0.09305751,-0.221676902,1.580593736,0.242132436,0.307510558,0.271562954,-1.041117058,-0.383537937,6
-0.034353588,0.041052642,-0.230677208,0.151687084,-0.267932234,0.689041292,0.661294078,0.147260541,0.665990746,0.701816751,0.109148306,7
-0.511226332,0.140907908,0.673406109,0.816155584,-0.17542157,1.818341055,1.453043846,0.861708534,0.337300919,0.353229989,-0.794109806,6
-0.749662704,1.339171102,-1.29913931,-0.57141099,-0.869251547,-0.737442619,-0.712624637,-1.328375033,0.994680573,0.44037668,1.915664528,8
0.084864597,0.440473707,-0.230677208,-0.004658446,-0.68423022,0.154109825,-0.57290409,-0.603911414,1.257632435,0.788963442,1.422978285,7
0.442519155,0.240763174,-0.066298423,-0.805929284,-0.129166238,-0.440258471,-0.340036511,-1.10803126,0.994680573,-0.431090225,1.75143578,7
-0.392008146,-0.558078955,-0.477245386,1.099531856,0.564663739,-0.61856896,-0.340036511,1.469323182,1.717798193,-0.343943534,-0.876224179,5
-1.107317262,-0.15865789,-1.29913931,0.112600701,0.425897743,0.867351781,1.266749783,0.584609546,0.140087023,-0.518236915,-1.204681674,5
-0.034353588,1.6387369,-1.29913931,1.050673878,0.240876416,-0.55913213,-0.316749753,1.115437728,0.271562954,-0.082503463,-1.122567301,5
0.680955527,1.439026368,-1.134760525,-0.981818005,0.657174402,-1.212937256,0.661294078,0.0804897,-0.845982458,-0.779676987,-0.876224179,6
0.084864597,0.839894771,-0.312866601,-0.278263122,-0.267932234,0.272983485,0.079125131,-0.81090102,0.928942608,-0.605383606,1.422978285,7
-1.584190006,0.190835541,-1.134760525,-0.825472475,0.148365752,-1.034626767,-0.13045569,-0.126499905,0.140087023,1.660430346,-0.383537937,5
-0.153571774,-0.657934221,1.74186821,1.597883231,0.33338708,-0.083637493,0.451713257,1.299057539,-1.700576008,-0.431090225,-1.040452927,5
2.946101061,0.041052642,-0.312866601,-0.942731622,-0.036655575,0.035236166,-0.014021901,0.394312651,-0.517292631,0.004643228,-0.958338553,5
1.396264643,0.041052642,0.015890969,-1.001361196,-0.499208893,-1.450684574,-0.316749753,-0.61392704,-0.320078735,0.091789918,-0.547766684,6
-0.153571774,-0.657934221,1.74186821,1.597883231,0.33338708,-0.083637493,0.451713257,1.299057539,-1.700576008,-0.431090225,-1.040452927,5
0.084864597,-0.558078955,-0.64162417,-0.708213328,-0.452953561,0.510730803,-0.177029206,-1.128062512,0.994680573,-0.692530296,1.258749538,7
2.946101061,0.041052642,-0.312866601,-0.942731622,-0.036655575,0.035236166,-0.014021901,0.394312651,-0.517292631,0.004643228,-0.958338553,5
-0.153571774,0.440473707,-0.312866601,-0.610497372,-0.776740884,-1.212937256,-1.387940616,-1.184817726,0.928942608,1.224696894,1.75143578,7
0.084864597,-0.857644753,-0.066298423,-0.024201637,-0.637974888,0.391857144,-0.293462995,-0.780854142,0.797466677,-0.953970368,1.422978285,6
0.919391899,1.439026368,0.344648539,0.327575804,0.703429734,0.807914951,0.102411889,0.814968946,1.389108366,0.788963442,0.437605801,6
0.561737341,-0.757789487,-0.230677208,-0.942731622,-0.360442897,-0.083637493,-0.549617332,-0.987843747,0.403038885,-0.866823677,1.258749538,7
0.680955527,-0.358368423,2.317193957,0.816155584,-0.036655575,0.92678861,0.31199271,1.212255446,-0.188602804,-0.431090225,-1.368910422,5
0.680955527,-0.15865789,2.07062578,1.050673878,0.009599757,1.342846418,0.568147046,1.329104417,-0.122864839,-0.256796844,-1.286796048,4
-0.392008146,1.239315836,-0.148487816,-0.923188431,-0.499208893,0.213546655,-1.294793584,-1.067968756,2.638129709,-0.082503463,1.833550154,7
1.277046457,-0.757789487,-0.312866601,0.327575804,-0.406698229,0.391857144,-0.223602722,-0.123161363,-0.583030596,1.573283656,1.094520791,6
-2.776371866,1.688664533,-2.778548374,-0.981818005,0.33338708,-1.450684574,0.894161657,0.033750112,3.952889017,0.52752337,-0.219309189,5
-0.988099076,1.339171102,-2.449790804,-1.001361196,-0.452953561,-0.737442619,-0.433183543,-0.627281209,0.337300919,1.050403513,-0.465652311,6
0.800173713,-0.757789487,0.015890969,-0.90364524,-0.221676902,0.391857144,0.19555892,-0.270057212,1.060418539,1.486136965,0.519720174,6
-0.034353588,0.240763174,-1.052571133,0.151687084,-0.036655575,1.105099099,1.173602751,0.597963714,0.205824988,-0.082503463,-0.876224179,5
0.084864597,0.740039505,-1.381328702,-1.040447578,0.148365752,-1.688431893,-0.479757058,-0.396921809,-0.3858167,-1.128263748,-0.629881058,6
-0.034353588,0.740039505,1.74186821,1.079988665,-0.360442897,-0.796879449,-0.666051121,0.90510958,-0.517292631,-1.738290582,-0.629881058,5
0.084864597,0.740039505,-1.381328702,-1.040447578,0.148365752,-1.688431893,-0.479757058,-0.396921809,-0.3858167,-1.128263748,-0.629881058,6
-0.034353588,0.740039505,1.74186821,1.079988665,-0.360442897,-0.796879449,-0.666051121,0.90510958,-0.517292631,-1.738290582,-0.629881058,5
0.800173713,0.240763174,0.509027324,-0.825472475,0.379642412,-0.380821641,0.824301383,0.097182411,0.008611092,0.353229989,-0.547766684,5
0.680955527,1.039605303,-0.395055993,1.226562599,0.194621084,-0.61856896,1.616051151,1.48267735,0.403038885,0.876110132,-0.958338553,6
0.680955527,0.240763174,-0.148487816,-0.981818005,-0.637974888,-0.261947982,0.498286773,-0.874333318,-1.569100078,-0.605383606,0.027033932,5
-0.749662704,1.239315836,-0.148487816,0.816155584,0.148365752,0.154109825,1.616051151,1.315750249,1.849274124,0.876110132,-0.958338553,6
-0.153571774,0.939750037,-0.477245386,-0.884102049,-1.008017543,1.699467395,-0.782484911,-1.411838584,1.717798193,0.963256823,1.75143578,8
0.680955527,-0.458223689,0.098080362,2.223265349,0.564663739,5.503424491,1.685911425,2.754661861,1.652060227,-0.518236915,-1.286796048,5
1.634701015,-0.058802624,0.015890969,0.737982819,0.102110421,0.867351781,-0.503043816,1.001927299,-0.057126873,0.178936609,-0.137194816,5
-0.153571774,-0.15865789,-0.97038174,-0.317349505,-0.221676902,4.433561558,1.359896814,0.070474074,0.665990746,1.573283656,0.109148306,5
-0.511226332,0.041052642,0.098080362,0.659810054,0.980961725,1.521156906,0.940735172,1.015281467,-0.254340769,0.701816751,-1.204681674,4
0.323300969,0.640184239,-0.312866601,0.386205378,0.240876416,0.272983485,0.63800732,1.13546898,1.915012089,1.137550204,-0.629881058,5
0.084864597,-0.458223689,-0.64162417,0.151687084,-0.221676902,-0.856316278,-1.155073037,0.3108491,0.205824988,0.52752337,-0.794109806,6
0.919391899,0.140907908,-0.395055993,-0.317349505,0.657174402,-0.4996953,0.381852983,0.521177247,1.980750054,0.876110132,-0.137194816,6
0.323300969,0.640184239,-0.312866601,0.386205378,0.240876416,0.272983485,0.63800732,1.13546898,1.915012089,1.137550204,-0.629881058,5
0.919391899,1.239315836,-0.559434778,-0.375979078,-0.545464225,-0.4996953,-1.038639248,-0.804223936,0.140087023,0.876110132,1.505092659,8
-0.27278996,-1.057355286,-0.559434778,-0.981818005,-0.637974888,0.213546655,0.218845678,-0.540479116,1.389108366,0.266083299,0.027033932,5
0.084864597,-0.458223689,-0.64162417,0.151687084,-0.221676902,-0.856316278,-1.155073037,0.3108491,0.205824988,0.52752337,-0.794109806,6
1.396264643,-0.358368423,-0.64162417,0.894328349,-0.129166238,0.332420314,1.662624667,0.868385618,-0.517292631,0.004643228,-0.383537937,6
0.919391899,0.041052642,2.39938335,0.91387154,-0.314187566,1.342846418,0.917448415,1.248979409,-0.714506527,-0.431090225,-1.368910422,4
0.680955527,-0.458223689,-0.395055993,-0.74729971,-0.68423022,-0.678005789,-0.968778974,-0.740791637,-1.24041025,0.44037668,0.355491427,6
1.634701015,-0.15865789,-0.230677208,-0.864558858,-0.776740884,-1.272374085,0.032551615,-1.131401054,-1.569100078,2.444750561,1.422978285,6
1.157828271,1.838447433,0.509027324,0.718439628,5.652750237,-0.975189937,1.033882204,1.222271072,-0.845982458,1.137550204,-0.794109806,5
1.157828271,0.34061844,-0.97038174,1.343821746,0.102110421,0.629604462,1.685911425,1.756437796,1.849274124,0.876110132,-0.383537937,5
1.157828271,-0.258513156,0.015890969,0.972501113,-0.267932234,1.04566227,1.453043846,0.975218963,-0.517292631,0.701816751,-0.711995432,6
-0.988099076,0.041052642,-1.463518095,-1.001361196,0.657174402,0.035236166,-0.316749753,-0.209963456,-0.3858167,-0.256796844,-1.451024796,6
0.084864597,-0.957500019,-0.64162417,-0.981818005,-0.082910907,0.629604462,-1.178359795,-0.533802032,1.3233704,-0.082503463,0.191262679,7
-0.511226332,-0.657934221,-0.477245386,-0.981818005,0.009599757,-0.55913213,-1.713955226,-0.724098927,1.586322262,-0.082503463,0.519720174,6
0.800173713,2.038157965,-0.066298423,0.112600701,-1.008017543,-1.272374085,-0.223602722,-0.787531226,0.403038885,-0.343943534,1.669321407,7
0.204082783,0.640184239,-0.148487816,-0.864558858,0.240876416,-0.380821641,-0.223602722,-0.206624914,0.731728712,0.091789918,-0.055080442,6
2.350010131,-0.657934221,0.262459146,-1.020904387,-0.822996215,-0.915753108,-1.085212763,-0.573864536,0.074349058,-1.041117058,0.848177669,5
0.561737341,0.440473707,-0.559434778,1.265648981,-0.267932234,1.461720077,1.895492246,1.385859632,-0.911720423,1.486136965,-0.876224179,5
-1.107317262,2.187940864,-0.559434778,-0.278263122,5.143941587,-1.094063597,-0.24688948,-0.066406149,-1.043196354,-1.128263748,-0.958338553,5
1.396264643,-0.258513156,0.015890969,0.718439628,0.194621084,-0.321384812,-0.433183543,1.028635635,-0.122864839,0.004643228,-0.301423563,6
1.515482829,-0.258513156,1.002163678,-0.522553012,0.194621084,-1.272374085,-0.875631942,0.36092723,0.600252781,0.788963442,-0.629881058,5
-0.511226332,-0.957500019,-0.395055993,-0.923188431,-0.499208893,0.213546655,0.102411889,-0.487062444,1.980750054,0.091789918,0.027033932,6
-0.27278996,-0.358368423,-0.64162417,1.207019407,0.33338708,0.510730803,0.987308688,1.289041913,1.520584297,-0.605383606,-0.629881058,5
-0.392008146,0.440473707,-0.806002955,-1.001361196,0.657174402,0.421575559,1.499617362,0.320864726,2.638129709,0.178936609,-1.040452927,5
0.800173713,0.440473707,0.098080362,-0.942731622,2.13734502,-0.678005789,-0.037308659,0.073812616,0.008611092,-0.431090225,-0.547766684,5
0.561737341,0.540328973,0.837784893,0.229859849,0.194621084,0.272983485,2.035212793,0.878401244,-0.451554666,0.266083299,-1.204681674,5
0.323300969,0.240763174,-0.312866601,0.327575804,0.194621084,0.272983485,1.127029235,0.788260609,-0.254340769,0.004643228,-1.122567301,6
0.561737341,0.640184239,-0.312866601,1.656512805,-0.406698229,2.056088373,0.684580836,0.941833542,0.403038885,-1.041117058,-0.055080442,6
-0.988099076,-1.157210552,-0.395055993,-0.08283121,-0.730485552,-0.380821641,0.102411889,0.194000129,3.229771397,-0.256796844,0.191262679,6
-0.749662704,-1.756342149,-0.806002955,-0.08283121,-0.314187566,-0.61856896,-0.759198153,0.317526184,2.638129709,0.004643228,0.027033932,7
-0.86888089,1.738592166,3.221277274,0.151687084,2.461132343,0.689041292,1.453043846,0.554562668,0.140087023,-0.518236915,-1.040452927,5
-1.107317262,0.540328973,-1.29913931,-0.669126946,-0.452953561,-1.807305552,-1.271506826,-0.971151037,0.600252781,-0.779676987,0.848177669,4
0.800173713,2.038157965,0.262459146,-1.020904387,-0.545464225,-1.807305552,-1.923536047,-0.533802032,-0.911720423,0.44037668,-0.055080442,3
0.323300969,-0.757789487,-0.312866601,-0.864558858,-0.314187566,0.451293973,1.127029235,-1.021229167,0.731728712,-0.692530296,1.258749538,6
0.084864597,0.440473707,-0.395055993,-0.297806313,-0.452953561,0.332420314,0.242132436,-0.82759373,1.257632435,-0.518236915,1.422978285,6
0.323300969,-0.757789487,-0.312866601,-0.864558858,-0.314187566,0.451293973,1.127029235,-1.021229167,0.731728712,-0.692530296,1.258749538,6
0.084864597,-0.558078955,-0.395055993,0.483921334,0.194621084,-0.678005789,-1.155073037,0.467760575,0.665990746,-0.256796844,-0.547766684,6
2.946101061,-0.458223689,1.824057603,1.959432268,0.795940398,1.015943855,3.315984476,2.277250352,-0.583030596,0.178936609,-0.958338553,5
-0.630444518,-0.058802624,-1.216949918,-0.864558858,1.767302366,-0.856316278,1.196889509,0.334218894,1.980750054,1.224696894,-0.711995432,4
-0.630444518,-0.058802624,-1.216949918,-0.884102049,1.813557697,-0.856316278,1.313323299,0.334218894,1.980750054,1.311843585,-0.794109806,4
0.084864597,-0.458223689,0.673406109,-0.258719931,-0.17542157,0.094672996,0.102411889,0.340895978,2.04648802,0.876110132,-0.219309189,6
-0.034353588,-1.257065818,-0.477245386,-0.395522269,-0.776740884,-1.272374085,-0.759198153,-0.229994708,0.337300919,-0.256796844,-0.055080442,8
-0.27278996,-0.15865789,-0.395055993,-0.121917593,-0.961762211,-0.55913213,-1.527661163,-0.420291603,0.600252781,0.353229989,0.437605801,6
-0.034353588,-1.257065818,-0.477245386,-0.395522269,-0.776740884,-1.272374085,-0.759198153,-0.229994708,0.337300919,-0.256796844,-0.055080442,8
0.800173713,-0.757789487,2.810330312,1.265648981,-0.17542157,1.223972758,0.475000015,1.419245052,-0.911720423,-0.692530296,-1.451024796,5
-0.034353588,0.240763174,-0.395055993,-1.001361196,0.33338708,-0.678005789,1.150315993,-0.179916577,0.665990746,0.44037668,-0.465652311,4
-0.034353588,0.240763174,-0.312866601,-1.001361196,0.33338708,-0.678005789,1.08045572,-0.183255119,0.665990746,0.44037668,-0.465652311,4
0.800173713,-0.657934221,0.098080362,-1.020904387,-0.221676902,-1.688431893,-0.782484911,-0.921072907,-0.845982458,-0.343943534,0.683948922,4
-0.153571774,1.838447433,-0.64162417,-0.727756519,-0.17542157,-0.440258471,-1.318080342,-1.007874999,1.257632435,0.178936609,1.258749538,8
0.084864597,0.041052642,-0.64162417,-0.923188431,-0.17542157,-0.083637493,-0.223602722,-0.553833284,1.586322262,0.091789918,0.191262679,8
-0.511226332,-0.358368423,-0.395055993,0.347118996,-0.129166238,-0.202511152,0.381852983,0.123890747,-0.3858167,1.834723727,-0.301423563,6
-0.630444518,-1.057355286,0.015890969,-0.962274813,2.091089688,0.391857144,-0.107168932,-0.119822821,0.403038885,0.004643228,-0.711995432,7
-0.630444518,-1.057355286,0.015890969,-0.962274813,2.183600352,0.451293973,-0.083882174,-0.119822821,0.403038885,0.004643228,-0.711995432,6
-0.749662704,4.185046187,1.74186821,1.265648981,0.472153075,1.342846418,2.61738174,1.302396081,0.665990746,0.004643228,-1.451024796,5
0.084864597,-0.058802624,-0.395055993,-0.493238225,0.610919071,-0.440258471,1.383183572,0.648041844,2.309439881,0.876110132,-0.137194816,5
1.753919201,0.240763174,-0.723813563,2.213493753,0.055855089,-0.61856896,1.825631972,2.003489906,-1.371886181,1.486136965,-1.122567301,5
-0.511226332,-0.857644753,-0.559434778,-0.297806313,-0.406698229,-1.331810915,-0.8989187,-0.854302066,-0.122864839,-0.692530296,1.094520791,6
1.277046457,0.839894771,0.426837931,-0.942731622,-1.008017543,-0.55913213,-1.085212763,-1.001197915,-0.254340769,0.004643228,1.176635164,6
-0.988099076,-1.157210552,-0.806002955,-0.981818005,0.009599757,-1.094063597,-1.457800889,-0.323473884,3.098295466,0.701816751,-0.137194816,6
2.707664689,-0.857644753,0.673406109,-0.864558858,0.055855089,-1.153500426,-0.829058427,0.337557436,-0.648768562,1.486136965,-0.383537937,4
2.707664689,-1.157210552,1.248731856,-0.864558858,-0.082910907,-1.034626767,-0.759198153,0.32754181,-0.583030596,0.353229989,-0.219309189,4
1.277046457,-0.15865789,-0.477245386,0.347118996,-0.360442897,2.174962032,1.453043846,0.501145995,-0.451554666,0.614670061,-0.383537937,6
2.230791945,0.540328973,0.180269754,-0.845015666,-0.545464225,-0.975189937,-0.340036511,-0.834270814,-1.503362112,4.27483106,1.833550154,6
3.422973805,-1.157210552,1.002163678,-0.90364524,0.009599757,-0.737442619,-0.223602722,0.571255378,-0.977458389,1.573283656,-0.711995432,5
-0.392008146,-0.458223689,-1.29913931,0.405748569,-0.082910907,1.402283247,1.127029235,0.474437659,-0.188602804,0.004643228,-0.794109806,5
1.157828271,1.6387369,-0.64162417,-0.385750674,-0.591719556,-0.737442619,-0.922205458,-0.997859373,-0.122864839,0.266083299,1.833550154,6
0.800173713,0.34061844,-0.559434778,-0.121917593,-0.452953561,-0.737442619,-0.712624637,-0.056390523,0.994680573,0.44037668,0.437605801,6
0.680955527,4.284901453,-1.956654449,1.285192172,-0.082910907,0.510730803,1.73248494,1.085390849,-0.583030596,0.091789918,-1.122567301,5
0.204082783,-0.657934221,-0.477245386,-0.727756519,-0.545464225,-0.737442619,-0.666051121,-0.03635927,1.060418539,1.311843585,-0.219309189,4
0.084864597,-1.157210552,-0.64162417,0.171230275,0.055855089,-0.321384812,1.872205488,0.688104349,1.257632435,0.788963442,-0.301423563,6
1.277046457,-0.058802624,-0.723813563,2.477326834,-0.036655575,0.867351781,1.592764393,2.120338877,-0.911720423,0.091789918,-1.040452927,6
-0.749662704,1.039605303,-1.381328702,0.464378143,1.582281038,0.867351781,1.685911425,1.292380455,1.849274124,1.486136965,-0.876224179,4
0.204082783,-0.657934221,-0.477245386,-0.727756519,-0.545464225,-0.737442619,-0.666051121,-0.03635927,1.060418539,1.311843585,-0.219309189,4
-0.86888089,1.039605303,-1.29913931,0.190773466,2.276111015,-0.440258471,1.290036541,1.192224194,2.243701916,1.921870418,-1.040452927,4
1.515482829,-0.358368423,-0.312866601,-0.805929284,0.194621084,-0.737442619,-0.782484911,-0.063067607,-1.371886181,0.091789918,-0.383537937,5
0.084864597,-1.157210552,-0.64162417,0.083285915,0.055855089,-0.321384812,1.872205488,0.688104349,1.257632435,0.788963442,-0.301423563,6
0.442519155,5.383309381,-2.038843842,0.972501113,-0.082910907,0.570167633,1.499617362,0.991911673,-0.254340769,-0.256796844,-1.204681674,5
-0.749662704,1.339171102,-1.463518095,-1.07953396,-0.637974888,-0.61856896,-0.968778974,-0.473708275,-0.188602804,-0.605383606,-0.794109806,5
-0.988099076,0.839894771,0.591216716,2.526184812,1.11972772,1.877777884,1.569477635,2.344021192,1.3233704,0.353229989,-1.122567301,5
1.396264643,1.239315836,-0.148487816,0.288489422,-0.68423022,-0.737442619,-0.503043816,-0.800885394,-0.911720423,-0.256796844,2.326236397,7
-0.153571774,-0.15865789,0.755595501,1.040902282,-0.036655575,1.04566227,1.359896814,0.915125206,0.46877685,0.52752337,-0.794109806,5
-0.86888089,1.6387369,-1.29913931,0.24940304,2.322366347,-0.440258471,1.639337909,1.18554711,2.440915812,2.009017108,-1.040452927,5
0.323300969,-0.358368423,-0.395055993,-0.669126946,-0.452953561,-1.094063597,-0.526330574,-0.016328018,1.126156504,1.660430346,-0.301423563,6
-0.86888089,1.6387369,-1.29913931,0.24940304,2.322366347,-0.440258471,1.639337909,1.18554711,2.440915812,2.009017108,-1.040452927,5
0.323300969,-0.358368423,-0.395055993,-0.669126946,-0.452953561,-1.094063597,-0.526330574,-0.016328018,1.126156504,1.660430346,-0.301423563,6
0.442519155,-0.558078955,-0.64162417,-0.962274813,-0.267932234,-0.202511152,0.754441109,-0.740791637,0.534514816,-0.082503463,0.601834548,6
1.396264643,0.640184239,-0.477245386,0.210316657,-0.267932234,2.056088373,2.105073066,0.474437659,-0.320078735,0.52752337,-0.547766684,6
0.442519155,-0.558078955,-0.64162417,-0.962274813,-0.267932234,-0.202511152,0.754441109,-0.740791637,0.534514816,-0.082503463,0.601834548,6
1.396264643,0.640184239,-0.477245386,0.210316657,-0.267932234,2.056088373,2.105073066,0.474437659,-0.320078735,0.52752337,-0.547766684,6
-0.630444518,0.041052642,-1.381328702,0.366662187,-0.17542157,1.521156906,1.290036541,0.537869958,0.205824988,-0.256796844,-0.876224179,5
-0.749662704,0.140907908,-1.62789688,0.122372297,-0.036655575,0.867351781,0.870874899,0.494468911,0.271562954,-0.605383606,-1.204681674,5
-0.630444518,-0.058802624,-1.381328702,0.386205378,-0.082910907,1.461720077,1.359896814,0.5412085,0.140087023,-0.169650153,-0.876224179,5
0.561737341,0.740039505,-1.134760525,1.461080893,0.379642412,1.640030566,2.081786309,1.576156527,-0.517292631,0.091789918,-1.286796048,6
1.634701015,0.041052642,-0.559434778,2.164635775,-0.036655575,0.748478121,2.640668498,1.996812822,-1.10893432,0.614670061,-1.122567301,6
-0.630444518,0.740039505,0.098080362,-0.161003975,-0.545464225,-1.569558234,0.19555892,0.083828242,-0.122864839,0.091789918,-0.547766684,4
-0.034353588,1.538881634,-0.477245386,0.58163729,0.472153075,-0.380821641,1.010595446,0.594625172,-0.122864839,-0.518236915,-0.876224179,5
1.277046457,-0.15865789,-0.477245386,-0.317349505,0.194621084,-0.083637493,0.242132436,0.070474074,-0.3858167,0.091789918,-0.383537937,6
-0.034353588,1.538881634,-0.477245386,0.58163729,0.472153075,-0.380821641,1.010595446,0.594625172,-0.122864839,-0.518236915,-0.876224179,5
0.442519155,-0.058802624,0.262459146,0.640266863,-0.17542157,0.035236166,-0.223602722,1.248979409,1.915012089,2.27045718,-0.465652311,6
-0.153571774,1.838447433,-0.64162417,-0.024201637,4.681388269,0.807914951,0.451713257,0.060458448,-0.320078735,-0.169650153,-0.383537937,5
0.323300969,-0.757789487,-0.477245386,-0.942731622,-0.822996215,-1.331810915,0.661294078,-0.710744759,-0.122864839,4.972004584,0.848177669,6
0.800173713,0.090980275,-0.148487816,1.597883231,0.795940398,-0.202511152,1.429757088,1.282364829,-1.24041025,-0.343943534,-1.040452927,5
-0.392008146,0.440473707,-0.066298423,-0.766842902,0.287131748,0.272983485,1.860562109,-0.333489511,-0.254340769,0.963256823,-0.383537937,5
0.800173713,0.090980275,-0.148487816,1.597883231,0.795940398,-0.202511152,1.429757088,1.282364829,-1.24041025,-0.343943534,-1.040452927,5
-0.392008146,0.640184239,0.015890969,-0.74729971,0.240876416,0.302701899,1.639337909,-0.340166595,-0.254340769,1.050403513,-0.383537937,5
-0.392008146,0.440473707,-0.066298423,-0.766842902,0.287131748,0.272983485,1.639337909,-0.333489511,-0.254340769,0.963256823,-0.383537937,5
-0.511226332,-0.058802624,-0.64162417,0.347118996,-0.17542157,-0.856316278,-0.153742448,0.654718928,1.586322262,1.311843585,-0.547766684,6
-0.392008146,-0.15865789,-0.559434778,-0.962274813,-0.267932234,-0.975189937,-0.596190848,-0.403598893,1.126156504,1.137550204,0.027033932,6
-0.27278996,-0.058802624,-0.64162417,-0.805929284,-0.129166238,1.521156906,0.96402193,-0.073083233,1.717798193,1.224696894,0.109148306,6
-0.392008146,2.837000094,-1.545707487,0.698896437,-0.406698229,0.154109825,0.405139741,0.754875189,0.600252781,0.266083299,-0.876224179,5
-0.392008146,2.837000094,-1.545707487,0.698896437,-0.406698229,0.154109825,0.405139741,0.754875189,0.600252781,0.266083299,-0.876224179,5
0.442519155,-0.857644753,-0.559434778,-0.942731622,-0.869251547,-0.024200664,-0.083882174,-0.560510368,1.257632435,0.44037668,0.437605801,7
-0.749662704,-0.757789487,-0.64162417,-0.942731622,-0.869251547,0.035236166,0.032551615,-0.493739528,2.243701916,0.614670061,0.273377053,6
0.204082783,0.140907908,-0.312866601,1.871487908,-0.452953561,1.342846418,1.429757088,1.7965003,0.731728712,1.573283656,-1.204681674,5
1.038610085,0.440473707,-0.066298423,0.777069202,-0.68423022,0.689041292,1.266749783,0.92180229,-0.780244493,0.788963442,-0.711995432,6
1.396264643,0.540328973,0.180269754,0.190773466,-0.406698229,0.035236166,0.381852983,0.587948088,0.008611092,0.44037668,0.109148306,6
1.396264643,0.540328973,0.180269754,0.190773466,-0.406698229,0.035236166,0.381852983,0.587948088,0.008611092,0.44037668,0.109148306,6
1.038610085,0.440473707,-0.066298423,0.777069202,-0.68423022,0.689041292,1.266749783,0.92180229,-0.780244493,0.788963442,-0.711995432,6
-0.392008146,0.540328973,-0.806002955,1.881259503,-0.036655575,-0.261947982,0.172272162,1.355812753,-0.714506527,0.266083299,-1.040452927,5
-0.392008146,0.540328973,-0.806002955,1.881259503,-0.036655575,-0.261947982,0.172272162,1.355812753,-0.714506527,0.266083299,-1.040452927,5
1.515482829,-0.15865789,-0.066298423,-0.74729971,0.33338708,-1.450684574,-1.597521437,-0.046374896,-1.96352787,0.004643228,-0.794109806,5
1.634701015,-0.258513156,-0.066298423,-0.766842902,0.33338708,-1.391247745,-1.574234679,-0.039697812,-1.96352787,-0.082503463,-0.794109806,5
0.084864597,-0.15865789,-0.64162417,0.855241966,-0.314187566,0.094672996,1.033882204,1.238963783,1.849274124,0.788963442,-0.137194816,7
-1.107317262,-0.15865789,-1.545707487,-1.020904387,0.33338708,-0.024200664,-0.363323269,-0.229994708,-0.714506527,-0.256796844,-1.368910422,5
0.680955527,0.041052642,3.632224236,1.109303452,-0.221676902,1.04566227,0.498286773,1.409229426,-1.371886181,-0.431090225,-1.451024796,5
0.680955527,-0.058802624,3.714413629,1.079988665,-0.267932234,0.92678861,0.451713257,1.412567968,-1.371886181,-0.431090225,-1.451024796,5
0.084864597,0.041052642,-0.148487816,-0.923188431,-0.360442897,-0.4996953,-0.270176237,-0.136515531,0.074349058,1.137550204,-0.219309189,6
-2.06106275,-1.157210552,0.015890969,-1.099077152,-0.776740884,-0.55913213,-1.457800889,-0.870994776,0.403038885,0.178936609,-0.301423563,6
-0.153571774,0.640184239,-1.956654449,-0.981818005,0.148365752,-0.380821641,-0.503043816,-0.186593661,0.140087023,-0.692530296,-0.794109806,5
0.800173713,-0.258513156,0.015890969,-1.001361196,0.472153075,-0.083637493,0.847588141,0.060458448,-0.583030596,0.178936609,-0.794109806,5
-1.584190006,0.740039505,0.509027324,-0.024201637,-1.100528206,-0.737442619,0.801014625,-0.653989545,2.309439881,0.091789918,0.930292043,7
2.230791945,-0.358368423,-0.888192348,0.75752601,-0.637974888,-1.391247745,-0.992065732,0.517838705,-0.3858167,-0.779676987,0.191262679,6
-1.107317262,0.140907908,-1.052571133,1.783543547,-0.129166238,-0.915753108,0.055838373,0.808291861,-0.517292631,0.44037668,-0.301423563,6
-0.988099076,-0.058802624,-0.230677208,-0.962274813,-0.499208893,-1.094063597,-1.318080342,-1.134739596,0.863204643,-0.431090225,0.519720174,7
0.561737341,2.837000094,-2.038843842,-0.962274813,1.165983052,-0.975189937,-0.526330574,0.267448054,0.205824988,0.353229989,-0.547766684,5
-0.153571774,0.140907908,1.248731856,-0.981818005,4.45011161,0.98622544,0.19555892,-0.153208241,-0.714506527,0.004643228,-1.204681674,6
-0.988099076,-0.058802624,-0.230677208,-0.962274813,-0.499208893,-1.094063597,-1.318080342,-1.134739596,0.863204643,-0.431090225,0.519720174,7
-0.749662704,-0.058802624,0.262459146,0.288489422,0.055855089,1.342846418,1.755771698,0.421020987,0.008611092,-0.082503463,-0.794109806,6
-0.392008146,-0.358368423,-0.312866601,1.285192172,0.287131748,-1.034626767,0.079125131,1.365828379,1.19189447,0.004643228,-0.876224179,6
-0.153571774,0.440473707,-0.312866601,-1.059990769,0.148365752,-0.796879449,-0.619477606,-0.423630145,0.337300919,1.050403513,-0.219309189,5
-0.630444518,0.939750037,0.262459146,-0.307577909,-0.221676902,0.24326507,1.790701835,0.053781364,-0.583030596,0.091789918,-0.547766684,6
-0.86888089,-0.15865789,0.262459146,0.132143893,0.055855089,1.105099099,1.429757088,0.357588688,0.008611092,-0.082503463,-0.794109806,6
-0.749662704,-0.058802624,0.262459146,0.288489422,0.055855089,1.342846418,1.755771698,0.421020987,0.008611092,-0.082503463,-0.794109806,6
-0.630444518,0.240763174,-1.463518095,0.210316657,0.194621084,1.164535929,1.196889509,0.581271004,-0.122864839,0.004643228,-1.204681674,5
1.277046457,0.041052642,-0.148487816,0.229859849,-0.036655575,1.521156906,1.499617362,0.424359529,-0.583030596,0.52752337,-0.301423563,6
-0.27278996,-0.358368423,-0.148487816,0.75752601,1.536025707,0.094672996,-0.409896785,0.82164603,-1.10893432,-0.343943534,-1.368910422,5
1.157828271,-0.058802624,-0.559434778,-0.923188431,-0.545464225,-0.61856896,-0.409896785,-1.094677092,-1.437624147,0.178936609,1.176635164,6
1.157828271,-0.058802624,-0.559434778,-0.923188431,-0.545464225,-0.61856896,-0.409896785,-1.094677092,-1.437624147,0.178936609,1.176635164,6
-0.988099076,0.041052642,-0.806002955,2.643443959,1.304749048,-0.202511152,0.801014625,1.689666956,0.008611092,-0.431090225,-0.958338553,6
0.919391899,1.13946057,1.248731856,0.24940304,-0.452953561,-1.450684574,-0.689337879,0.814968946,0.928942608,2.35760387,-0.383537937,6
-1.107317262,-0.757789487,-0.806002955,-0.219633549,1.351004379,0.807914951,1.429757088,0.167291793,0.140087023,-0.518236915,-0.794109806,5
-0.988099076,0.041052642,-0.806002955,2.643443959,1.304749048,-0.202511152,0.801014625,1.689666956,0.008611092,-0.431090225,-0.958338553,6
0.800173713,0.34061844,-0.888192348,1.226562599,0.379642412,-0.915753108,-0.014021901,1.402552342,-0.188602804,0.091789918,-0.629881058,4
0.800173713,0.34061844,-0.888192348,1.226562599,0.379642412,-0.915753108,-0.014021901,1.402552342,-0.188602804,0.091789918,-0.629881058,4
-0.749662704,-0.957500019,-0.97038174,-0.962274813,-0.129166238,0.570167633,0.358566225,-0.593895788,0.008611092,-0.082503463,-0.219309189,5
1.992355573,-0.458223689,-0.723813563,0.952957922,-0.68423022,-1.331810915,-1.01535249,0.764890815,-0.517292631,-0.779676987,0.273377053,5
-0.153571774,-0.657934221,0.180269754,2.281894922,0.009599757,-0.202511152,-0.153742448,1.950073234,0.534514816,-0.082503463,-1.368910422,5
-0.153571774,-0.657934221,0.180269754,2.281894922,0.009599757,-0.202511152,-0.153742448,1.950073234,0.534514816,-0.082503463,-1.368910422,5
-0.034353588,-0.15865789,-0.230677208,0.112600701,-0.314187566,0.094672996,0.824301383,-0.133176989,0.863204643,0.004643228,0.766063296,6
-0.153571774,-0.657934221,0.180269754,2.281894922,0.009599757,-0.202511152,-0.153742448,1.950073234,0.534514816,-0.082503463,-1.368910422,5
-0.630444518,0.34061844,0.509027324,-0.004658446,-0.314187566,0.213546655,1.196889509,0.324203268,-0.320078735,0.266083299,-0.547766684,5
1.992355573,0.640184239,0.180269754,-0.981818005,-0.036655575,-1.450684574,-0.479757058,0.467760575,-0.122864839,-0.169650153,-0.876224179,4
1.992355573,0.640184239,0.180269754,-0.981818005,-0.036655575,-1.450684574,-0.479757058,0.467760575,-0.122864839,-0.169650153,-0.876224179,4
1.873137387,0.240763174,-0.477245386,-0.649583755,0.379642412,1.105099099,0.801014625,0.424359529,0.140087023,-0.518236915,-0.876224179,6
0.561737341,1.239315836,0.591216716,1.500167275,0.33338708,0.094672996,1.266749783,1.569479443,0.074349058,1.224696894,-0.876224179,6
-0.392008146,0.440473707,0.015890969,0.24940304,-0.082910907,1.640030566,1.685911425,0.367604314,0.205824988,-0.082503463,-0.629881058,6
0.204082783,0.640184239,-0.230677208,-0.23917674,-0.637974888,0.035236166,0.009264857,-0.834270814,1.060418539,-0.169650153,1.505092659,7
-0.392008146,-0.15865789,-0.723813563,1.011587496,-0.036655575,0.570167633,0.894161657,0.918463748,0.928942608,-0.518236915,-0.547766684,6
1.277046457,-0.058802624,1.906246995,0.777069202,0.33338708,-1.034626767,-0.13045569,1.055343971,-0.451554666,1.660430346,-1.204681674,5
-0.86888089,0.041052642,0.919974286,0.210316657,-0.036655575,0.629604462,1.476330604,0.52451579,0.46877685,-0.256796844,-1.040452927,6
-0.86888089,0.240763174,1.248731856,0.933414731,0.564663739,1.937214714,1.755771698,0.801614777,0.008611092,0.963256823,-0.876224179,6
-1.584190006,-1.007427652,-0.395055993,-1.099077152,-0.129166238,-0.915753108,-1.690668468,-1.014552083,0.600252781,-0.082503463,-0.465652311,6
-0.034353588,0.640184239,0.180269754,-0.981818005,-0.637974888,-1.331810915,0.125698647,-0.674020797,-0.780244493,0.266083299,-0.547766684,5
-0.034353588,0.640184239,-0.312866601,-0.336892696,-0.776740884,-0.083637493,0.19555892,-0.837609356,1.126156504,0.004643228,1.505092659,7
0.204082783,-1.556631616,-0.312866601,-0.649583755,-1.285549533,-1.212937256,-2.389271205,-1.375114622,-1.10893432,0.266083299,1.176635164,7
0.204082783,0.440473707,-0.395055993,-0.473695034,-0.360442897,-0.143074323,0.707867594,0.157276167,0.534514816,1.311843585,-0.219309189,6
0.442519155,2.337723763,-0.395055993,0.952957922,-0.545464225,1.521156906,1.965352519,0.891755412,-0.320078735,0.614670061,-0.794109806,6
0.204082783,-1.556631616,-0.312866601,-0.649583755,-1.285549533,-1.212937256,-2.389271205,-1.375114622,-1.10893432,0.266083299,1.176635164,7
-0.749662704,-0.358368423,1.74186821,0.327575804,-0.267932234,1.877777884,1.779058456,0.601302256,0.337300919,0.091789918,-1.040452927,5
0.680955527,1.339171102,-0.888192348,1.636969613,0.379642412,-0.440258471,0.801014625,1.609541947,-0.057126873,0.004643228,-0.629881058,5
-0.511226332,-0.957500019,-0.066298423,-0.981818005,-0.776740884,-0.024200664,-0.037308659,-1.007874999,1.126156504,0.963256823,0.848177669,7
0.442519155,-1.057355286,-0.806002955,0.327575804,3.478749642,-0.202511152,0.521573531,0.307510558,-0.122864839,-0.953970368,-0.055080442,8
1.515482829,-0.757789487,0.344648539,-0.57141099,0.33338708,0.332420314,0.801014625,-0.366874931,0.205824988,-0.692530296,0.930292043,5
0.680955527,1.339171102,-0.888192348,1.636969613,0.379642412,-0.440258471,0.801014625,1.609541947,-0.057126873,0.004643228,-0.629881058,5
0.442519155,-1.057355286,-0.806002955,0.327575804,3.478749642,-0.202511152,0.521573531,0.307510558,-0.122864839,-0.953970368,-0.055080442,8
-0.511226332,-0.957500019,-0.066298423,-0.981818005,-0.776740884,-0.024200664,-0.037308659,-1.007874999,1.126156504,0.963256823,0.848177669,7
0.442519155,-1.157210552,0.098080362,-0.962274813,-0.452953561,-0.380821641,-0.735911395,-0.246687418,0.534514816,0.178936609,-0.219309189,6
-0.630444518,-1.157210552,0.262459146,-0.962274813,-0.406698229,-0.4996953,-0.712624637,-0.236671792,1.257632435,0.091789918,-0.547766684,6
-0.392008146,1.439026368,-1.710086272,1.24610579,-0.082910907,-0.55913213,0.428426499,1.188885652,0.337300919,-0.169650153,-1.204681674,5
-1.345753634,0.240763174,-1.792275665,-0.942731622,-0.452953561,1.283409588,0.544860288,-0.590557246,1.257632435,0.876110132,0.027033932,6
-0.27278996,2.637289562,-0.559434778,0.132143893,0.148365752,-1.628995063,0.894161657,0.287479306,-0.188602804,-0.953970368,-0.876224179,4
-0.27278996,2.637289562,-0.559434778,0.132143893,0.148365752,-1.628995063,0.894161657,0.287479306,-0.188602804,-0.953970368,-0.876224179,4
-0.630444518,-0.558078955,-0.312866601,0.933414731,0.009599757,1.04566227,0.218845678,0.210692839,0.140087023,-1.302557129,0.273377053,5
-0.153571774,-0.458223689,-0.312866601,-0.923188431,-0.129166238,-0.975189937,-1.038639248,-0.697390591,-0.122864839,-0.256796844,0.191262679,7
2.469228317,-0.15865789,0.015890969,0.053971128,-0.776740884,-0.856316278,0.521573531,0.270786596,-0.714506527,0.091789918,0.109148306,6
-0.511226332,-0.458223689,-0.723813563,2.125549393,0.009599757,-1.212937256,-0.689337879,1.375844005,-0.254340769,-0.605383606,-1.040452927,6
-1.226535448,0.041052642,-1.62789688,0.42529176,-0.637974888,-0.321384812,0.055838373,0.421020987,0.600252781,-0.431090225,-0.794109806,6
-1.226535448,0.041052642,-1.62789688,0.42529176,-0.637974888,-0.321384812,0.055838373,0.421020987,0.600252781,-0.431090225,-0.794109806,6
-0.86888089,-0.058802624,-1.29913931,-0.962274813,-0.822996215,-0.915753108,-0.666051121,-0.627281209,1.454846331,0.091789918,-0.383537937,5
2.469228317,0.140907908,0.015890969,1.109303452,-0.730485552,-0.083637493,0.870874899,0.968541879,-0.3858167,-0.169650153,0.109148306,5
2.469228317,-0.15865789,0.015890969,0.053971128,-0.776740884,-0.856316278,0.521573531,0.270786596,-0.714506527,0.091789918,0.109148306,6
2.350010131,-0.058802624,0.015890969,0.835698775,-0.776740884,-0.945471523,0.614720562,0.845015824,-0.3858167,-0.082503463,0.109148306,5
-0.511226332,-0.458223689,-0.723813563,2.125549393,0.009599757,-1.212937256,-0.689337879,1.375844005,-0.254340769,-0.605383606,-1.040452927,6
-0.034353588,0.440473707,-0.312866601,-0.90364524,-0.452953561,-0.440258471,-0.526330574,-0.490400986,0.337300919,-0.082503463,0.437605801,6
0.323300969,-0.558078955,-0.806002955,-0.981818005,-0.221676902,-1.094063597,0.451713257,-0.734114553,0.403038885,0.353229989,0.601834548,6
-0.27278996,2.237868497,0.344648539,0.210316657,0.009599757,-0.55913213,0.824301383,0.82164603,0.863204643,0.44037668,-0.711995432,5
-0.86888089,0.540328973,-1.62789688,-0.317349505,0.287131748,-0.4996953,-0.270176237,0.197338671,0.140087023,-0.082503463,-0.876224179,5
-0.749662704,-0.15865789,0.673406109,0.132143893,-0.036655575,1.580593736,1.616051151,0.427698071,0.074349058,0.353229989,-0.794109806,6
0.680955527,-0.757789487,1.084353071,2.047376628,0.287131748,0.92678861,1.127029235,1.76311488,-0.648768562,1.137550204,-0.958338553,5
-0.86888089,0.540328973,-1.62789688,-0.317349505,0.287131748,-0.4996953,-0.270176237,0.197338671,0.140087023,-0.082503463,-0.876224179,5
-0.749662704,-0.15865789,0.673406109,0.132143893,-0.036655575,1.580593736,1.616051151,0.427698071,0.074349058,0.353229989,-0.794109806,6
-0.392008146,0.839894771,1.495300033,0.952957922,0.009599757,-1.628995063,-0.689337879,0.814968946,-0.780244493,-0.256796844,-0.876224179,5
-0.749662704,-1.45677635,0.673406109,-1.040447578,-0.129166238,1.640030566,0.148985404,-1.168125016,-0.3858167,2.009017108,0.601834548,7
-0.630444518,-1.257065818,0.837784893,-1.020904387,-0.129166238,1.877777884,0.242132436,-1.154770848,-0.320078735,2.096163799,0.601834548,7
-0.749662704,-1.45677635,0.673406109,-1.040447578,-0.129166238,1.640030566,0.148985404,-1.168125016,-0.3858167,2.009017108,0.601834548,7
0.800173713,-0.458223689,2.481572742,1.265648981,-0.591719556,1.105099099,0.707867594,1.282364829,-1.24041025,0.353229989,-1.368910422,5
-0.630444518,-1.257065818,0.837784893,-1.020904387,-0.129166238,1.877777884,0.242132436,-1.154770848,-0.320078735,2.096163799,0.601834548,7
-0.749662704,-1.45677635,0.673406109,-1.040447578,-0.129166238,1.640030566,0.148985404,-1.168125016,-0.3858167,2.009017108,0.601834548,7
-1.46497182,-0.208585523,2.563762135,-1.020904387,1.536025707,-1.094063597,-0.060595417,-0.363536389,0.074349058,-0.605383606,-0.876224179,5
-0.034353588,0.440473707,-0.64162417,-0.805929284,-0.730485552,-1.450684574,-0.852345184,-1.034583335,-0.845982458,-0.605383606,0.519720174,6
-0.034353588,0.041052642,-0.97038174,0.698896437,0.287131748,0.035236166,-0.200315964,0.935156458,-0.714506527,-0.256796844,-0.711995432,5
-0.034353588,0.440473707,-0.64162417,-0.805929284,-0.730485552,-1.450684574,-0.852345184,-1.034583335,-0.845982458,-0.605383606,0.519720174,6
-1.46497182,-0.208585523,2.563762135,-1.020904387,1.536025707,-1.094063597,-0.060595417,-0.363536389,0.074349058,-0.605383606,-0.876224179,5
-0.392008146,1.339171102,-1.463518095,-0.981818005,-0.406698229,-0.440258471,0.475000015,-0.830932272,-1.569100078,-0.343943534,0.109148306,6
0.442519155,0.939750037,-1.463518095,1.656512805,0.102110421,1.402283247,2.337940645,1.622896115,-0.3858167,-0.343943534,-1.286796048,5
-0.034353588,-0.657934221,-0.806002955,-0.90364524,-1.146783538,-1.094063597,-1.387940616,-1.415177126,-0.254340769,-0.256796844,1.505092659,7
-0.392008146,-0.358368423,-0.477245386,-0.90364524,-0.822996215,0.213546655,-0.177029206,-0.780854142,0.994680573,-0.256796844,0.766063296,5
-0.153571774,0.041052642,0.180269754,0.112600701,-0.129166238,1.461720077,1.569477635,0.467760575,-0.188602804,0.004643228,-0.711995432,6
-0.392008146,-0.358368423,-0.806002955,0.42529176,-0.545464225,-0.61856896,-0.107168932,0.554562668,0.928942608,0.876110132,-0.137194816,6
-0.392008146,-0.358368423,-0.477245386,-0.90364524,-0.822996215,0.213546655,-0.177029206,-0.780854142,0.994680573,-0.256796844,0.766063296,5
0.084864597,-1.157210552,-0.148487816,-1.040447578,-0.637974888,-0.380821641,-1.387940616,-1.481947967,0.271562954,-1.128263748,1.340863912,6
0.084864597,-1.356921084,-0.477245386,-1.001361196,-0.915506879,-1.510121404,-1.946822805,-0.213301998,1.783536158,-0.343943534,-0.465652311,5
-0.749662704,0.640184239,0.180269754,-0.297806313,-0.499208893,-0.261947982,1.057168962,0.147260541,-0.254340769,0.004643228,-0.629881058,5
-0.153571774,-0.15865789,-0.806002955,-0.884102049,-0.129166238,2.056088373,0.335279467,-0.477046818,-0.057126873,0.266083299,0.027033932,5
-0.27278996,-1.057355286,0.673406109,0.777069202,-0.360442897,2.947640817,0.987308688,0.708135601,-0.977458389,-0.431090225,-1.286796048,6
-0.511226332,-0.058802624,0.509027324,0.698896437,-0.314187566,2.293835691,2.035212793,0.554562668,-0.057126873,0.091789918,-0.876224179,5
-0.27278996,-0.258513156,0.180269754,0.42529176,-0.406698229,1.640030566,1.546190877,0.457744949,-0.057126873,0.091789918,-0.711995432,5
-1.345753634,0.240763174,-0.559434778,-0.923188431,-1.470570861,0.570167633,-0.829058427,-1.675583404,1.389108366,0.614670061,1.75143578,7
-0.630444518,0.041052642,1.824057603,-0.923188431,5.097686255,0.807914951,-0.782484911,-0.206624914,-0.583030596,-1.041117058,-1.040452927,6
0.919391899,0.240763174,-0.64162417,2.448012047,0.33338708,0.035236166,0.801014625,1.869948225,0.074349058,0.091789918,-0.055080442,5
-0.153571774,-0.957500019,-0.312866601,1.24610579,0.749685066,-0.975189937,0.731154351,1.309073165,-1.24041025,0.266083299,-1.204681674,7
-0.153571774,-0.957500019,-0.312866601,1.24610579,0.749685066,-0.975189937,0.731154351,1.309073165,-1.24041025,0.266083299,-1.204681674,7
-0.153571774,-0.957500019,-0.312866601,1.24610579,0.749685066,-0.975189937,0.731154351,1.309073165,-1.24041025,0.266083299,-1.204681674,7
-0.153571774,-0.957500019,-0.312866601,1.24610579,0.749685066,-0.975189937,0.731154351,1.309073165,-1.24041025,0.266083299,-1.204681674,7
-0.153571774,-0.957500019,-0.312866601,1.24610579,0.749685066,-0.975189937,0.731154351,1.309073165,-1.24041025,0.266083299,-1.204681674,7
-0.153571774,-0.957500019,-0.312866601,1.24610579,0.749685066,-0.975189937,0.731154351,1.309073165,-1.24041025,0.266083299,-1.204681674,7
-2.180280936,-1.356921084,-0.723813563,-1.118620343,-0.314187566,-1.212937256,-1.178359795,-0.754145805,0.205824988,-0.518236915,-1.040452927,6
-0.153571774,-0.957500019,-0.312866601,1.24610579,0.749685066,-0.975189937,0.731154351,1.309073165,-1.24041025,0.266083299,-1.204681674,7
0.323300969,3.386204058,-1.956654449,-0.981818005,1.027217057,-0.61856896,0.335279467,0.27746368,0.074349058,-0.082503463,-0.629881058,4
-0.034353588,-1.45677635,-0.477245386,1.343821746,0.194621084,0.689041292,-0.177029206,0.798276235,0.994680573,-0.605383606,-0.301423563,6
-0.27278996,0.640184239,-0.312866601,0.405748569,0.610919071,-0.678005789,0.288705952,0.664734554,1.783536158,1.311843585,0.437605801,7
0.442519155,0.440473707,-0.395055993,-0.962274813,-0.360442897,-0.202511152,0.102411889,-0.400260351,0.074349058,0.52752337,0.273377053,5
-0.749662704,-0.657934221,-0.395055993,1.031130687,0.102110421,0.807914951,0.172272162,0.220708465,0.205824988,-0.953970368,0.273377053,5
-1.822626378,2.237868497,-1.710086272,-0.278263122,-0.822996215,-1.391247745,-0.759198153,-1.12472397,1.915012089,3.403364156,2.490465144,7
1.515482829,2.437579029,0.015890969,-1.020904387,-0.17542157,-1.034626767,0.63800732,-0.166562409,0.337300919,-0.866823677,0.109148306,5
1.038610085,0.041052642,-0.230677208,-0.845015666,0.009599757,-0.440258471,1.592764393,0.060458448,0.271562954,1.311843585,-0.547766684,5
-0.630444518,-0.558078955,0.015890969,-0.981818005,-1.054272874,1.223972758,-0.57290409,-1.528687555,-0.057126873,1.834723727,1.012406417,6
1.038610085,0.041052642,-0.230677208,-0.845015666,0.009599757,-0.440258471,1.592764393,0.060458448,0.271562954,1.311843585,-0.547766684,5
-0.034353588,0.440473707,-0.559434778,1.871487908,-0.545464225,1.342846418,1.057168962,1.743083628,0.994680573,0.963256823,-1.204681674,6
-0.153571774,-1.656486882,0.673406109,-1.040447578,-0.17542157,0.92678861,-0.177029206,-1.191494811,-0.057126873,2.183310489,0.683948922,7
-0.86888089,-0.15865789,-0.148487816,1.734685569,-0.68423022,1.699467395,1.057168962,1.3992138,0.797466677,1.050403513,-0.876224179,5
-0.630444518,-0.558078955,0.015890969,-0.981818005,-1.054272874,1.223972758,-0.57290409,-1.528687555,-0.057126873,1.834723727,1.012406417,6
-0.27278996,0.240763174,-0.395055993,-0.708213328,-0.961762211,0.094672996,-0.759198153,-0.857640608,0.797466677,1.224696894,0.683948922,7
-0.27278996,0.240763174,-0.395055993,-0.708213328,-0.961762211,0.094672996,-0.759198153,-0.857640608,0.797466677,1.224696894,0.683948922,7
0.204082783,-0.757789487,-0.312866601,-1.07953396,-1.239294202,-1.866742382,-2.598852026,-1.61882819,0.074349058,-1.128263748,1.258749538,6
0.323300969,-0.757789487,0.180269754,-0.766842902,-0.822996215,-0.796879449,0.405139741,-0.119822821,1.915012089,0.004643228,0.109148306,6
2.350010131,-0.15865789,-0.066298423,0.327575804,-1.008017543,0.689041292,1.453043846,0.474437659,-0.3858167,-0.256796844,0.273377053,6
0.680955527,-0.258513156,-0.148487816,0.347118996,-1.008017543,1.04566227,1.616051151,0.491130369,-0.451554666,-0.256796844,0.273377053,6
0.204082783,-0.757789487,-0.312866601,-1.07953396,-1.239294202,-1.866742382,-2.598852026,-1.61882819,0.074349058,-1.128263748,1.258749538,6
-0.749662704,-0.058802624,1.002163678,0.91387154,0.33338708,0.510730803,0.870874899,0.918463748,-0.057126873,1.573283656,-0.876224179,5
-0.511226332,0.240763174,0.426837931,0.268946231,-0.360442897,1.521156906,1.84891873,0.581271004,0.008611092,0.091789918,-0.876224179,5
-0.27278996,0.240763174,-0.395055993,-0.708213328,-0.961762211,0.094672996,-0.759198153,-0.857640608,0.797466677,1.224696894,0.683948922,7
-0.392008146,0.839894771,1.495300033,0.718439628,0.194621084,-0.380821641,0.009264857,0.708135601,-0.780244493,-0.779676987,-0.876224179,5
-0.928489983,-0.657934221,0.262459146,-0.630040563,-1.146783538,-0.915753108,-1.387940616,-1.134739596,1.3233704,-0.169650153,1.258749538,5
-0.511226332,-0.957500019,0.591216716,1.519710466,-0.314187566,0.689041292,-0.24688948,0.875062702,0.600252781,2.009017108,-0.137194816,7
-0.511226332,-0.957500019,0.591216716,1.519710466,-0.314187566,0.689041292,-0.24688948,0.875062702,0.600252781,2.009017108,-0.137194816,7
-0.511226332,-0.957500019,0.591216716,1.519710466,-0.314187566,0.689041292,-0.24688948,0.875062702,0.600252781,2.009017108,-0.137194816,7
-0.392008146,-0.15865789,-1.052571133,-0.688670137,-0.915506879,0.748478121,-0.316749753,-1.09133855,0.205824988,-0.953970368,0.683948922,7
-0.392008146,0.740039505,0.098080362,-0.08283121,0.795940398,-0.261947982,0.242132436,0.404328277,-0.583030596,-0.169650153,-0.876224179,6
-0.511226332,0.041052642,-0.477245386,2.731388319,-0.221676902,0.272983485,0.102411889,2.016844074,-0.320078735,-0.953970368,-1.451024796,5
-0.392008146,0.839894771,1.495300033,0.718439628,0.194621084,-0.380821641,0.009264857,0.708135601,-0.780244493,-0.779676987,-0.876224179,5
-0.392008146,-0.15865789,-1.052571133,-0.688670137,-0.915506879,0.748478121,-0.316749753,-1.09133855,0.205824988,-0.953970368,0.683948922,7
-0.511226332,-0.957500019,0.591216716,1.519710466,-0.314187566,0.689041292,-0.24688948,0.875062702,0.600252781,2.009017108,-0.137194816,7
-0.928489983,-0.657934221,0.262459146,-0.630040563,-1.146783538,-0.915753108,-1.387940616,-1.134739596,1.3233704,-0.169650153,1.258749538,5
-2.895590052,-0.857644753,-1.052571133,-1.069762365,-0.591719556,3.185388136,0.451713257,-0.280072838,0.994680573,-0.605383606,-2.025825412,5
1.277046457,-0.358368423,-0.64162417,-0.923188431,-0.591719556,0.035236166,-0.083882174,-0.333489511,1.652060227,0.178936609,-0.055080442,7
1.038610085,-1.057355286,-0.888192348,-0.923188431,-0.776740884,0.213546655,-0.270176237,-0.48038536,1.19189447,-0.692530296,0.191262679,7
0.084864597,-0.358368423,-0.806002955,0.503464525,-0.730485552,0.391857144,1.84891873,0.734843937,1.849274124,-0.256796844,-0.219309189,6
-1.345753634,3.236421159,-2.778548374,-1.001361196,-0.082910907,2.174962032,1.336610056,-0.714083301,2.440915812,-0.518236915,0.355491427,5
-1.226535448,1.688664533,-0.64162417,-0.981818005,-0.869251547,-0.737442619,-0.712624637,-0.89436457,0.731728712,-1.128263748,0.027033932,6
-0.27278996,0.041052642,-0.477245386,-0.786386093,-1.563081524,0.035236166,-0.922205458,-1.1748021,0.46877685,-0.866823677,1.012406417,7
-0.153571774,1.6387369,-1.134760525,1.871487908,0.888451061,1.521156906,1.08045572,1.562802359,-0.3858167,-0.343943534,-1.533139169,5
0.323300969,-0.358368423,-0.559434778,0.972501113,-0.545464225,0.272983485,0.801014625,1.192224194,0.074349058,-0.431090225,-1.204681674,5
2.111573759,0.34061844,3.221277274,1.549025253,-0.082910907,-0.4996953,1.196889509,1.99347428,-1.503362112,3.403364156,-1.451024796,5
1.515482829,0.440473707,-0.64162417,-0.845015666,0.749685066,-0.55913213,-1.224933311,-1.475270883,-0.583030596,-0.169650153,1.915664528,6
0.323300969,-0.358368423,-0.559434778,0.972501113,-0.545464225,0.272983485,0.801014625,1.192224194,0.074349058,-0.431090225,-1.204681674,5
2.111573759,0.34061844,3.221277274,1.549025253,-0.082910907,-0.4996953,1.196889509,1.99347428,-1.503362112,3.403364156,-1.451024796,5
0.680955527,-1.45677635,0.344648539,-1.040447578,-1.054272874,0.391857144,-0.829058427,-1.014552083,0.600252781,0.353229989,1.094520791,6
2.707664689,-1.356921084,0.262459146,-1.040447578,-0.545464225,0.035236166,-1.294793584,-0.934427075,-0.911720423,0.52752337,0.930292043,6
0.561737341,-0.757789487,0.262459146,-1.020904387,-0.822996215,-0.440258471,-1.178359795,-0.947781243,-0.320078735,1.050403513,1.094520791,6
-0.988099076,-1.257065818,0.098080362,1.832401525,-0.17542157,1.164535929,0.428426499,0.754875189,0.337300919,-1.041117058,0.109148306,5
0.800173713,-0.458223689,0.509027324,-0.23917674,0.934706393,-1.272374085,-1.131786279,0.240739718,-0.122864839,2.706190632,-0.629881058,5
1.396264643,0.540328973,-0.97038174,-0.23917674,0.055855089,-0.678005789,0.265419194,0.370942856,0.205824988,-0.169650153,-0.137194816,5
0.263691876,-1.057355286,-0.806002955,0.620723672,3.386238979,1.223972758,0.894161657,0.5412085,-0.254340769,-0.431090225,-0.219309189,6
-0.27278996,-1.556631616,-0.312866601,-0.23917674,0.102110421,0.154109825,-0.619477606,-0.213301998,0.928942608,-0.431090225,-0.301423563,7
-1.46497182,-0.957500019,0.180269754,-1.020904387,0.009599757,-1.569558234,-1.597521437,-0.724098927,3.361247328,1.660430346,0.355491427,7
-1.345753634,-1.257065818,-0.477245386,-1.099077152,-0.406698229,0.451293973,-0.293462995,-0.727437469,0.337300919,0.178936609,-0.958338553,5
-0.392008146,-0.458223689,-0.395055993,1.568568444,0.518408407,-0.380821641,0.102411889,1.13546898,0.928942608,0.44037668,-0.219309189,6
0.263691876,-1.057355286,-0.806002955,0.620723672,3.386238979,1.223972758,0.894161657,0.5412085,-0.254340769,-0.431090225,-0.219309189,6
0.084864597,0.640184239,0.426837931,0.09305751,0.934706393,0.451293973,0.521573531,0.484453285,-0.517292631,0.353229989,-0.794109806,5
-0.630444518,4.035263288,-0.64162417,-0.590954181,1.073472389,-0.61856896,0.148985404,-0.229994708,-0.057126873,-0.779676987,-0.958338553,5
0.442519155,-0.558078955,-0.230677208,-0.805929284,-1.285549533,0.570167633,-1.387940616,-1.602135479,-0.845982458,-1.302557129,1.997778902,7
-0.630444518,0.041052642,-0.559434778,0.894328349,-0.17542157,0.570167633,0.19555892,1.23562524,-0.320078735,-0.256796844,-1.451024796,5
-0.034353588,1.239315836,-0.97038174,-0.092602806,1.62853637,2.412709351,3.805006392,0.965203337,1.389108366,0.701816751,-0.876224179,5
-0.153571774,-0.857644753,-0.888192348,-0.258719931,-0.545464225,2.115525203,1.499617362,0.01371886,0.271562954,1.747577037,-0.301423563,5
0.204082783,-0.458223689,-0.806002955,-0.200090357,-0.314187566,1.461720077,1.313323299,0.214031381,0.008611092,2.531897251,-0.383537937,4
-0.570835425,-1.356921084,0.673406109,-1.020904387,0.194621084,0.92678861,-0.24688948,-1.001197915,0.534514816,1.747577037,0.519720174,7
-0.511226332,-1.257065818,0.837784893,1.207019407,0.287131748,1.758904225,0.428426499,0.908448122,0.46877685,1.834723727,-0.137194816,7
0.204082783,-1.257065818,0.015890969,-1.059990769,-0.591719556,-0.4996953,-1.550947921,-1.475270883,0.337300919,-0.692530296,1.422978285,6
-0.27278996,0.540328973,0.015890969,0.034427937,0.980961725,-0.024200664,0.381852983,0.421020987,-0.517292631,-0.082503463,-0.958338553,6
0.323300969,0.240763174,-0.64162417,-0.962274813,-0.221676902,0.629604462,0.894161657,-0.874333318,0.008611092,0.614670061,0.683948922,6
0.084864597,-0.458223689,-0.066298423,-1.059990769,-0.129166238,0.629604462,-0.689337879,-0.994520831,-0.977458389,1.398990275,0.273377053,6
1.277046457,-1.45677635,-0.723813563,-1.040447578,-0.591719556,-1.212937256,-1.248220068,-1.241572941,-1.371886181,-0.866823677,0.601834548,8
-0.86888089,-0.657934221,0.015890969,0.034427937,-0.730485552,0.035236166,-1.131786279,-0.921072907,0.863204643,-0.343943534,1.669321407,7
1.634701015,1.239315836,0.591216716,0.347118996,0.194621084,-1.212937256,-0.409896785,1.248979409,1.3233704,0.004643228,-0.958338553,5
-1.226535448,0.640184239,-0.230677208,-0.864558858,-0.730485552,0.154109825,0.055838373,-1.749031328,1.389108366,-0.692530296,1.997778902,7
-0.392008146,-1.556631616,-0.723813563,-0.981818005,-0.314187566,-0.856316278,-0.200315964,-1.007874999,0.074349058,-0.343943534,0.601834548,7
3.184537433,3.785625122,-1.052571133,-0.864558858,-0.314187566,-0.856316278,-0.4564703,-0.76082289,-1.24041025,4.449124441,1.75143578,6
-0.153571774,-0.15865789,0.509027324,0.210316657,0.009599757,0.570167633,0.917448415,0.55790121,0.074349058,0.004643228,-0.958338553,5
-1.226535448,0.640184239,-0.230677208,-0.864558858,-0.730485552,0.154109825,0.055838373,-1.749031328,1.389108366,-0.692530296,1.997778902,7
-1.226535448,0.240763174,-0.312866601,-0.864558858,-0.730485552,0.154109825,0.055838373,-1.749031328,1.454846331,-0.692530296,1.997778902,7
0.084864597,-1.257065818,-0.312866601,1.343821746,0.148365752,0.629604462,-0.4564703,0.961864795,0.074349058,-1.128263748,-0.794109806,7
1.157828271,0.939750037,-0.230677208,-0.698441733,-0.406698229,-1.807305552,-2.691999057,-1.021229167,0.008611092,-1.128263748,1.176635164,6
0.323300969,0.740039505,-0.723813563,-0.161003975,-0.637974888,-0.737442619,-0.4564703,-0.273395754,-1.700576008,1.486136965,-0.137194816,7
0.323300969,0.440473707,-0.806002955,-0.161003975,-0.591719556,-0.737442619,-0.4564703,-0.273395754,-1.766313974,1.486136965,-0.137194816,7
0.800173713,-1.756342149,-0.066298423,-1.059990769,-0.68423022,-0.143074323,-1.085212763,-1.07464584,-0.845982458,1.660430346,0.601834548,6
-0.86888089,-0.258513156,-0.230677208,-0.630040563,-0.730485552,-0.202511152,0.242132436,-1.341729202,-0.057126873,-1.563997201,1.258749538,6
0.204082783,0.34061844,-1.381328702,-1.059990769,-0.17542157,-0.856316278,0.102411889,-0.373552015,-0.3858167,-0.779676987,-0.711995432,5
0.800173713,-0.957500019,-0.477245386,0.132143893,-0.221676902,-0.380821641,-0.689337879,0.788260609,0.074349058,-0.605383606,-1.040452927,6
1.277046457,-1.057355286,-0.395055993,-0.786386093,-0.776740884,0.98622544,-0.479757058,-1.575427143,-1.043196354,-1.38970382,1.997778902,6
0.323300969,-0.857644753,-0.559434778,0.933414731,0.703429734,0.629604462,0.218845678,1.188885652,-1.306148216,0.876110132,-0.958338553,6
0.800173713,0.440473707,-0.723813563,0.601180481,-0.730485552,-1.212937256,-0.083882174,-0.163223867,-0.583030596,-0.431090225,1.340863912,6
0.204082783,0.34061844,-1.381328702,-1.059990769,-0.17542157,-0.856316278,0.102411889,-0.373552015,-0.3858167,-0.779676987,-0.711995432,5
-0.392008146,-0.657934221,-0.395055993,-0.90364524,-0.915506879,-0.024200664,-0.270176237,-0.7775156,1.19189447,-0.082503463,0.601834548,6
0.084864597,-1.157210552,0.180269754,-0.74729971,-0.776740884,-0.440258471,-0.968778974,-0.967812495,-0.517292631,-1.041117058,0.601834548,7
1.277046457,-1.057355286,-0.395055993,-0.786386093,-0.776740884,0.98622544,-0.479757058,-1.575427143,-1.043196354,-1.38970382,1.997778902,6
-0.392008146,-0.358368423,0.344648539,0.308032613,-0.17542157,1.223972758,1.103742478,0.537869958,0.140087023,-0.256796844,-1.040452927,5
0.323300969,-0.857644753,-0.559434778,0.933414731,0.703429734,0.629604462,0.218845678,1.188885652,-1.306148216,0.876110132,-0.958338553,6
0.800173713,-0.957500019,-0.477245386,0.132143893,-0.221676902,-0.380821641,-0.689337879,0.788260609,0.074349058,-0.605383606,-1.040452927,6
-0.034353588,0.240763174,-0.723813563,-0.610497372,-0.221676902,-0.55913213,-0.363323269,0.040427196,-0.057126873,0.091789918,-0.958338553,6
-0.86888089,0.041052642,-0.559434778,0.75752601,-0.730485552,-0.55913213,-0.735911395,-0.093114485,0.074349058,-1.128263748,0.191262679,6
-0.034353588,0.34061844,-0.148487816,-1.020904387,-1.008017543,-0.915753108,0.614720562,-0.694052049,-0.911720423,0.44037668,-0.547766684,6
-0.27278996,-0.458223689,-0.723813563,-0.942731622,-0.452953561,-0.440258471,0.079125131,-0.533802032,0.731728712,0.44037668,-0.137194816,6
-0.86888089,0.041052642,-0.559434778,0.75752601,-0.730485552,-0.55913213,-0.735911395,-0.093114485,0.074349058,-1.128263748,0.191262679,6
-1.46497182,-0.458223689,-0.477245386,0.630495268,-0.961762211,-0.55913213,-0.433183543,-0.553833284,0.600252781,-0.953970368,0.683948922,6
-0.511226332,-0.558078955,1.330921248,1.949660672,0.102110421,0.035236166,0.987308688,1.629573199,-1.10893432,0.004643228,-1.368910422,6
0.084864597,-0.957500019,0.262459146,-0.962274813,-0.129166238,-1.153500426,-0.829058427,-0.667343713,-0.057126873,0.091789918,0.273377053,5
-0.034353588,0.34061844,-0.148487816,-1.020904387,-1.008017543,-0.915753108,0.614720562,-0.694052049,-0.911720423,0.44037668,-0.547766684,6
-0.034353588,0.240763174,-0.723813563,-0.610497372,-0.221676902,-0.55913213,-0.363323269,0.040427196,-0.057126873,0.091789918,-0.958338553,6
-0.511226332,1.838447433,-0.230677208,-0.278263122,-0.869251547,-1.212937256,-1.574234679,-0.837609356,0.46877685,0.963256823,0.848177669,7
-0.511226332,-0.458223689,0.180269754,1.930117481,-0.360442897,0.451293973,-0.153742448,1.69634404,0.46877685,-0.692530296,-1.368910422,5
-0.511226332,-0.458223689,0.180269754,1.930117481,-0.360442897,0.451293973,-0.153742448,1.69634404,0.46877685,-0.692530296,-1.368910422,5
-0.511226332,-0.458223689,0.180269754,1.930117481,-0.360442897,0.451293973,-0.153742448,1.69634404,0.46877685,-0.692530296,-1.368910422,5
-0.392008146,-0.15865789,0.344648539,0.014884746,5.745260901,1.937214714,1.429757088,0.481114743,0.008611092,-0.953970368,-0.876224179,6
-0.27278996,-0.15865789,0.426837931,-0.004658446,5.791516232,1.699467395,1.40647033,0.487791827,0.008611092,-0.953970368,-0.876224179,6
0.680955527,0.041052642,0.426837931,0.737982819,-0.036655575,1.402283247,1.616051151,1.015281467,-0.188602804,1.224696894,-0.711995432,6
-0.511226332,-0.458223689,0.180269754,1.930117481,-0.360442897,0.451293973,-0.153742448,1.69634404,0.46877685,-0.692530296,-1.368910422,5
-0.153571774,-0.458223689,0.673406109,0.190773466,-0.082910907,1.223972758,1.150315993,0.547885584,0.205824988,-0.082503463,-0.958338553,6
1.038610085,-0.258513156,0.015890969,1.42199451,-0.082910907,1.818341055,1.033882204,1.869948225,0.205824988,2.27045718,-1.286796048,5
1.038610085,-0.258513156,0.015890969,1.42199451,-0.082910907,1.818341055,1.033882204,1.869948225,0.205824988,2.27045718,-1.286796048,5
-1.584190006,-0.757789487,-0.97038174,-1.001361196,0.148365752,-0.61856896,0.358566225,-0.400260351,3.62419919,-0.518236915,-0.383537937,5
-0.630444518,-0.657934221,0.837784893,0.190773466,-0.036655575,0.689041292,0.987308688,0.514500163,0.337300919,-0.256796844,-1.122567301,5
-0.153571774,-0.458223689,0.673406109,0.190773466,-0.082910907,1.223972758,1.150315993,0.547885584,0.205824988,-0.082503463,-0.958338553,6
-0.153571774,-0.358368423,0.262459146,0.200545062,-0.129166238,1.402283247,1.127029235,0.544547042,0.074349058,0.091789918,-0.876224179,6
1.038610085,-0.258513156,-0.477245386,0.151687084,-0.267932234,0.629604462,0.917448415,0.417682445,-0.320078735,0.963256823,-0.301423563,6
1.038610085,-0.258513156,0.015890969,1.42199451,-0.082910907,1.818341055,1.033882204,1.869948225,0.205824988,2.27045718,-1.286796048,5
-0.153571774,-1.157210552,-0.395055993,0.777069202,0.009599757,1.402283247,0.079125131,0.340895978,0.074349058,-0.779676987,0.273377053,6
-2.06106275,0.041052642,-0.395055993,-1.040447578,-0.822996215,-1.034626767,-1.644094952,-0.82759373,0.337300919,0.44037668,-0.383537937,6
0.680955527,-0.957500019,-0.230677208,0.014884746,-0.776740884,1.04566227,0.475000015,-0.467031191,-1.043196354,-0.953970368,0.355491427,6
0.680955527,-0.15865789,-0.312866601,-0.356435887,-0.869251547,-0.380821641,-1.108499521,-1.104692718,-0.254340769,-0.953970368,1.258749538,7
1.515482829,0.939750037,2.481572742,1.461080893,-0.129166238,-0.796879449,0.731154351,1.526078397,-1.306148216,2.706190632,-0.958338553,5
0.800173713,1.239315836,-0.559434778,-0.23917674,-0.730485552,-0.202511152,-0.8989187,-0.814239562,0.205824988,1.137550204,1.505092659,7
0.680955527,-0.15865789,-0.723813563,-0.923188431,-0.360442897,-0.380821641,-0.24688948,-0.346843679,1.717798193,0.614670061,-0.055080442,6
0.680955527,-0.957500019,-0.230677208,0.014884746,-0.776740884,1.04566227,0.475000015,-0.467031191,-1.043196354,-0.953970368,0.355491427,6
-0.034353588,-0.458223689,-0.148487816,1.949660672,-0.036655575,1.580593736,0.31199271,1.015281467,0.205824988,-0.605383606,0.027033932,5
-1.941844564,-0.757789487,-0.230677208,-0.551867799,-0.452953561,-0.796879449,-1.131786279,-0.460354107,1.454846331,0.091789918,-0.547766684,6
-0.511226332,-1.057355286,-0.230677208,-0.962274813,-0.221676902,-0.083637493,-0.433183543,-1.081322924,-0.845982458,-0.256796844,0.027033932,6
-0.511226332,0.740039505,-0.477245386,1.167933025,0.240876416,3.007077647,1.709198182,0.681427265,-0.188602804,0.178936609,-0.465652311,6
-0.511226332,0.140907908,-0.230677208,-0.923188431,-0.499208893,-0.678005789,-1.411227374,-1.211526063,0.534514816,1.747577037,0.766063296,7
-0.153571774,0.240763174,-0.97038174,-0.043744828,0.657174402,0.332420314,1.173602751,1.476000266,-0.057126873,0.178936609,-1.040452927,5
1.157828271,2.337723763,0.180269754,-0.043744828,0.240876416,-0.321384812,0.777727867,1.41590651,-0.648768562,0.353229989,-0.629881058,5
1.157828271,2.337723763,0.015890969,-0.74729971,0.148365752,-1.331810915,-0.107168932,-0.270057212,-0.648768562,0.178936609,-0.383537937,5
-0.511226332,0.140907908,-0.230677208,-0.923188431,-0.499208893,-0.678005789,-1.411227374,-1.211526063,0.534514816,1.747577037,0.766063296,7
0.204082783,0.140907908,-0.477245386,0.562094099,0.102110421,0.867351781,0.032551615,0.247416802,-0.3858167,0.004643228,-0.137194816,6
-0.511226332,0.740039505,-0.477245386,1.167933025,0.240876416,3.007077647,1.709198182,0.681427265,-0.188602804,0.178936609,-0.465652311,6
-0.511226332,-1.057355286,-0.230677208,-0.962274813,-0.221676902,-0.083637493,-0.433183543,-1.081322924,-0.845982458,-0.256796844,0.027033932,6
0.561737341,-0.757789487,-0.477245386,0.523007716,0.055855089,-0.380821641,-1.038639248,0.387635567,-0.188602804,-0.169650153,-0.547766684,7
-0.034353588,3.386204058,0.673406109,1.08976026,0.980961725,-0.678005789,-0.200315964,1.038651261,0.008611092,-1.302557129,-0.958338553,5
-0.153571774,0.440473707,-0.477245386,-0.317349505,-0.545464225,-0.61856896,-0.922205458,-1.301666697,-0.714506527,-0.169650153,1.587207033,7
-0.749662704,-0.757789487,-1.216949918,1.148389834,0.102110421,1.105099099,0.125698647,0.841677282,-0.188602804,-0.605383606,-0.958338553,6
-0.034353588,3.386204058,0.673406109,1.08976026,0.980961725,-0.678005789,-0.200315964,1.038651261,0.008611092,-1.302557129,-0.958338553,5
1.277046457,-0.458223689,-0.477245386,-0.727756519,0.102110421,0.807914951,0.591433804,0.347573062,0.46877685,2.009017108,-0.794109806,6
-0.27278996,-0.058802624,-0.066298423,-0.551867799,-0.545464225,-1.569558234,-2.202977142,-0.907718739,-0.714506527,-0.779676987,0.027033932,6
-0.27278996,-0.058802624,-0.066298423,-0.551867799,-0.545464225,-1.569558234,-2.202977142,-0.907718739,-0.714506527,-0.779676987,0.027033932,6
-0.27278996,1.6387369,-0.97038174,-0.41506546,-0.637974888,-0.975189937,-0.945492216,-1.33839066,0.46877685,0.353229989,1.915664528,7
0.084864597,0.640184239,-0.312866601,-0.90364524,-0.036655575,0.510730803,0.055838373,-0.921072907,-1.306148216,-0.343943534,0.273377053,6
0.442519155,-0.15865789,-0.066298423,1.050673878,0.518408407,0.748478121,-0.293462995,0.925140832,-0.583030596,0.52752337,-0.383537937,6
-1.345753634,-1.057355286,0.015890969,-0.90364524,-0.036655575,3.601445943,0.707867594,-1.271619819,1.257632435,3.577657537,1.094520791,8
0.442519155,-0.15865789,-0.066298423,1.050673878,0.518408407,0.748478121,-0.293462995,0.925140832,-0.583030596,0.52752337,-0.383537937,6
-1.345753634,-1.057355286,0.015890969,-0.90364524,-0.036655575,3.601445943,0.707867594,-1.271619819,1.257632435,3.577657537,1.094520791,8
-0.153571774,-1.057355286,0.180269754,-0.981818005,-0.452953561,0.154109825,-0.735911395,-1.368437538,0.008611092,1.486136965,1.258749538,6
0.204082783,1.538881634,-0.312866601,0.034427937,-0.961762211,-1.212937256,-0.037308659,-0.967812495,-0.057126873,-0.256796844,1.75143578,6
-1.345753634,0.390546073,-0.559434778,-0.952503218,-0.915506879,-1.212937256,-1.620808195,-1.408500042,1.19189447,-0.779676987,1.176635164,8
-1.226535448,-1.057355286,-0.477245386,-1.118620343,-0.869251547,-1.807305552,-2.598852026,-1.43854692,-0.3858167,-1.47685051,0.109148306,5
-0.392008146,0.640184239,-1.29913931,-0.004658446,1.674791702,0.689041292,2.337940645,0.981896047,1.520584297,-0.082503463,-1.040452927,5
1.992355573,0.540328973,0.015890969,1.050673878,0.610919071,0.391857144,2.337940645,1.556125275,-0.122864839,0.266083299,-0.383537937,6
-1.584190006,-1.556631616,-0.64162417,-0.41506546,-0.360442897,-1.034626767,-0.992065732,0.204015755,1.126156504,-0.256796844,-1.040452927,5
-1.345753634,-1.45677635,-0.64162417,-0.258719931,-0.314187566,-0.975189937,-0.852345184,0.207354297,1.126156504,-0.169650153,-0.958338553,6
0.919391899,-0.957500019,0.098080362,-0.121917593,0.425897743,-0.61856896,0.102411889,0.534531416,0.337300919,0.44037668,-0.219309189,6
0.919391899,-1.157210552,0.180269754,-0.102374402,0.379642412,-0.61856896,0.19555892,0.5412085,0.403038885,0.44037668,-0.219309189,6
-1.107317262,-0.15865789,-1.545707487,-1.001361196,0.657174402,0.92678861,0.335279467,-0.206624914,-0.320078735,0.178936609,-1.451024796,5
0.442519155,0.440473707,0.098080362,-0.981818005,0.194621084,-1.628995063,0.544860288,-0.573864536,0.337300919,-0.605383606,0.191262679,5
0.919391899,0.240763174,0.015890969,-1.020904387,0.102110421,-1.866742382,-0.479757058,-1.10803126,-0.057126873,-1.302557129,1.340863912,6
1.157828271,-1.157210552,-0.312866601,0.190773466,0.194621084,1.342846418,0.288705952,0.654718928,-0.451554666,-1.041117058,-0.794109806,6
-0.630444518,-0.058802624,-0.395055993,0.855241966,-0.822996215,-1.094063597,-0.503043816,-0.19994783,-0.057126873,-1.041117058,0.601834548,6
-0.034353588,-1.157210552,0.262459146,-0.90364524,-0.545464225,0.035236166,-1.038639248,-1.548718807,-1.700576008,0.876110132,1.258749538,6
1.157828271,-1.157210552,-0.312866601,0.190773466,0.194621084,1.342846418,0.288705952,0.654718928,-0.451554666,-1.041117058,-0.794109806,6
0.919391899,0.240763174,0.015890969,-1.020904387,0.102110421,-1.866742382,-0.479757058,-1.10803126,-0.057126873,-1.302557129,1.340863912,6
0.442519155,0.440473707,0.098080362,-0.981818005,0.194621084,-1.628995063,0.544860288,-0.573864536,0.337300919,-0.605383606,0.191262679,5
-0.630444518,1.6387369,0.837784893,1.558796849,0.102110421,-0.380821641,2.058499551,1.799838842,0.46877685,0.44037668,-1.368910422,7
-0.749662704,-0.757789487,-0.806002955,-0.923188431,0.287131748,0.035236166,-0.107168932,-0.139854073,4.018626982,1.486136965,0.273377053,6
-0.86888089,0.140907908,-0.148487816,-0.551867799,-0.915506879,0.213546655,-0.037308659,-1.655552152,0.797466677,-1.041117058,2.162007649,7
0.800173713,1.13946057,-0.148487816,-0.551867799,-0.499208893,-0.796879449,-1.085212763,-0.907718739,-0.714506527,0.963256823,1.669321407,7
0.084864597,0.839894771,-0.148487816,0.708668032,-0.036655575,0.094672996,-0.200315964,-0.213301998,-0.648768562,-1.38970382,1.012406417,8
0.084864597,0.839894771,-0.148487816,0.708668032,-0.036655575,0.094672996,-0.200315964,-0.213301998,-0.648768562,-1.38970382,1.012406417,8
0.084864597,0.839894771,-0.148487816,0.796612393,-0.036655575,-0.024200664,-0.107168932,-0.219979082,-0.648768562,-1.38970382,0.930292043,8
0.800173713,-0.757789487,0.180269754,-0.884102049,-0.129166238,-0.678005789,-0.666051121,-0.59723433,0.665990746,0.44037668,0.683948922,6
0.800173713,1.13946057,-0.148487816,-0.551867799,-0.499208893,-0.796879449,-1.085212763,-0.907718739,-0.714506527,0.963256823,1.669321407,7
-0.27278996,-0.757789487,0.262459146,-0.932960027,-0.961762211,0.391857144,-0.852345184,-1.315020865,-0.517292631,-0.343943534,0.766063296,5
-0.86888089,-0.408296056,0.015890969,-0.884102049,-0.452953561,-1.866742382,-0.526330574,-1.281635445,1.389108366,-0.431090225,1.422978285,5
1.038610085,6.881138373,2.152815173,11.60399711,1.304749048,-1.628995063,0.475000015,14.96371004,1.3233704,1.747577037,1.012406417,6
0.204082783,-0.757789487,-0.230677208,0.083285915,0.33338708,-0.202511152,1.662624667,0.571255378,0.797466677,0.876110132,-0.055080442,6
0.204082783,-0.757789487,-0.230677208,0.190773466,0.33338708,-0.202511152,1.662624667,0.571255378,0.797466677,0.876110132,-0.055080442,6
0.204082783,-0.757789487,-0.230677208,0.190773466,0.33338708,-0.202511152,1.662624667,0.571255378,0.797466677,0.876110132,-0.055080442,6
-0.630444518,-0.358368423,-0.723813563,2.692301937,1.721047034,-0.024200664,0.405139741,1.869948225,-0.122864839,0.091789918,-1.122567301,5
1.277046457,0.240763174,0.180269754,0.894328349,-0.545464225,-1.628995063,-1.620808195,-0.206624914,-0.911720423,-0.692530296,1.422978285,6
-0.630444518,-0.358368423,-0.723813563,2.692301937,1.721047034,-0.024200664,0.405139741,1.869948225,-0.122864839,0.091789918,-1.122567301,5
-0.034353588,1.239315836,0.673406109,-0.043744828,0.934706393,0.332420314,0.847588141,0.454406407,-0.451554666,0.44037668,-0.876224179,5
-0.034353588,1.239315836,0.755595501,-0.043744828,0.888451061,0.391857144,0.894161657,0.454406407,-0.517292631,0.353229989,-0.876224179,5
0.204082783,-0.757789487,-0.230677208,0.083285915,0.33338708,-0.202511152,1.662624667,0.571255378,0.797466677,0.876110132,-0.055080442,6
-0.392008146,-0.258513156,1.413110641,0.308032613,0.055855089,1.521156906,1.150315993,0.628010592,0.205824988,0.004643228,-1.040452927,5
-0.153571774,-0.15865789,0.837784893,0.347118996,0.009599757,0.98622544,1.010595446,0.561239752,0.074349058,0.178936609,-0.876224179,5
-0.511226332,0.939750037,-0.312866601,-0.825472475,-0.591719556,0.213546655,-0.759198153,-1.742354244,0.205824988,0.353229989,2.490465144,7
-0.153571774,0.740039505,1.577489425,0.718439628,0.33338708,0.094672996,0.265419194,0.714812685,-0.780244493,-0.779676987,-0.876224179,5
-0.630444518,-0.558078955,-0.148487816,0.151687084,-0.822996215,-1.212937256,-1.318080342,-0.386906183,-0.3858167,0.52752337,0.355491427,8
-0.511226332,0.939750037,-0.312866601,-0.825472475,-0.591719556,0.213546655,-0.759198153,-1.742354244,0.205824988,0.353229989,2.490465144,7
-0.153571774,0.740039505,1.577489425,0.718439628,0.33338708,0.094672996,0.265419194,0.714812685,-0.780244493,-0.779676987,-0.876224179,5
-0.034353588,0.34061844,-0.148487816,-0.942731622,-0.452953561,-0.083637493,-0.596190848,-1.161447932,0.008611092,-0.343943534,0.766063296,7
-0.27278996,-1.157210552,0.262459146,-1.001361196,-0.452953561,0.570167633,-0.340036511,-1.508656303,0.008611092,0.178936609,1.587207033,7
-0.392008146,-0.258513156,1.413110641,0.308032613,0.055855089,1.521156906,1.150315993,0.628010592,0.205824988,0.004643228,-1.040452927,5
-0.153571774,-0.15865789,0.837784893,0.347118996,0.009599757,0.98622544,1.010595446,0.561239752,0.074349058,0.178936609,-0.876224179,5
-1.584190006,-1.257065818,-0.230677208,-0.219633549,-0.360442897,-1.628995063,-1.411227374,-0.620604125,0.731728712,-0.866823677,0.027033932,6
-1.703408192,-1.257065818,-0.148487816,1.480624084,-0.68423022,-1.153500426,-0.945492216,0.070474074,0.46877685,-0.953970368,0.848177669,8
-0.630444518,-0.558078955,-0.148487816,0.151687084,-0.822996215,-1.212937256,-1.318080342,-0.386906183,-0.3858167,0.52752337,0.355491427,8
0.442519155,-0.757789487,-0.64162417,-0.942731622,-0.267932234,0.035236166,-0.386610027,-0.593895788,0.994680573,-0.431090225,0.273377053,6
0.680955527,-1.057355286,3.056898489,1.050673878,-0.360442897,0.98622544,0.19555892,1.285703371,-1.043196354,-0.256796844,-1.286796048,5
0.680955527,-0.957500019,3.139087882,0.620723672,-0.314187566,1.04566227,0.265419194,1.289041913,-1.043196354,-0.256796844,-1.286796048,5
0.084864597,-0.058802624,1.166542463,-0.063288019,-0.17542157,1.461720077,1.033882204,0.501145995,0.074349058,0.091789918,-0.876224179,6
-1.345753634,0.440473707,-0.230677208,-0.727756519,0.148365752,-0.61856896,0.31199271,-1.164786474,1.652060227,2.096163799,1.422978285,7
1.038610085,-0.15865789,-0.230677208,-0.551867799,-0.961762211,-0.796879449,-0.922205458,-1.168125016,-1.306148216,-0.169650153,1.340863912,7
0.561737341,0.240763174,-0.148487816,-0.923188431,-0.730485552,-0.737442619,-0.270176237,-0.420291603,-0.122864839,1.486136965,0.355491427,5
-0.27278996,-1.157210552,0.015890969,-0.942731622,-0.915506879,-0.4996953,-0.712624637,-0.253364502,0.994680573,0.788963442,-0.301423563,6
-1.345753634,0.440473707,-0.230677208,-0.727756519,0.148365752,-0.61856896,0.31199271,-1.164786474,1.652060227,2.096163799,1.422978285,7
-0.27278996,-0.857644753,0.426837931,-1.059990769,-0.637974888,-1.272374085,-1.597521437,-1.682260488,0.797466677,-0.953970368,2.079893275,7
-0.392008146,0.839894771,-0.806002955,-1.07953396,-0.360442897,-1.212937256,-1.574234679,-1.168125016,0.271562954,-0.866823677,0.437605801,5
0.323300969,-1.057355286,0.591216716,-0.942731622,0.287131748,-0.678005789,-0.316749753,-0.627281209,0.008611092,0.004643228,0.273377053,5
-0.27278996,-0.857644753,0.426837931,-1.059990769,-0.637974888,-1.272374085,-1.597521437,-1.682260488,0.797466677,-0.953970368,2.079893275,7
-1.107317262,-1.656486882,1.084353071,0.816155584,0.287131748,1.996651543,0.19555892,0.547885584,-1.832051939,-1.302557129,-0.958338553,4
-1.107317262,-0.657934221,0.015890969,-0.864558858,-0.17542157,1.640030566,-0.386610027,-1.214864605,1.652060227,-0.605383606,0.766063296,6
-0.27278996,0.49040134,3.960981806,-1.020904387,4.912664928,0.807914951,-0.4564703,-0.346843679,-1.306148216,-0.953970368,-1.040452927,5
-0.392008146,1.239315836,1.002163678,-0.043744828,0.472153075,0.391857144,2.361227403,0.881739786,2.04648802,0.963256823,-0.465652311,5
-0.511226332,-0.757789487,-0.806002955,0.542550907,-0.082910907,-0.61856896,0.242132436,0.287479306,0.205824988,-0.431090225,0.027033932,5
0.800173713,-0.058802624,0.015890969,-0.278263122,-0.267932234,-1.034626767,-1.946822805,-1.10803126,-0.845982458,-0.082503463,1.587207033,6
0.323300969,-0.15865789,0.509027324,-0.024201637,0.055855089,0.98622544,0.754441109,0.52451579,-0.057126873,0.353229989,-0.794109806,6
-0.749662704,-0.258513156,-0.97038174,-0.610497372,0.102110421,0.332420314,0.498286773,-0.533802032,-0.188602804,0.091789918,0.027033932,6
-0.511226332,-0.558078955,0.919974286,0.308032613,0.33338708,0.98622544,1.313323299,0.581271004,0.271562954,-0.082503463,-1.122567301,6
-0.630444518,-1.356921084,-0.230677208,-1.020904387,-0.545464225,1.04566227,-0.037308659,-1.10803126,1.257632435,-1.215410439,0.848177669,7
-0.630444518,-1.356921084,-0.230677208,-1.020904387,-0.545464225,1.04566227,-0.037308659,-1.10803126,1.257632435,-1.215410439,0.848177669,7
0.204082783,-0.15865789,-0.148487816,1.91057429,-0.082910907,-0.261947982,0.707867594,0.761552273,-0.122864839,-1.041117058,0.601834548,5
-0.392008146,-0.558078955,0.015890969,1.011587496,0.194621084,1.402283247,0.009264857,0.367604314,0.205824988,-0.779676987,0.273377053,5
-0.392008146,1.738592166,0.755595501,0.151687084,0.84219573,-0.261947982,1.08045572,0.414343903,-0.451554666,-0.431090225,-0.876224179,5
-0.392008146,-1.057355286,-0.312866601,-1.040447578,-0.68423022,-1.331810915,-1.550947921,-1.071307298,-0.122864839,0.788963442,0.437605801,6
0.323300969,1.6387369,-0.477245386,-0.590954181,0.102110421,-0.796879449,-0.642764364,-0.76082289,0.140087023,-1.041117058,0.683948922,7
-0.86888089,-1.257065818,-0.559434778,-0.981818005,-0.221676902,0.92678861,-0.526330574,-1.088000008,0.600252781,-0.953970368,0.601834548,6
-0.749662704,-0.258513156,-0.97038174,-0.610497372,0.102110421,0.332420314,0.498286773,-0.533802032,-0.188602804,0.091789918,0.027033932,6
-0.511226332,-0.558078955,0.919974286,0.308032613,0.33338708,0.98622544,1.313323299,0.581271004,0.271562954,-0.082503463,-1.122567301,6
0.442519155,-0.15865789,-0.312866601,0.562094099,0.194621084,-0.024200664,0.335279467,0.551224126,0.140087023,0.091789918,-0.055080442,6
-0.034353588,-1.257065818,-0.395055993,-0.805929284,-0.591719556,-1.272374085,-1.3413671,-0.947781243,-0.583030596,0.788963442,0.601834548,7
-1.345753634,-0.558078955,-0.395055993,-1.07953396,-0.545464225,-0.083637493,-1.178359795,-1.602135479,-0.320078735,-1.128263748,0.519720174,7
-0.511226332,0.939750037,-0.066298423,-0.57141099,-0.452953561,-0.737442619,-1.108499521,-0.934427075,-0.057126873,-0.953970368,0.601834548,6
-1.703408192,0.98967767,0.344648539,-0.923188431,-0.452953561,-1.094063597,-0.968778974,-0.914395823,0.665990746,-0.866823677,0.027033932,6
-1.226535448,-0.757789487,0.509027324,-1.001361196,0.055855089,-0.737442619,-1.108499521,-0.61392704,0.074349058,-0.343943534,-0.383537937,6
-1.226535448,-0.558078955,0.344648539,-1.001361196,0.009599757,-0.678005789,-1.155073037,-0.61392704,0.074349058,-0.169650153,-0.383537937,6
1.277046457,-0.558078955,-0.230677208,-0.161003975,0.148365752,-0.678005789,-0.992065732,-0.386906183,-0.583030596,-0.605383606,0.355491427,5
-0.511226332,-0.558078955,-0.395055993,0.190773466,-0.822996215,-1.153500426,-1.224933311,-0.350182221,-0.254340769,0.614670061,0.355491427,7
-0.034353588,-1.257065818,-0.395055993,-0.805929284,-0.591719556,-1.272374085,-1.3413671,-0.947781243,-0.583030596,0.788963442,0.601834548,7
-1.345753634,-0.757789487,0.015890969,-1.059990769,-0.499208893,0.272983485,-1.248220068,-1.411838584,2.04648802,-0.605383606,1.012406417,5
-0.392008146,0.34061844,-2.203222627,-0.962274813,-0.591719556,1.164535929,0.102411889,-0.694052049,-0.188602804,-0.605383606,-0.383537937,5
0.919391899,1.538881634,0.262459146,0.698896437,5.699005569,-0.796879449,1.639337909,1.20223982,-1.10893432,1.311843585,-0.794109806,5
-0.27278996,-0.358368423,-0.395055993,1.656512805,0.33338708,1.164535929,-0.083882174,1.412567968,-1.043196354,0.266083299,-1.204681674,5
0.442519155,-0.458223689,0.015890969,0.562094099,0.287131748,-0.975189937,-1.248220068,0.527854332,-0.977458389,0.614670061,-0.383537937,5
1.157828271,-0.757789487,0.426837931,-1.059990769,-0.221676902,0.094672996,0.335279467,-1.077984382,-0.714506527,-0.518236915,1.176635164,5
-1.941844564,-1.157210552,0.426837931,-1.059990769,-0.822996215,0.272983485,-0.8989187,-0.867656234,2.506653778,0.876110132,0.109148306,6
-0.630444518,-0.657934221,-0.477245386,-0.102374402,0.055855089,-0.380821641,-0.8989187,-0.460354107,-0.254340769,-0.779676987,0.437605801,6
-0.034353588,0.540328973,-0.64162417,-0.278263122,-0.869251547,0.629604462,0.079125131,-0.587218704,0.403038885,-0.518236915,0.601834548,7
-1.584190006,-0.957500019,1.988436388,-1.011132791,-0.545464225,-0.380821641,-0.24688948,-1.441885462,2.112225985,0.963256823,1.258749538,7
-0.392008146,0.140907908,-0.230677208,-0.493238225,-0.869251547,0.213546655,-1.01535249,-1.271619819,0.337300919,0.963256823,1.75143578,8
-0.034353588,0.540328973,-0.64162417,-0.278263122,-0.869251547,0.629604462,0.079125131,-0.587218704,0.403038885,-0.518236915,0.601834548,7
-0.392008146,-0.657934221,0.180269754,-1.099077152,-0.545464225,0.748478121,-0.619477606,-0.837609356,0.337300919,1.660430346,0.027033932,6
0.442519155,-0.657934221,-0.066298423,-1.059990769,-0.406698229,1.818341055,0.102411889,-0.620604125,-0.517292631,0.266083299,-0.219309189,6
-0.630444518,-0.657934221,-0.477245386,-0.102374402,0.055855089,-0.380821641,-0.8989187,-0.460354107,-0.254340769,-0.779676987,0.437605801,6
-2.180280936,-1.656486882,-0.148487816,-0.942731622,-0.822996215,-1.391247745,-1.155073037,-1.361760454,2.506653778,0.266083299,1.422978285,6
-0.511226332,-1.257065818,-0.148487816,-1.001361196,-0.452953561,-0.975189937,-1.481087647,-1.508656303,-0.057126873,-0.692530296,1.505092659,6
-1.941844564,-1.157210552,0.426837931,-1.059990769,-0.822996215,0.272983485,-0.8989187,-0.867656234,2.506653778,0.876110132,0.109148306,6
-1.584190006,-0.857644753,1.002163678,-1.040447578,-0.637974888,-0.143074323,-0.57290409,-1.088000008,1.126156504,0.091789918,-0.055080442,6
-1.584190006,-0.957500019,1.988436388,-1.011132791,-0.545464225,-0.380821641,-0.24688948,-1.441885462,2.112225985,0.963256823,1.258749538,7
-0.27278996,2.038157965,-0.148487816,-0.981818005,-1.146783538,-0.796879449,-0.433183543,-1.755708412,-0.254340769,0.353229989,1.833550154,7
-0.86888089,-0.458223689,-0.888192348,-1.020904387,-1.285549533,-1.034626767,-0.270176237,-0.79420831,-0.911720423,-1.825437272,0.109148306,5
-1.107317262,-1.057355286,-0.395055993,-0.278263122,-0.822996215,-0.61856896,-0.735911395,-1.134739596,-0.320078735,-1.302557129,1.505092659,6
-0.27278996,2.038157965,-0.148487816,-0.981818005,-1.146783538,-0.796879449,-0.433183543,-1.755708412,-0.254340769,0.353229989,1.833550154,7
-0.27278996,-1.257065818,0.344648539,-0.923188431,-0.406698229,-0.915753108,-1.294793584,-1.234895857,-0.648768562,0.353229989,0.766063296,6
-3.25324461,-1.057355286,0.180269754,-0.90364524,-0.776740884,3.423135454,0.498286773,-1.391807332,3.032557501,3.490510846,1.258749538,7
-1.345753634,-0.657934221,-0.148487816,-0.942731622,-0.036655575,0.154109825,-1.038639248,-1.568750059,0.271562954,3.926244299,1.587207033,8
-1.822626378,-0.458223689,0.180269754,-0.962274813,-0.730485552,2.293835691,-0.433183543,-1.468593798,0.337300919,4.361977751,1.340863912,7
-0.27278996,-1.257065818,0.344648539,-0.923188431,-0.406698229,-0.915753108,-1.294793584,-1.234895857,-0.648768562,0.353229989,0.766063296,6
-0.630444518,-0.558078955,-0.230677208,1.461080893,-0.267932234,1.283409588,-0.107168932,0.85503145,0.140087023,-0.953970368,0.191262679,5
-0.511226332,-1.257065818,1.74186821,-0.102374402,-0.036655575,2.353272521,0.521573531,0.220708465,-1.437624147,-0.779676987,-0.958338553,5
-1.226535448,0.440473707,-0.066298423,-0.845015666,-0.869251547,-0.024200664,-0.037308659,-1.572088601,1.19189447,-0.605383606,1.833550154,6
-1.46497182,0.939750037,-0.312866601,-1.040447578,-0.776740884,-0.678005789,-1.201646553,-1.779078207,-0.057126873,-0.866823677,1.012406417,6
1.157828271,-0.258513156,0.098080362,0.053971128,-0.314187566,-0.796879449,-1.760528742,-0.179916577,-1.700576008,0.004643228,0.191262679,5
0.323300969,-0.657934221,-0.477245386,-0.727756519,-0.591719556,0.154109825,-1.061926005,-1.138078138,-1.306148216,-0.518236915,1.094520791,7
0.084864597,-0.358368423,-0.312866601,0.053971128,-0.314187566,0.094672996,-0.340036511,0.067135532,0.074349058,-0.866823677,-0.465652311,5
-0.153571774,1.988230332,-0.066298423,-0.48346663,0.055855089,-1.153500426,-1.364653858,-1.428531294,0.271562954,0.353229989,2.40835077,7
0.084864597,0.041052642,-0.148487816,0.259174635,-0.637974888,-0.321384812,-0.596190848,-0.86097915,-0.451554666,1.311843585,1.915664528,7
-0.034353588,1.239315836,-0.312866601,0.816155584,-0.591719556,-0.678005789,-1.224933311,-0.503755154,-0.254340769,-0.343943534,1.915664528,6
-0.392008146,1.339171102,-0.230677208,-0.942731622,-0.17542157,-1.034626767,-0.8989187,-0.737453095,-0.3858167,-0.692530296,0.027033932,5
-0.630444518,-0.757789487,-0.477245386,-0.766842902,-0.637974888,-0.678005789,-1.294793584,-0.82759373,0.797466677,0.52752337,0.848177669,5
1.873137387,-0.558078955,0.015890969,-1.118620343,-0.267932234,-1.807305552,-2.668712299,-0.787531226,-0.977458389,-1.041117058,0.027033932,4
1.753919201,0.839894771,0.180269754,0.91387154,-0.637974888,-0.856316278,-0.177029206,-0.343505137,-1.569100078,-0.866823677,2.079893275,6
-2.06106275,0.090980275,-0.395055993,-0.248948335,-0.499208893,1.699467395,-0.037308659,-1.555395891,0.008611092,-1.302557129,1.587207033,8
-0.034353588,-0.757789487,-0.312866601,-0.336892696,-0.221676902,0.272983485,0.19555892,-0.320135342,-0.188602804,-1.215410439,-0.219309189,6
-0.27278996,1.439026368,1.002163678,0.640266863,0.379642412,1.877777884,2.198220098,1.442614846,0.271562954,0.091789918,-1.204681674,5
-0.86888089,-1.157210552,0.015890969,-0.923188431,-0.360442897,2.947640817,0.31199271,-1.088000008,0.928942608,3.229070775,1.258749538,7
-0.630444518,-1.506703983,0.180269754,-0.981818005,-0.082910907,-0.796879449,-1.66738171,-1.341729202,-0.254340769,0.091789918,1.012406417,7
-0.630444518,1.6387369,-0.64162417,-0.864558858,0.379642412,-0.915753108,0.940735172,0.347573062,2.572391743,0.701816751,-0.383537937,5
0.084864597,0.34061844,0.426837931,0.210316657,0.425897743,0.391857144,1.825631972,0.788260609,1.19189447,0.44037668,-0.137194816,5
-0.27278996,1.439026368,1.002163678,0.640266863,0.379642412,1.877777884,2.198220098,1.442614846,0.271562954,0.091789918,-1.204681674,5
1.992355573,-0.957500019,-0.477245386,-1.099077152,-0.637974888,-0.61856896,-1.434514132,-1.041260419,-1.306148216,-0.953970368,0.519720174,5
-0.86888089,-0.657934221,-0.64162417,1.304735363,0.194621084,1.402283247,0.242132436,1.188885652,0.797466677,-0.256796844,-1.204681674,5
-0.988099076,-1.157210552,0.262459146,-1.040447578,-0.68423022,0.094672996,-0.992065732,-0.653989545,1.389108366,0.788963442,0.027033932,6
-0.511226332,-0.558078955,-0.148487816,-0.825472475,-0.822996215,0.035236166,-1.108499521,-1.134739596,0.534514816,0.876110132,1.176635164,7
-0.86888089,0.839894771,-1.62789688,0.483921334,-0.452953561,0.154109825,0.358566225,0.688104349,0.534514816,0.091789918,-0.876224179,5
-1.46497182,-0.657934221,-0.723813563,-1.040447578,-0.499208893,-0.55913213,-1.364653858,-1.321697949,0.797466677,0.266083299,0.766063296,6
-0.630444518,-0.258513156,-0.148487816,-1.07953396,-0.545464225,0.272983485,-0.596190848,-1.007874999,0.797466677,0.788963442,0.273377053,7
0.800173713,0.34061844,-0.64162417,-0.923188431,1.258493716,0.272983485,0.405139741,-0.119822821,-0.583030596,-0.256796844,-0.547766684,5
-0.392008146,-0.15865789,1.002163678,0.09305751,0.055855089,1.402283247,1.010595446,0.594625172,0.074349058,-0.343943534,-0.958338553,5
-1.46497182,-0.657934221,-0.723813563,-1.040447578,-0.499208893,-0.55913213,-1.364653858,-1.321697949,0.797466677,0.266083299,0.766063296,6
-0.86888089,-0.757789487,-0.230677208,-1.059990769,-0.68423022,-0.796879449,-1.550947921,-1.271619819,0.337300919,0.266083299,0.683948922,6
-0.86888089,-0.957500019,-0.312866601,-1.059990769,-0.68423022,-0.737442619,-1.550947921,-1.281635445,0.271562954,0.266083299,0.683948922,6
-0.988099076,0.939750037,-1.134760525,0.229859849,-0.68423022,0.807914951,0.707867594,0.474437659,0.205824988,-0.082503463,-0.794109806,5
-0.86888089,0.839894771,-1.62789688,0.483921334,-0.452953561,0.154109825,0.358566225,0.688104349,0.534514816,0.091789918,-0.876224179,5
-0.511226332,-0.558078955,-0.148487816,-0.825472475,-0.822996215,0.035236166,-1.108499521,-1.134739596,0.534514816,0.876110132,1.176635164,7
0.919391899,-0.957500019,-0.312866601,-1.020904387,0.009599757,0.807914951,1.383183572,-0.009650934,-1.043196354,-0.953970368,-0.958338553,5
-0.034353588,-1.356921084,0.344648539,-1.059990769,-0.221676902,-0.796879449,-1.364653858,-1.244911483,-1.043196354,0.44037668,0.766063296,6
-0.034353588,-1.356921084,0.344648539,-1.059990769,-0.221676902,-0.796879449,-1.364653858,-1.244911483,-1.043196354,0.44037668,0.766063296,6
-1.107317262,1.6387369,-0.64162417,-0.649583755,0.33338708,1.283409588,-0.270176237,-1.448562546,0.205824988,-0.866823677,1.833550154,6
0.204082783,0.839894771,0.509027324,-0.874330453,-0.591719556,-0.55913213,-0.503043816,-1.608812563,0.074349058,-0.343943534,2.490465144,7
-1.46497182,0.041052642,-0.477245386,-0.825472475,-1.239294202,-1.212937256,-1.737241984,-1.321697949,-0.845982458,0.266083299,0.601834548,6
-0.630444518,-1.157210552,-0.148487816,0.454606547,-0.360442897,0.154109825,-0.503043816,0.110536579,0.008611092,-0.692530296,0.191262679,5
0.561737341,0.041052642,0.509027324,1.070217069,-0.637974888,-1.331810915,-1.108499521,0.711474143,-1.174672285,-0.256796844,0.273377053,4
-0.27278996,1.13946057,-0.230677208,-0.727756519,0.379642412,-0.4996953,1.453043846,0.214031381,1.783536158,0.701816751,0.027033932,6
-0.511226332,1.6387369,1.084353071,-0.190318762,-1.470570861,0.510730803,-0.060595417,-1.441885462,-0.3858167,-1.47685051,2.079893275,8
-0.034353588,-0.558078955,-0.230677208,-0.024201637,-0.776740884,0.332420314,-0.200315964,-0.30010409,-0.714506527,0.004643228,0.273377053,6
-0.392008146,-0.558078955,-0.395055993,1.558796849,0.009599757,0.213546655,-0.503043816,1.395875258,-0.911720423,0.091789918,-1.122567301,6
0.919391899,-0.258513156,-0.312866601,0.268946231,-0.360442897,1.877777884,1.313323299,0.464422033,-0.583030596,0.091789918,-0.301423563,5
-2.06106275,-1.207138185,-0.066298423,-0.942731622,-0.822996215,-1.331810915,-1.876962531,-1.47193234,0.731728712,3.054777394,1.176635164,8
0.084864597,0.34061844,-0.230677208,0.523007716,-0.452953561,0.570167633,0.009264857,-0.667343713,-1.371886181,-1.563997201,1.258749538,7
0.084864597,0.34061844,-0.230677208,0.523007716,-0.452953561,0.570167633,0.009264857,-0.667343713,-1.371886181,-1.563997201,1.258749538,7
-0.392008146,-0.558078955,-0.395055993,1.558796849,0.009599757,0.213546655,-0.503043816,1.395875258,-0.911720423,0.091789918,-1.122567301,6
-1.584190006,-0.657934221,0.509027324,-1.001361196,-0.221676902,2.709893499,0.172272162,-1.35508337,0.205824988,4.013390989,0.930292043,8
-2.06106275,-1.207138185,-0.066298423,-0.942731622,-0.822996215,-1.331810915,-1.876962531,-1.47193234,0.731728712,3.054777394,1.176635164,8
-0.630444518,-0.258513156,-0.148487816,0.952957922,-0.360442897,1.996651543,1.220176267,0.52451579,-0.320078735,0.091789918,-0.219309189,6
-0.034353588,-0.558078955,-0.230677208,-0.024201637,-0.776740884,0.332420314,-0.200315964,-0.30010409,-0.714506527,0.004643228,0.273377053,6
-1.941844564,-0.657934221,-0.395055993,-1.118620343,-0.822996215,-1.450684574,-1.713955226,-0.670682255,0.731728712,-0.779676987,-0.547766684,5
0.204082783,-0.058802624,-0.477245386,-1.011132791,-1.054272874,-1.926179211,-1.178359795,-1.411838584,-1.569100078,-1.651143891,0.766063296,4
-2.06106275,-1.057355286,-0.559434778,-1.118620343,-0.730485552,-1.450684574,-1.66738171,-0.660666629,0.731728712,-0.692530296,-0.547766684,5
0.919391899,-0.258513156,-0.312866601,0.268946231,-0.360442897,1.877777884,1.313323299,0.464422033,-0.583030596,0.091789918,-0.301423563,5
0.084864597,-1.556631616,-0.395055993,0.75752601,-0.314187566,0.332420314,-0.968778974,0.494468911,0.008611092,-0.953970368,-0.547766684,8
0.084864597,-1.556631616,-0.395055993,0.75752601,-0.314187566,0.332420314,-0.968778974,0.494468911,0.008611092,-0.953970368,-0.547766684,8
0.204082783,0.140907908,0.015890969,0.268946231,-0.452953561,0.807914951,-0.270176237,-0.063067607,0.140087023,-0.779676987,0.191262679,6
0.323300969,0.240763174,-0.312866601,0.444834951,-1.100528206,-1.272374085,-0.666051121,0.534531416,-0.517292631,1.050403513,0.109148306,5
-0.153571774,-0.15865789,1.002163678,0.366662187,-0.406698229,0.807914951,0.777727867,0.617994966,-0.122864839,-0.169650153,-0.958338553,5
0.084864597,-1.556631616,-0.395055993,0.75752601,-0.314187566,0.332420314,-0.968778974,0.494468911,0.008611092,-0.953970368,-0.547766684,8
0.204082783,0.140907908,0.015890969,0.268946231,-0.452953561,0.807914951,-0.270176237,-0.063067607,0.140087023,-0.779676987,0.191262679,6
-2.418717308,0.540328973,-0.230677208,-1.020904387,-1.378060197,0.213546655,0.242132436,-2.346630351,0.928942608,0.876110132,2.901037013,8
-2.180280936,0.140907908,-0.477245386,0.366662187,-0.915506879,-0.4996953,-0.759198153,-0.360197847,1.126156504,-1.041117058,0.437605801,6
-2.180280936,0.140907908,-0.477245386,0.366662187,-0.915506879,-0.4996953,-0.759198153,-0.360197847,1.126156504,-1.041117058,0.437605801,6
-0.153571774,-0.15865789,1.166542463,-0.043744828,0.148365752,1.164535929,0.987308688,0.554562668,0.140087023,-0.343943534,-0.876224179,6
-1.107317262,0.041052642,1.495300033,-0.278263122,1.489770375,-0.321384812,-0.014021901,0.26077097,-0.583030596,-1.128263748,-1.204681674,6
-1.107317262,0.041052642,-0.723813563,-0.90364524,-0.17542157,-1.628995063,-0.735911395,-0.420291603,-0.714506527,0.52752337,-1.204681674,5
0.323300969,-0.757789487,-0.97038174,-0.942731622,-0.082910907,-1.094063597,-0.8989187,0.183984503,1.19189447,0.353229989,-0.383537937,5
-0.988099076,-0.058802624,-0.723813563,-0.90364524,-0.221676902,-1.569558234,-0.712624637,-0.420291603,-0.714506527,0.44037668,-1.204681674,5
-1.107317262,0.041052642,-0.723813563,-0.90364524,-0.17542157,-1.628995063,-0.735911395,-0.420291603,-0.714506527,0.52752337,-1.204681674,5
-0.630444518,0.140907908,-0.312866601,-0.688670137,-0.452953561,-0.61856896,-1.411227374,-1.264942735,0.665990746,0.963256823,1.587207033,7
0.561737341,0.740039505,-0.806002955,-0.08283121,-0.17542157,-0.440258471,-0.386610027,-0.373552015,-0.320078735,-0.431090225,0.683948922,5
1.396264643,-1.556631616,0.344648539,-1.07953396,-0.545464225,0.035236166,-1.248220068,-1.301666697,-2.555169559,0.52752337,1.258749538,6
-0.630444518,-1.556631616,-0.312866601,-1.040447578,-0.68423022,0.094672996,-1.061926005,-1.435208378,-1.174672285,0.614670061,1.012406417,6
0.323300969,-0.757789487,-0.97038174,-0.942731622,-0.082910907,-1.094063597,-0.8989187,0.183984503,1.19189447,0.353229989,-0.383537937,5
0.442519155,1.239315836,-0.64162417,-0.190318762,-1.378060197,-0.55913213,-1.155073037,-1.552057349,-2.292217697,0.44037668,2.244122023,7
0.919391899,-1.656486882,0.015890969,1.49039568,-0.267932234,0.332420314,-0.596190848,0.728166853,-0.780244493,0.876110132,0.437605801,7
-0.034353588,-0.458223689,0.591216716,0.308032613,-0.730485552,-0.321384812,-0.596190848,-0.159885325,0.205824988,0.44037668,0.437605801,6
-0.034353588,1.039605303,0.344648539,1.304735363,3.062451656,-1.272374085,-1.061926005,1.255656493,-1.10893432,-0.082503463,-1.040452927,5
0.680955527,1.039605303,-0.395055993,-0.297806313,-1.146783538,0.154109825,-0.619477606,-1.301666697,-0.714506527,-0.082503463,2.079893275,7
-1.345753634,-0.857644753,-0.806002955,-1.001361196,-0.082910907,0.154109825,-0.270176237,-0.179916577,3.821413086,0.963256823,0.109148306,5
-1.703408192,0.640184239,-0.64162417,-0.825472475,-1.146783538,-0.261947982,-0.479757058,-1.658890694,2.375177847,0.004643228,2.079893275,8
-0.392008146,-0.458223689,-0.312866601,1.656512805,0.240876416,-0.143074323,-0.503043816,1.3992138,-0.977458389,0.44037668,-1.204681674,6
-0.392008146,-0.458223689,-0.312866601,1.656512805,0.240876416,-0.143074323,-0.503043816,1.3992138,-0.977458389,0.44037668,-1.204681674,6
1.753919201,0.34061844,-0.230677208,-1.069762365,-1.146783538,0.98622544,0.19555892,-1.261604193,-1.700576008,-1.47685051,0.848177669,5
-0.27278996,-0.757789487,-0.312866601,-0.981818005,-0.961762211,-1.094063597,-1.481087647,-1.041260419,-0.517292631,-0.431090225,0.437605801,6
1.753919201,0.34061844,-0.230677208,-1.069762365,-1.146783538,0.98622544,0.19555892,-1.261604193,-1.700576008,-1.47685051,0.848177669,5
0.442519155,-0.15865789,-0.806002955,-0.923188431,0.194621084,-1.510121404,-0.642764364,-0.433645771,-0.517292631,-0.518236915,-0.465652311,5
-0.749662704,-0.558078955,-0.97038174,-0.161003975,-0.314187566,-0.261947982,-0.270176237,-0.400260351,-0.451554666,-0.256796844,-0.055080442,6
-0.392008146,-0.458223689,-0.312866601,1.656512805,0.240876416,-0.143074323,-0.503043816,1.3992138,-0.977458389,0.44037668,-1.204681674,6
0.680955527,-0.857644753,0.509027324,0.132143893,0.472153075,0.867351781,-0.689337879,0.414343903,-0.845982458,0.266083299,-0.465652311,6
1.277046457,-1.356921084,-0.066298423,-1.020904387,-0.036655575,2.115525203,0.521573531,-0.921072907,-0.780244493,-0.169650153,0.437605801,6
-0.153571774,0.440473707,0.426837931,0.620723672,-0.915506879,-0.083637493,-0.363323269,-0.433645771,-0.057126873,-1.215410439,1.340863912,6
-0.392008146,-0.458223689,-1.134760525,0.972501113,-0.082910907,0.570167633,-0.200315964,0.628010592,-1.503362112,0.178936609,-0.629881058,6
-0.392008146,-0.458223689,-1.134760525,0.972501113,-0.082910907,0.570167633,-0.200315964,0.628010592,-1.503362112,0.178936609,-0.629881058,6
-0.27278996,0.839894771,-0.64162417,0.288489422,-0.545464225,0.213546655,-0.386610027,-0.991182289,-1.306148216,-1.651143891,1.422978285,7
-0.988099076,1.039605303,0.673406109,-0.278263122,-1.378060197,-0.261947982,-0.619477606,-1.365098996,-0.254340769,-1.563997201,1.587207033,7
1.873137387,-0.458223689,-0.477245386,0.91387154,-0.591719556,-0.321384812,-0.992065732,0.304172016,-1.043196354,-0.866823677,0.027033932,7
0.084864597,-0.757789487,-0.230677208,0.308032613,0.194621084,-0.380821641,1.709198182,0.601302256,0.600252781,0.701816751,-0.055080442,6
-1.107317262,-0.15865789,-0.148487816,-0.512781416,-0.776740884,0.748478121,0.940735172,-1.351744828,-0.254340769,-1.302557129,1.258749538,6
-0.034353588,0.240763174,-0.312866601,0.806383988,-0.406698229,-1.866742382,-2.598852026,-0.774177058,-0.780244493,-1.47685051,1.833550154,6
-0.27278996,-0.957500019,-0.477245386,0.737982819,-0.314187566,-0.380821641,-0.57290409,0.177307419,-0.517292631,-0.343943534,0.355491427,7
-0.27278996,-0.957500019,-0.477245386,0.737982819,-0.314187566,-0.380821641,-0.57290409,0.177307419,-0.517292631,-0.343943534,0.355491427,7
-0.153571774,-0.957500019,-0.477245386,0.659810054,-0.314187566,-0.380821641,-0.619477606,-0.033020728,-0.517292631,-0.343943534,0.355491427,7
0.323300969,-0.857644753,-0.230677208,-0.024201637,-0.545464225,-1.094063597,-0.852345184,-0.370213473,-0.254340769,0.266083299,0.766063296,7
-0.86888089,-1.157210552,-0.148487816,-1.040447578,-0.452953561,2.293835691,1.033882204,-1.067968756,0.205824988,-0.692530296,0.437605801,6
-2.299499122,-0.058802624,-0.148487816,-0.375979078,-0.637974888,1.342846418,0.894161657,-1.535364639,1.717798193,-1.563997201,1.75143578,7
-0.749662704,0.939750037,-0.477245386,-0.024201637,-0.545464225,0.570167633,0.288705952,-0.687374965,0.665990746,-0.256796844,0.930292043,7
-0.392008146,-0.757789487,-0.559434778,0.874785157,-0.360442897,-0.380821641,-0.223602722,0.267448054,-0.517292631,-0.431090225,0.027033932,7
-0.153571774,-0.957500019,-0.477245386,0.659810054,-0.314187566,-0.380821641,-0.619477606,-0.033020728,-0.517292631,-0.343943534,0.355491427,7
-0.153571774,-0.957500019,-0.477245386,0.659810054,-0.314187566,-0.380821641,-0.619477606,-0.033020728,-0.517292631,-0.343943534,0.355491427,7
-0.392008146,0.041052642,0.015890969,-1.099077152,-0.406698229,0.391857144,-0.479757058,-1.789093833,-1.043196354,-1.041117058,1.669321407,6
-0.511226332,0.740039505,0.180269754,-1.099077152,-0.545464225,-0.202511152,-0.666051121,-1.582104227,-0.517292631,0.091789918,1.340863912,8
-0.034353588,-0.258513156,-0.066298423,-1.020904387,-0.499208893,-0.024200664,0.428426499,-1.114708344,-1.10893432,0.788963442,0.683948922,6
-1.107317262,0.440473707,-0.312866601,-1.001361196,-0.961762211,-1.034626767,-0.642764364,-2.049500111,-0.780244493,1.311843585,2.326236397,7
-0.153571774,-0.957500019,-0.477245386,0.659810054,-0.314187566,-0.380821641,-0.619477606,-0.033020728,-0.517292631,-0.343943534,0.355491427,7
-0.27278996,-0.957500019,-0.477245386,0.737982819,-0.314187566,-0.380821641,-0.57290409,0.177307419,-0.517292631,-0.343943534,0.355491427,7
-0.392008146,-0.757789487,-0.559434778,0.874785157,-0.360442897,-0.380821641,-0.223602722,0.267448054,-0.517292631,-0.431090225,0.027033932,7
-0.749662704,0.939750037,-0.477245386,-0.024201637,-0.545464225,0.570167633,0.288705952,-0.687374965,0.665990746,-0.256796844,0.930292043,7
0.323300969,-0.857644753,-0.230677208,-0.024201637,-0.545464225,-1.094063597,-0.852345184,-0.370213473,-0.254340769,0.266083299,0.766063296,7
-0.749662704,-0.957500019,0.180269754,-1.020904387,-0.545464225,-0.55913213,-0.666051121,-1.14141668,-0.188602804,0.178936609,0.437605801,6
-0.034353588,0.240763174,0.180269754,-1.07953396,-0.406698229,0.272983485,0.381852983,-1.495302135,-0.714506527,-1.128263748,1.340863912,6
-0.86888089,-1.157210552,-0.148487816,-1.040447578,-0.452953561,2.293835691,1.033882204,-1.067968756,0.205824988,-0.692530296,0.437605801,6
-2.299499122,-0.058802624,-0.148487816,-0.375979078,-0.637974888,1.342846418,0.894161657,-1.535364639,1.717798193,-1.563997201,1.75143578,7
-2.299499122,0.240763174,-0.066298423,-0.532324607,-0.730485552,1.105099099,0.777727867,-1.822479253,1.126156504,-1.651143891,2.079893275,7
-0.511226332,-0.757789487,1.330921248,2.281894922,0.379642412,0.867351781,1.895492246,1.753099254,-1.634838043,1.311843585,-1.368910422,6
-0.27278996,-0.258513156,-0.230677208,-0.9915896,0.703429734,-0.291666397,1.825631972,-0.093114485,-0.188602804,0.353229989,-0.794109806,5
-0.392008146,-0.558078955,0.180269754,-0.180547166,-0.776740884,-0.321384812,-0.805771669,-0.700729133,0.074349058,-0.169650153,1.094520791,6
-0.153571774,-0.258513156,0.262459146,-0.649583755,-0.915506879,-0.380821641,-1.085212763,-1.271619819,-0.320078735,-0.343943534,1.422978285,6
0.084864597,-1.45677635,0.262459146,1.255877385,-0.17542157,0.035236166,-0.805771669,0.551224126,-0.911720423,0.52752337,0.191262679,6
0.084864597,1.738592166,0.015890969,2.614129172,-0.267932234,-1.391247745,-1.690668468,1.148823148,-0.780244493,-0.953970368,0.437605801,6
0.323300969,0.440473707,-0.312866601,0.356890591,-1.19303887,-1.272374085,-0.829058427,-0.179916577,-1.306148216,-0.431090225,0.766063296,6
0.084864597,-1.45677635,0.262459146,1.255877385,-0.17542157,0.035236166,-0.805771669,0.551224126,-0.911720423,0.52752337,0.191262679,6
-1.226535448,0.640184239,-0.312866601,-0.512781416,-0.499208893,1.283409588,-0.107168932,-1.335052118,-0.648768562,-1.302557129,1.258749538,6
-0.153571774,-0.558078955,-0.230677208,0.09305751,-0.406698229,-0.143074323,-0.433183543,-0.800885394,-1.10893432,-0.866823677,1.176635164,8
0.323300969,0.440473707,-0.312866601,0.356890591,-1.19303887,-1.272374085,-0.829058427,-0.179916577,-1.306148216,-0.431090225,0.766063296,6
1.753919201,0.440473707,0.098080362,1.031130687,-0.776740884,-1.926179211,-2.179690384,0.077151158,-1.10893432,-1.302557129,1.094520791,6
-0.153571774,-0.058802624,-0.395055993,-0.356435887,0.009599757,-1.747868722,-1.201646553,0.140583457,0.994680573,-0.082503463,0.109148306,4
1.277046457,4.634394884,-1.052571133,-0.473695034,0.194621084,-0.678005789,-0.153742448,0.007041776,-0.845982458,-0.953970368,-0.629881058,5
0.084864597,1.738592166,0.015890969,2.614129172,-0.267932234,-1.391247745,-1.690668468,1.148823148,-0.780244493,-0.953970368,0.437605801,6
0.084864597,-1.45677635,0.262459146,1.255877385,-0.17542157,0.035236166,-0.805771669,0.551224126,-0.911720423,0.52752337,0.191262679,6
-1.822626378,-0.558078955,-0.395055993,-1.020904387,-0.036655575,1.996651543,0.288705952,-0.79420831,3.75567512,1.224696894,0.437605801,7
1.753919201,-0.558078955,-0.312866601,0.483921334,-1.008017543,-1.094063597,-0.503043816,0.133906373,-1.306148216,-1.302557129,0.027033932,6
0.561737341,0.440473707,-0.97038174,1.031130687,-0.499208893,0.510730803,0.242132436,0.5412085,-0.583030596,-0.343943534,-0.055080442,5
0.680955527,-0.957500019,0.262459146,-0.043744828,0.194621084,-0.856316278,-0.037308659,0.434375155,0.074349058,0.52752337,0.027033932,6
0.204082783,1.938302699,-0.395055993,1.636969613,-1.008017543,-0.796879449,0.055838373,0.340895978,-0.451554666,-0.082503463,1.258749538,8
0.204082783,1.938302699,-0.395055993,1.636969613,-1.008017543,-0.796879449,0.055838373,0.340895978,-0.451554666,-0.082503463,1.258749538,8
-1.345753634,-0.857644753,-0.723813563,0.855241966,-0.17542157,-0.143074323,-0.363323269,0.768229357,0.205824988,-0.692530296,-1.040452927,6
-0.27278996,-1.356921084,1.002163678,-0.942731622,-0.452953561,-1.212937256,-1.108499521,-0.507093696,1.19189447,0.004643228,0.355491427,5
-0.153571774,-0.358368423,0.344648539,0.366662187,-0.036655575,0.867351781,1.057168962,0.5412085,-0.254340769,0.091789918,-0.794109806,6
-0.034353588,-0.258513156,1.084353071,0.386205378,-0.17542157,0.035236166,0.381852983,0.628010592,-0.254340769,0.52752337,-0.876224179,6
-1.107317262,-0.358368423,-0.066298423,-0.766842902,-0.915506879,-0.261947982,-1.271506826,-1.341729202,-0.3858167,0.091789918,0.683948922,7
-0.153571774,0.140907908,0.015890969,-0.57141099,0.379642412,-0.55913213,1.150315993,0.24407826,1.520584297,0.788963442,-0.055080442,5
-0.749662704,0.540328973,0.673406109,2.106006202,-0.406698229,1.283409588,0.707867594,1.562802359,0.46877685,0.701816751,-0.876224179,6
-0.511226332,-0.458223689,0.919974286,-0.845015666,-0.869251547,0.451293973,-0.829058427,-1.208187521,-1.10893432,0.266083299,0.683948922,6
-0.749662704,-0.058802624,-0.395055993,1.128846643,-0.082910907,1.402283247,1.313323299,1.222271072,-0.320078735,-0.779676987,-1.368910422,6
-0.749662704,-0.757789487,0.262459146,1.050673878,-0.036655575,1.342846418,-0.223602722,0.34423452,0.074349058,-1.215410439,0.273377053,5
-0.86888089,0.540328973,0.591216716,2.027833437,-0.406698229,1.342846418,0.777727867,1.556125275,0.403038885,0.701816751,-0.876224179,6
-0.749662704,0.540328973,0.673406109,2.106006202,-0.406698229,1.283409588,0.707867594,1.562802359,0.46877685,0.701816751,-0.876224179,6
0.323300969,-0.657934221,5.44039087,-1.040447578,5.005175592,0.629604462,-0.596190848,-0.353520763,-1.569100078,-0.518236915,-1.040452927,6
-1.107317262,-0.058802624,-0.312866601,1.617426422,-0.082910907,-1.212937256,0.102411889,0.835000198,-0.451554666,0.353229989,-0.137194816,6
-1.46497182,-1.556631616,-0.64162417,-0.180547166,-0.545464225,-0.856316278,-0.945492216,-0.306781174,-0.648768562,0.701816751,-0.465652311,6
-0.034353588,-0.358368423,0.262459146,-0.063288019,-0.869251547,0.154109825,-0.642764364,-1.101354176,0.008611092,-1.302557129,1.587207033,6
0.919391899,-0.957500019,1.577489425,-1.020904387,-0.221676902,0.391857144,0.63800732,-1.121385428,-0.517292631,-0.431090225,1.176635164,5
0.204082783,-1.057355286,0.755595501,-1.001361196,-1.054272874,-0.143074323,-0.177029206,-1.164786474,-0.517292631,0.614670061,1.012406417,6
0.680955527,0.540328973,0.344648539,0.444834951,3.710026301,0.807914951,1.383183572,0.985234589,-1.371886181,0.701816751,-0.876224179,5
-0.86888089,-0.208585523,-0.806002955,-0.923188431,-0.314187566,6.127511202,3.083116897,0.120552205,2.243701916,0.353229989,-0.711995432,4
0.680955527,0.540328973,0.344648539,0.444834951,3.710026301,0.807914951,1.383183572,0.985234589,-1.371886181,0.701816751,-0.876224179,5
-1.584190006,-0.757789487,2.645951527,0.737982819,-0.129166238,2.53158301,0.824301383,0.113875121,-1.371886181,-0.518236915,-0.055080442,7
0.800173713,-1.057355286,0.180269754,-0.375979078,-0.17542157,-0.55913213,-0.875631942,0.037088654,-0.648768562,-0.169650153,-0.794109806,5
-1.345753634,-1.257065818,-0.230677208,-0.102374402,-0.452953561,-1.688431893,-1.550947921,-0.881010402,0.074349058,-0.518236915,1.176635164,6
-0.749662704,-0.258513156,0.837784893,-0.923188431,-1.008017543,0.035236166,-0.549617332,-1.605474021,-0.057126873,-0.779676987,1.669321407,6
-0.034353588,0.041052642,0.591216716,-0.981818005,-1.378060197,-1.747868722,-1.970109563,-1.802448001,-0.188602804,-0.779676987,2.40835077,5
0.323300969,-0.058802624,0.262459146,-0.200090357,-0.915506879,-0.4996953,-0.596190848,-0.807562478,-0.3858167,3.054777394,1.833550154,5
-0.86888089,-0.258513156,0.344648539,0.288489422,-0.036655575,1.105099099,1.592764393,0.521177247,-0.122864839,-0.256796844,-1.122567301,5
1.873137387,-0.857644753,1.166542463,-1.040447578,-0.915506879,-0.737442619,-1.900249289,-0.774177058,-1.897789905,0.091789918,0.027033932,6
-0.86888089,-0.258513156,1.659678818,0.112600701,0.009599757,1.342846418,0.847588141,0.127229289,0.008611092,1.834723727,-0.055080442,5
-0.86888089,-0.258513156,1.659678818,0.112600701,0.009599757,1.342846418,0.847588141,0.127229289,0.008611092,1.834723727,-0.055080442,5
-0.153571774,0.041052642,0.755595501,0.229859849,-0.730485552,-0.321384812,-0.689337879,-0.840947898,-0.714506527,0.876110132,1.669321407,8
-0.86888089,-0.258513156,1.659678818,0.112600701,0.009599757,1.342846418,0.847588141,0.127229289,0.008611092,1.834723727,-0.055080442,5
0.561737341,-0.657934221,3.796603021,1.148389834,-0.360442897,2.47214618,1.010595446,1.208916904,-1.569100078,-0.082503463,-1.204681674,5
0.084864597,-1.257065818,0.344648539,1.734685569,-0.036655575,1.105099099,-0.4564703,1.115437728,-0.057126873,-0.605383606,-0.547766684,6
0.561737341,-0.657934221,3.796603021,1.148389834,-0.360442897,2.47214618,1.010595446,1.208916904,-1.569100078,-0.082503463,-1.204681674,5
0.442519155,0.041052642,0.673406109,-1.020904387,-0.591719556,-0.380821641,0.055838373,-0.704067675,-0.122864839,-0.518236915,0.191262679,4
-0.988099076,-0.957500019,0.344648539,-0.805929284,-0.591719556,-0.440258471,-0.666051121,-1.515333387,-0.188602804,0.004643228,1.587207033,6
0.084864597,2.537434296,0.755595501,-0.063288019,-0.776740884,-1.747868722,-1.481087647,-0.994520831,-0.714506527,0.091789918,1.669321407,8
-0.153571774,0.041052642,0.755595501,0.229859849,-0.730485552,-0.321384812,-0.689337879,-0.840947898,-0.714506527,0.876110132,1.669321407,8
-0.511226332,0.839894771,0.344648539,0.737982819,-0.822996215,-0.915753108,-1.3413671,-0.473708275,-0.583030596,-0.518236915,1.340863912,7
0.680955527,-0.258513156,1.084353071,-0.454151843,-0.221676902,3.542009113,0.544860288,-0.774177058,-1.766313974,0.876110132,0.683948922,6
-0.27278996,-0.358368423,0.591216716,-0.688670137,-0.314187566,0.748478121,-0.409896785,-1.214864605,0.403038885,-0.518236915,1.258749538,5
-0.392008146,-0.258513156,-0.066298423,0.405748569,-0.17542157,-0.380821641,0.032551615,0.434375155,0.600252781,0.963256823,-0.055080442,5
-0.630444518,-1.257065818,0.509027324,-0.962274813,-0.17542157,-0.737442619,-1.224933311,-1.481947967,-0.517292631,-0.256796844,1.422978285,7
-0.749662704,0.041052642,-0.312866601,-0.649583755,-0.314187566,-0.678005789,-0.57290409,0.01371886,-0.911720423,-0.518236915,-1.533139169,5
-0.86888089,-0.258513156,0.344648539,0.288489422,-0.036655575,1.105099099,1.592764393,0.521177247,-0.122864839,-0.256796844,-1.122567301,5
0.204082783,0.041052642,0.098080362,-0.57141099,-0.822996215,-0.024200664,-1.131786279,-1.315020865,-1.503362112,-1.38970382,1.340863912,5
-0.392008146,0.740039505,0.015890969,-0.297806313,-0.637974888,-1.569558234,-0.340036511,-0.543817658,0.863204643,2.793337322,1.258749538,5
1.873137387,-0.857644753,1.166542463,-1.040447578,-0.915506879,-0.737442619,-1.900249289,-0.774177058,-1.897789905,0.091789918,0.027033932,6
-0.86888089,-0.258513156,1.659678818,0.112600701,0.009599757,1.342846418,0.847588141,0.127229289,0.008611092,1.834723727,-0.055080442,5
-1.107317262,0.740039505,1.413110641,-1.020904387,-0.776740884,-1.510121404,-0.875631942,-1.288312529,1.783536158,-0.605383606,1.176635164,6
-1.345753634,0.34061844,-0.148487816,-0.375979078,-1.008017543,-0.440258471,-1.061926005,-1.70229174,0.403038885,0.266083299,2.654693892,7
-0.392008146,-1.057355286,0.098080362,-0.74729971,-0.730485552,-0.143074323,-1.434514132,-0.901041654,0.205824988,2.009017108,0.683948922,6
1.873137387,-0.458223689,0.509027324,0.679353246,-0.452953561,-0.678005789,-1.201646553,0.314187642,-1.10893432,-0.605383606,0.027033932,6
-1.345753634,0.34061844,-0.148487816,-0.375979078,-1.008017543,-0.440258471,-1.061926005,-1.70229174,0.403038885,0.266083299,2.654693892,7
-0.988099076,-0.757789487,0.015890969,0.601180481,-0.221676902,0.154109825,1.429757088,0.280802222,-0.320078735,-0.431090225,-0.301423563,3
-0.749662704,0.939750037,0.262459146,-0.962274813,-1.008017543,-1.391247745,-1.481087647,-1.802448001,-1.634838043,-0.866823677,1.505092659,6
-0.86888089,0.839894771,0.344648539,-0.630040563,-0.68423022,-0.915753108,-1.178359795,-1.535364639,-0.845982458,-1.38970382,1.258749538,7
-0.392008146,-1.057355286,0.098080362,-0.74729971,-0.730485552,-0.143074323,-1.434514132,-0.901041654,0.205824988,2.009017108,0.683948922,6
-0.749662704,0.041052642,1.084353071,0.933414731,-0.267932234,1.521156906,1.010595446,0.587948088,-0.451554666,0.178936609,-0.794109806,6
0.800173713,-0.058802624,1.495300033,-0.630040563,-0.129166238,-0.440258471,0.288705952,-0.957796869,-1.10893432,0.353229989,0.766063296,6
0.084864597,-0.258513156,0.919974286,-0.805929284,-0.036655575,0.272983485,-0.503043816,-1.1748021,-0.188602804,-0.082503463,1.176635164,7
3.303755619,-0.358368423,1.248731856,-0.297806313,-0.637974888,-1.926179211,-2.831719604,-0.159885325,-2.226479732,0.44037668,-0.383537937,6
3.303755619,-0.358368423,1.248731856,-0.297806313,-0.637974888,-1.926179211,-2.831719604,-0.159885325,-2.226479732,0.44037668,-0.383537937,6
-0.153571774,-1.45677635,0.426837931,-0.981818005,-0.545464225,-0.975189937,-0.875631942,-0.984505205,0.271562954,0.963256823,0.683948922,7
-0.392008146,5.033815949,1.330921248,-0.962274813,-0.036655575,-0.321384812,-0.153742448,-1.041260419,0.403038885,-0.082503463,1.012406417,5
-2.180280936,0.540328973,-0.559434778,0.053971128,-1.100528206,0.510730803,-0.24688948,-0.650651003,1.126156504,-0.866823677,0.437605801,7
-0.27278996,0.640184239,0.509027324,-0.845015666,-0.591719556,-0.083637493,-0.666051121,-1.642197984,-1.437624147,-0.082503463,1.422978285,7
-0.27278996,-1.356921084,1.413110641,-0.41506546,-0.822996215,1.283409588,-0.363323269,-0.800885394,-1.832051939,0.44037668,0.191262679,7
0.084864597,-0.15865789,0.015890969,0.874785157,-0.360442897,-0.61856896,-1.294793584,0.053781364,-0.517292631,-1.302557129,0.355491427,6
-0.511226332,0.140907908,-0.64162417,0.112600701,-0.267932234,-1.034626767,-0.619477606,-0.166562409,-0.122864839,-0.953970368,-0.219309189,6
0.084864597,-0.258513156,0.919974286,-0.805929284,-0.036655575,0.272983485,-0.503043816,-1.1748021,-0.188602804,-0.082503463,1.176635164,7
0.800173713,-0.657934221,1.248731856,-0.766842902,0.055855089,-0.915753108,-0.223602722,-0.79420831,-0.254340769,-0.082503463,0.519720174,5
0.919391899,-0.15865789,1.413110641,-0.74729971,-0.036655575,-0.55913213,0.451713257,-0.967812495,-1.24041025,0.091789918,0.601834548,6
0.800173713,-0.058802624,1.495300033,-0.630040563,-0.129166238,-0.440258471,0.288705952,-0.957796869,-1.10893432,0.353229989,0.766063296,6
0.919391899,-0.258513156,1.248731856,-0.766842902,0.055855089,-0.261947982,0.684580836,-0.5471562,-0.780244493,0.701816751,0.109148306,6
0.800173713,0.740039505,1.002163678,1.617426422,0.055855089,-0.143074323,0.265419194,0.978557505,-1.043196354,0.353229989,-0.137194816,5
-0.034353588,0.240763174,0.180269754,-0.375979078,0.379642412,-0.261947982,1.476330604,0.324203268,1.389108366,0.701816751,-0.055080442,4
-0.27278996,-0.358368423,1.002163678,-0.825472475,-0.591719556,-0.975189937,-0.666051121,-1.238234399,-0.583030596,1.137550204,1.176635164,6
-0.511226332,-0.458223689,0.426837931,-0.884102049,-0.452953561,0.332420314,-0.968778974,-1.38846879,0.008611092,-0.518236915,1.176635164,7
0.800173713,-0.458223689,0.015890969,-0.942731622,-0.129166238,-0.678005789,-0.24688948,-0.370213473,-0.451554666,1.834723727,-0.055080442,5
-0.511226332,-0.358368423,0.426837931,2.125549393,0.287131748,-0.796879449,-0.316749753,1.576156527,-0.517292631,-0.169650153,-1.040452927,6
-0.749662704,-1.057355286,-0.148487816,-0.434608652,-0.267932234,0.094672996,-0.526330574,-0.780854142,0.337300919,-0.518236915,0.683948922,6
-0.749662704,-1.057355286,-0.148487816,-0.434608652,-0.267932234,0.094672996,-0.526330574,-0.780854142,0.337300919,-0.518236915,0.683948922,6
-0.27278996,-0.657934221,0.262459146,-0.766842902,-0.545464225,-0.024200664,-1.178359795,-0.954458327,0.403038885,0.091789918,0.437605801,7
-0.511226332,-0.458223689,0.426837931,-0.884102049,-0.452953561,0.332420314,-0.968778974,-1.38846879,0.008611092,-0.518236915,1.176635164,7
-1.226535448,0.041052642,0.426837931,-0.981818005,-0.68423022,0.689041292,0.172272162,-1.935989682,-0.714506527,1.311843585,1.997778902,7
-1.226535448,-0.857644753,0.262459146,-1.099077152,-0.869251547,-1.926179211,-2.761859331,-1.488625051,-0.648768562,-1.563997201,0.273377053,5
-0.86888089,-0.258513156,0.673406109,0.308032613,0.148365752,1.04566227,1.546190877,0.567916836,-0.188602804,-0.169650153,-1.122567301,6
0.800173713,-0.458223689,0.015890969,-0.942731622,-0.129166238,-0.678005789,-0.24688948,-0.370213473,-0.451554666,1.834723727,-0.055080442,5
-1.584190006,-0.957500019,-0.559434778,-0.923188431,-0.730485552,-0.261947982,-0.852345184,-1.749031328,1.060418539,-1.041117058,1.997778902,6
-1.703408192,-0.957500019,-0.97038174,-0.180547166,-0.406698229,-1.510121404,-1.248220068,-0.867656234,1.783536158,-0.431090225,1.422978285,5
-0.511226332,-0.358368423,0.426837931,2.125549393,0.287131748,-0.796879449,-0.316749753,1.576156527,-0.517292631,-0.169650153,-1.040452927,6
0.561737341,-0.458223689,0.344648539,0.42529176,0.287131748,0.332420314,0.242132436,0.394312651,-0.845982458,-0.256796844,-0.137194816,5
0.323300969,-1.057355286,0.262459146,0.09305751,0.610919071,0.689041292,-0.270176237,-0.313458258,-0.714506527,-0.256796844,0.437605801,7
0.800173713,0.240763174,0.344648539,-0.845015666,-0.129166238,-1.510121404,-0.968778974,-0.400260351,-0.122864839,1.398990275,0.437605801,5
-2.299499122,-0.358368423,-1.052571133,-0.825472475,-0.314187566,-0.261947982,-0.922205458,-1.061291672,3.295509363,1.137550204,1.012406417,6
-0.988099076,-0.657934221,0.344648539,-0.962274813,-0.314187566,0.094672996,-0.409896785,-1.481947967,0.074349058,-0.518236915,1.258749538,6
-0.511226332,0.540328973,0.344648539,-0.766842902,0.055855089,-0.321384812,0.19555892,-1.508656303,-0.122864839,-0.518236915,1.833550154,6
-0.749662704,0.740039505,-0.64162417,2.184178966,0.703429734,1.402283247,1.359896814,1.676312788,-0.517292631,0.004643228,-1.368910422,5
-0.749662704,-1.057355286,-0.148487816,-0.434608652,-0.267932234,0.094672996,-0.526330574,-0.780854142,0.337300919,-0.518236915,0.683948922,6
-0.392008146,-0.258513156,0.098080362,-0.688670137,-0.545464225,0.154109825,-0.433183543,-1.361760454,0.008611092,-0.779676987,1.915664528,6
-0.511226332,-1.157210552,-0.066298423,-0.317349505,-0.129166238,0.570167633,-0.596190848,-0.720760385,-0.057126873,-0.431090225,0.601834548,6
-0.392008146,1.13946057,0.426837931,1.070217069,0.518408407,0.92678861,1.895492246,1.452630472,0.46877685,0.178936609,-1.286796048,6
-1.584190006,-0.857644753,-0.559434778,-1.07953396,-0.267932234,0.98622544,-0.852345184,-1.301666697,2.04648802,-0.866823677,0.601834548,5
-0.86888089,-0.258513156,0.426837931,-1.001361196,0.240876416,0.391857144,-0.107168932,-1.188156269,0.271562954,-0.779676987,0.519720174,6
-0.034353588,-0.558078955,0.755595501,-0.004658446,-0.17542157,-0.083637493,-0.57290409,-0.410275977,-0.911720423,0.178936609,0.273377053,6
-0.86888089,-0.857644753,-0.395055993,-0.41506546,-0.036655575,-0.143074323,-0.316749753,0.808291861,-0.057126873,-0.605383606,-0.958338553,6
-0.392008146,1.13946057,0.426837931,1.070217069,0.518408407,0.92678861,1.895492246,1.452630472,0.46877685,0.178936609,-1.286796048,6
-1.226535448,0.540328973,-0.148487816,0.327575804,-0.360442897,-1.569558234,-2.459131478,-1.021229167,0.205824988,-1.128263748,1.833550154,7
1.038610085,-1.057355286,1.330921248,-1.001361196,-0.036655575,-0.024200664,0.009264857,-1.254927109,-0.188602804,-0.779676987,1.258749538,6
-1.703408192,-0.857644753,-0.559434778,-1.07953396,-0.267932234,0.98622544,-0.852345184,-1.301666697,2.04648802,-0.866823677,0.601834548,5
-0.86888089,-0.458223689,0.180269754,2.106006202,-0.314187566,0.094672996,-0.223602722,1.769791964,0.271562954,-0.518236915,-1.368910422,6
-0.86888089,-0.458223689,0.180269754,2.106006202,-0.314187566,0.094672996,-0.223602722,1.769791964,0.271562954,-0.518236915,-1.368910422,6
-0.86888089,-0.458223689,0.180269754,2.106006202,-0.314187566,0.094672996,-0.223602722,1.769791964,0.271562954,-0.518236915,-1.368910422,6
0.323300969,0.440473707,0.509027324,0.444834951,-0.360442897,0.570167633,0.335279467,0.507823079,0.074349058,-0.169650153,-0.055080442,6
-0.86888089,-0.458223689,0.180269754,2.106006202,-0.314187566,0.094672996,-0.223602722,1.769791964,0.271562954,-0.518236915,-1.368910422,6
0.323300969,0.440473707,0.509027324,0.444834951,-0.360442897,0.570167633,0.335279467,0.507823079,0.074349058,-0.169650153,-0.055080442,6
-1.345753634,1.13946057,1.084353071,0.210316657,-0.869251547,-1.391247745,-1.201646553,-1.154770848,1.257632435,-0.343943534,2.901037013,6
-0.86888089,-0.458223689,0.180269754,2.106006202,-0.314187566,0.094672996,-0.223602722,1.769791964,0.271562954,-0.518236915,-1.368910422,6
0.800173713,-0.258513156,7.330746896,-0.356435887,-0.499208893,0.92678861,3.595425571,-1.328375033,-1.043196354,-0.518236915,2.162007649,6
-1.345753634,0.140907908,-0.066298423,-0.532324607,-0.776740884,-0.321384812,-1.201646553,-1.408500042,0.403038885,-0.605383606,1.505092659,6
0.323300969,1.239315836,0.344648539,-0.825472475,-0.730485552,0.272983485,-0.712624637,-1.138078138,0.534514816,-0.256796844,1.75143578,6
-0.153571774,1.13946057,0.015890969,0.190773466,-1.19303887,0.154109825,-0.153742448,-0.680697881,-0.057126873,-0.431090225,1.258749538,7
-0.988099076,-1.057355286,0.673406109,1.695599187,-0.591719556,-0.440258471,-0.363323269,0.895093954,-2.095003801,-0.169650153,-0.794109806,5
-0.153571774,1.13946057,0.015890969,0.190773466,-1.19303887,0.154109825,-0.153742448,-0.680697881,-0.057126873,-0.431090225,1.258749538,7
0.204082783,0.839894771,0.262459146,-0.317349505,-1.239294202,0.213546655,-0.596190848,-1.268281277,-0.714506527,0.004643228,1.833550154,7
-0.034353588,-0.857644753,-0.148487816,0.288489422,-0.17542157,-0.321384812,-0.223602722,0.133906373,1.389108366,-0.866823677,0.027033932,6
-0.511226332,0.640184239,1.002163678,-1.059990769,-1.054272874,-1.747868722,-1.387940616,-1.839171963,-0.254340769,0.44037668,1.997778902,6
-0.988099076,-1.057355286,0.673406109,1.695599187,-0.591719556,-0.440258471,-0.363323269,0.895093954,-2.095003801,-0.169650153,-0.794109806,5
-0.153571774,1.13946057,0.015890969,0.190773466,-1.19303887,0.154109825,-0.153742448,-0.680697881,-0.057126873,-0.431090225,1.258749538,7
0.204082783,0.839894771,0.262459146,-0.317349505,-1.239294202,0.213546655,-0.596190848,-1.268281277,-0.714506527,0.004643228,1.833550154,7
1.038610085,0.240763174,0.180269754,-0.356435887,-1.008017543,-0.915753108,1.359896814,-0.647312461,-0.845982458,1.486136965,1.176635164,6
-0.988099076,4.035263288,1.495300033,-0.981818005,-0.406698229,-0.202511152,-0.386610027,-1.315020865,0.337300919,-0.343943534,1.258749538,6
-2.06106275,0.640184239,0.262459146,-0.043744828,-0.68423022,0.391857144,-0.153742448,-1.134739596,0.403038885,-0.692530296,1.669321407,6
-1.584190006,0.041052642,0.509027324,-0.063288019,-0.545464225,0.035236166,-0.503043816,-0.907718739,0.140087023,-0.518236915,1.340863912,7
-0.86888089,-0.857644753,0.344648539,-0.258719931,-1.239294202,-0.796879449,-1.3413671,-1.518671929,-0.911720423,-1.128263748,1.669321407,6
-1.46497182,-1.157210552,-0.64162417,-0.024201637,-0.129166238,-0.440258471,-0.619477606,-0.186593661,-0.845982458,0.788963442,-0.465652311,6
0.800173713,-1.057355286,1.002163678,-1.07953396,-0.452953561,1.640030566,0.172272162,-0.967812495,-1.10893432,-0.692530296,0.191262679,6
0.442519155,-0.757789487,0.426837931,-0.805929284,0.102110421,-0.678005789,-1.224933311,-1.241572941,-1.634838043,-1.215410439,1.258749538,6
-0.27278996,0.540328973,0.180269754,0.034427937,-0.17542157,-0.083637493,-0.549617332,-0.977828121,-1.437624147,-1.563997201,1.422978285,8
-0.27278996,0.540328973,0.015890969,0.210316657,-0.452953561,0.213546655,-0.363323269,-0.977828121,-1.306148216,-1.47685051,1.587207033,8
-0.034353588,0.839894771,0.098080362,0.42529176,-0.360442897,0.094672996,-0.340036511,-0.854302066,-1.24041025,-1.47685051,1.587207033,8
1.038610085,-0.657934221,0.015890969,1.070217069,-0.314187566,1.164535929,0.009264857,0.581271004,-1.10893432,-1.563997201,-0.137194816,6
0.442519155,-0.757789487,0.426837931,-0.805929284,0.102110421,-0.678005789,-1.224933311,-1.241572941,-1.634838043,-1.215410439,1.258749538,6
-1.584190006,1.339171102,-0.97038174,0.132143893,0.194621084,0.510730803,0.335279467,-0.353520763,0.731728712,-0.779676987,0.027033932,5
0.800173713,-1.257065818,0.098080362,-0.41506546,0.240876416,-0.737442619,-0.968778974,0.020395944,-0.583030596,-0.431090225,-0.794109806,6
1.873137387,-0.757789487,0.509027324,-1.040447578,0.009599757,-0.261947982,-0.782484911,-0.740791637,-1.24041025,-1.215410439,0.027033932,4
-0.511226332,-0.358368423,0.344648539,-1.059990769,-0.869251547,-0.261947982,-1.155073037,-1.6355209,0.337300919,-1.128263748,1.505092659,6
1.634701015,-1.157210552,0.262459146,0.288489422,-0.961762211,0.154109825,-0.759198153,-0.366874931,-1.700576008,-1.041117058,1.176635164,6
-1.703408192,-1.556631616,-0.066298423,-1.059990769,-0.360442897,-0.737442619,-0.200315964,-0.840947898,0.403038885,-0.343943534,-0.547766684,5
-0.511226332,-0.358368423,0.344648539,-1.059990769,-0.869251547,-0.261947982,-1.155073037,-1.6355209,0.337300919,-1.128263748,1.505092659,6
-0.86888089,-1.756342149,0.591216716,-1.059990769,-0.267932234,-1.094063597,-1.481087647,-1.428531294,-0.320078735,0.614670061,0.766063296,7
-0.511226332,-0.657934221,0.509027324,0.171230275,-0.221676902,0.807914951,-0.57290409,-0.493739528,0.140087023,-0.518236915,0.437605801,6
2.111573759,0.240763174,2.07062578,-0.923188431,0.009599757,-1.510121404,-1.620808195,-0.143192615,-0.845982458,0.614670061,0.273377053,4
-0.27278996,-0.957500019,0.262459146,-1.001361196,-0.869251547,0.391857144,-0.340036511,-1.592119853,0.337300919,-1.041117058,1.915664528,7
0.084864597,-1.057355286,0.180269754,-0.004658446,0.425897743,0.391857144,-0.386610027,-0.326812426,-0.517292631,0.091789918,0.437605801,8
-0.392008146,-0.857644753,-0.066298423,-0.90364524,-0.499208893,0.391857144,0.19555892,-0.734114553,-0.254340769,-1.128263748,-0.219309189,5
-1.345753634,0.041052642,-0.312866601,-0.962274813,-0.915506879,-0.261947982,-0.596190848,-1.548718807,0.863204643,0.963256823,1.669321407,7
0.800173713,-0.358368423,0.837784893,-0.512781416,-0.406698229,0.807914951,0.148985404,-1.021229167,-0.845982458,-1.041117058,0.930292043,6
1.634701015,-1.157210552,0.262459146,0.288489422,-0.961762211,0.154109825,-0.759198153,-0.366874931,-1.700576008,-1.041117058,1.176635164,6
-1.703408192,-1.556631616,-0.066298423,-1.059990769,-0.360442897,-0.737442619,-0.200315964,-0.840947898,0.403038885,-0.343943534,-0.547766684,5
-1.46497182,-1.157210552,-0.148487816,-1.020904387,-0.452953561,-1.688431893,-1.178359795,-1.017890625,0.46877685,-0.082503463,0.437605801,5
0.084864597,-0.657934221,0.673406109,-0.219633549,-0.406698229,0.035236166,-0.386610027,-0.3167968,-0.320078735,0.266083299,0.355491427,6
-0.630444518,-0.558078955,0.344648539,0.523007716,-0.082910907,-0.024200664,-0.293462995,-0.30010409,-1.437624147,-1.651143891,0.437605801,7
1.157828271,0.640184239,0.837784893,0.014884746,-0.869251547,0.689041292,-0.316749753,-0.974489579,-1.503362112,-1.041117058,1.669321407,6
-0.630444518,-0.558078955,0.344648539,0.523007716,-0.082910907,-0.024200664,-0.293462995,-0.30010409,-1.437624147,-1.651143891,0.437605801,7
-0.153571774,-0.657934221,0.509027324,-0.024201637,-0.637974888,0.272983485,-0.433183543,-0.674020797,-0.057126873,0.353229989,1.258749538,7
-2.06106275,0.34061844,0.180269754,-0.258719931,-0.68423022,0.629604462,0.125698647,-1.488625051,-0.320078735,-1.563997201,1.587207033,7
1.157828271,0.640184239,0.837784893,0.014884746,-0.869251547,0.689041292,-0.316749753,-0.974489579,-1.503362112,-1.041117058,1.669321407,6
-1.584190006,1.439026368,0.015890969,-0.786386093,-1.100528206,-0.083637493,-0.992065732,-1.672244862,0.205824988,-0.953970368,1.915664528,7
-0.630444518,-0.558078955,0.344648539,0.523007716,-0.082910907,-0.024200664,-0.293462995,-0.30010409,-1.437624147,-1.651143891,0.437605801,7
-0.153571774,0.041052642,0.015890969,0.210316657,-0.499208893,-0.083637493,0.870874899,0.92180229,0.928942608,-0.518236915,-1.122567301,5
-0.153571774,1.738592166,0.180269754,-0.278263122,-0.591719556,-0.440258471,0.381852983,-1.054614588,-0.517292631,-0.779676987,1.587207033,7
-0.392008146,0.140907908,0.426837931,0.063742723,-0.68423022,-0.796879449,-0.968778974,-0.954458327,-0.254340769,2.706190632,1.997778902,7
-0.153571774,-0.657934221,0.673406109,-1.020904387,-0.036655575,-0.678005789,-0.316749753,-0.607249956,-0.648768562,3.316217465,0.355491427,6
-0.153571774,-0.258513156,-0.806002955,-0.942731622,-0.036655575,0.213546655,0.568147046,-0.046374896,2.243701916,0.788963442,0.273377053,5
-0.630444518,-0.657934221,0.015890969,1.881259503,-0.267932234,1.223972758,0.055838373,0.875062702,-0.517292631,-0.953970368,0.109148306,5
-1.345753634,0.540328973,-0.888192348,-0.278263122,0.33338708,-0.380821641,-0.782484911,0.140583457,-0.3858167,0.266083299,-1.204681674,5
1.515482829,0.240763174,0.837784893,1.167933025,-0.129166238,0.98622544,0.335279467,0.120552205,-0.977458389,-1.38970382,1.258749538,6
-0.630444518,-0.358368423,-0.148487816,-1.069762365,-0.221676902,-0.737442619,-0.200315964,-1.278296903,0.403038885,-1.215410439,1.094520791,5
0.680955527,-0.957500019,0.919974286,-0.356435887,-0.221676902,1.877777884,0.428426499,-0.487062444,-1.174672285,-0.953970368,0.109148306,6
-2.06106275,0.590256606,-1.134760525,-0.923188431,-0.591719556,-1.094063597,-1.527661163,-1.381791706,0.994680573,-0.082503463,1.505092659,6
0.204082783,-1.356921084,-0.066298423,-1.059990769,2.692409002,-0.915753108,-1.993396321,-1.198171895,0.008611092,1.311843585,0.848177669,6
0.323300969,-1.45677635,1.002163678,-1.001361196,-0.082910907,0.748478121,-0.666051121,-0.964473953,-1.437624147,-0.343943534,0.519720174,5
-1.345753634,0.540328973,-0.888192348,-0.278263122,0.33338708,-0.380821641,-0.782484911,0.140583457,-0.3858167,0.266083299,-1.204681674,5
-0.511226332,0.140907908,-0.723813563,-0.766842902,4.45011161,-1.628995063,-0.666051121,-0.487062444,-1.24041025,-0.431090225,-0.465652311,4
-0.86888089,0.740039505,-0.230677208,-0.74729971,-0.452953561,0.094672996,-1.108499521,-1.595458395,0.534514816,0.353229989,1.915664528,7
2.469228317,1.039605303,1.577489425,-0.845015666,2.599898338,-0.975189937,-1.481087647,-1.385130248,-1.700576008,0.701816751,1.997778902,5
-0.392008146,-0.358368423,0.344648539,1.236334194,-0.545464225,-1.628995063,-1.527661163,-0.099791569,-0.583030596,0.701816751,1.997778902,6
-0.392008146,-1.157210552,0.015890969,-1.040447578,-0.406698229,0.332420314,-0.57290409,-1.42185421,-1.174672285,1.660430346,1.258749538,6
1.515482829,0.240763174,0.837784893,1.167933025,-0.129166238,0.98622544,0.335279467,0.120552205,-0.977458389,-1.38970382,1.258749538,6
-1.46497182,-1.257065818,-0.477245386,-0.532324607,-0.036655575,1.283409588,0.265419194,-0.954458327,0.205824988,-1.912583963,0.601834548,6
-0.392008146,0.540328973,0.509027324,-0.737528115,-0.221676902,-0.024200664,-1.248220068,-1.66890632,-0.517292631,-0.866823677,2.326236397,7
-1.46497182,-0.757789487,-0.312866601,-0.766842902,0.009599757,0.154109825,-0.340036511,-0.467031191,0.994680573,0.091789918,-0.465652311,6
-0.153571774,-0.058802624,0.262459146,0.347118996,0.425897743,0.98622544,1.220176267,0.567916836,-0.517292631,0.266083299,-0.794109806,6
-0.153571774,-0.058802624,0.673406109,0.171230275,0.379642412,1.342846418,1.40647033,0.467760575,-0.451554666,0.004643228,-0.876224179,6
-0.86888089,-0.757789487,-0.64162417,-1.040447578,0.055855089,0.391857144,-0.479757058,-0.86097915,1.915012089,0.963256823,0.437605801,7
-0.27278996,-1.45677635,1.906246995,0.034427937,0.472153075,1.461720077,0.242132436,0.441052239,-1.503362112,-0.518236915,-0.876224179,6
-0.153571774,-0.657934221,0.262459146,0.112600701,-0.360442897,-0.4996953,-0.759198153,-0.700729133,-1.371886181,2.880484013,0.848177669,6
-0.27278996,0.34061844,-0.148487816,1.57834004,-0.360442897,-1.747868722,-1.411227374,-0.012989476,-0.320078735,-1.302557129,1.669321407,5
-0.86888089,-0.757789487,-0.395055993,1.050673878,-0.499208893,-0.856316278,-1.085212763,-0.173239493,-0.057126873,-1.302557129,1.176635164,6
-0.392008146,-0.258513156,0.015890969,-0.669126946,0.379642412,-0.796879449,0.032551615,-0.260041586,0.46877685,-0.169650153,-0.055080442,6
-1.46497182,-1.257065818,-0.477245386,-0.532324607,-0.036655575,1.283409588,0.265419194,-0.954458327,0.205824988,-1.912583963,0.601834548,6
-0.034353588,-0.558078955,0.426837931,-0.08283121,-0.499208893,0.510730803,0.032551615,-0.977828121,-0.517292631,-1.38970382,1.669321407,6
-0.630444518,-0.458223689,0.098080362,-0.356435887,-0.314187566,0.451293973,0.172272162,-0.667343713,-0.057126873,-0.779676987,0.437605801,7
0.800173713,-0.058802624,-0.395055993,-0.766842902,0.610919071,0.094672996,-0.57290409,-0.293427006,-0.648768562,-1.041117058,-0.547766684,5
-0.392008146,0.640184239,-0.806002955,-0.610497372,-0.545464225,-0.380821641,-0.945492216,-1.284973987,-0.583030596,-0.779676987,1.505092659,7
-0.630444518,-1.157210552,0.673406109,-1.059990769,-0.452953561,-0.380821641,-0.619477606,-1.121385428,-0.057126873,0.266083299,0.437605801,6
-1.345753634,0.240763174,0.673406109,-1.040447578,-0.452953561,-0.975189937,-0.619477606,-1.819140711,-0.583030596,-0.256796844,1.75143578,7
0.084864597,0.140907908,0.098080362,-0.981818005,-0.452953561,0.391857144,-0.712624637,-0.991182289,0.797466677,1.137550204,0.930292043,6
-0.392008146,0.640184239,-0.806002955,-0.610497372,-0.545464225,-0.380821641,-0.945492216,-1.284973987,-0.583030596,-0.779676987,1.505092659,7
-0.27278996,-0.657934221,0.180269754,0.415520165,-1.19303887,-0.915753108,-1.248220068,-0.901041654,0.008611092,-2.348317415,2.40835077,7
0.800173713,-0.058802624,-0.395055993,-0.766842902,0.610919071,0.094672996,-0.57290409,-0.293427006,-0.648768562,-1.041117058,-0.547766684,5
-0.153571774,-0.558078955,0.591216716,0.053971128,-0.545464225,0.213546655,-0.549617332,-0.570525994,-0.057126873,-0.256796844,0.848177669,6
0.919391899,-0.058802624,1.248731856,-0.512781416,-0.406698229,0.629604462,-0.014021901,-1.001197915,-0.977458389,-0.953970368,0.930292043,6
-0.630444518,-0.258513156,0.262459146,-0.375979078,-0.314187566,0.332420314,0.172272162,-0.687374965,-0.057126873,-0.779676987,0.519720174,7
-0.630444518,-0.458223689,0.098080362,-0.356435887,-0.314187566,0.451293973,0.172272162,-0.667343713,-0.057126873,-0.779676987,0.437605801,7
-0.27278996,-1.45677635,0.919974286,-0.434608652,-0.129166238,0.98622544,-0.200315964,-0.847624982,-0.845982458,0.44037668,0.683948922,6
-0.27278996,-0.358368423,0.262459146,0.952957922,-0.129166238,1.699467395,0.777727867,0.721489769,-0.714506527,0.353229989,-0.465652311,6
0.204082783,-0.15865789,0.262459146,-0.180547166,-0.961762211,-0.261947982,-0.805771669,-1.114708344,-0.845982458,-1.38970382,1.75143578,8
-1.941844564,0.240763174,-1.463518095,-0.434608652,-0.776740884,0.094672996,-0.922205458,-1.221541689,0.731728712,-1.128263748,1.094520791,8
0.204082783,1.039605303,0.509027324,-0.825472475,-0.17542157,1.105099099,1.429757088,-0.797546852,-1.043196354,0.091789918,0.766063296,5
0.561737341,-0.857644753,-0.230677208,1.57834004,-0.036655575,0.213546655,1.243463025,1.48267735,-0.583030596,0.091789918,-1.040452927,6
0.561737341,-0.857644753,-0.230677208,1.57834004,-0.036655575,0.213546655,1.243463025,1.48267735,-0.583030596,0.091789918,-1.040452927,6
0.561737341,-0.857644753,-0.230677208,1.57834004,-0.036655575,0.213546655,1.243463025,1.48267735,-0.583030596,0.091789918,-1.040452927,6
0.561737341,-0.857644753,-0.230677208,1.57834004,-0.036655575,0.213546655,1.243463025,1.48267735,-0.583030596,0.091789918,-1.040452927,6
0.561737341,-0.857644753,-0.230677208,1.57834004,-0.036655575,0.213546655,1.243463025,1.48267735,-0.583030596,0.091789918,-1.040452927,6
0.561737341,-0.857644753,-0.230677208,1.57834004,-0.036655575,0.213546655,1.243463025,1.48267735,-0.583030596,0.091789918,-1.040452927,6
-0.749662704,0.440473707,-0.148487816,-0.962274813,-0.730485552,-0.678005789,-0.8989187,-1.645536526,0.140087023,-0.605383606,2.079893275,5
0.800173713,-0.857644753,-0.148487816,2.408925665,0.055855089,-0.202511152,1.243463025,1.996812822,-0.583030596,0.091789918,-0.958338553,7
-0.511226332,-0.15865789,-0.230677208,-0.551867799,-0.730485552,0.035236166,-1.108499521,-1.301666697,0.205824988,1.137550204,1.75143578,8
-1.226535448,-0.358368423,-1.792275665,-0.981818005,-0.499208893,1.461720077,2.50094795,-0.193270746,0.994680573,-0.431090225,-0.711995432,6
-3.25324461,-0.608006588,-0.888192348,-0.258719931,-0.221676902,1.699467395,0.405139741,0.908448122,1.520584297,-0.431090225,-2.025825412,3
1.396264643,-0.358368423,-0.148487816,0.796612393,-0.730485552,-0.083637493,-0.805771669,-0.029682186,-0.517292631,-0.605383606,1.094520791,6
-1.345753634,-0.458223689,-1.134760525,-0.864558858,-0.129166238,0.213546655,0.335279467,-0.633958293,0.140087023,-0.866823677,-0.219309189,6
0.680955527,0.540328973,0.180269754,-0.74729971,0.240876416,-0.55913213,-0.316749753,-1.064630214,0.863204643,0.353229989,1.833550154,6
-0.392008146,1.039605303,0.180269754,0.542550907,0.703429734,0.391857144,1.73248494,1.148823148,0.797466677,0.614670061,-0.876224179,5
-0.630444518,-1.257065818,-0.395055993,-0.90364524,-0.082910907,-0.856316278,-0.57290409,-0.834270814,-0.583030596,-0.953970368,-0.219309189,5
-0.511226332,0.440473707,0.015890969,-0.141460784,-0.082910907,-0.4996953,-1.131786279,-0.774177058,0.600252781,0.963256823,1.258749538,7
0.680955527,-0.558078955,-0.148487816,-0.786386093,-0.036655575,-0.380821641,-0.922205458,-0.937765617,-0.714506527,0.963256823,0.683948922,7
-0.630444518,-0.458223689,-0.148487816,-0.884102049,-0.360442897,0.272983485,-0.503043816,-1.14141668,0.863204643,0.353229989,1.094520791,7
-0.988099076,-0.558078955,-0.230677208,-0.981818005,-0.314187566,0.272983485,-0.24688948,-0.744130179,1.717798193,0.876110132,0.355491427,5
-0.511226332,2.038157965,-2.614169589,-1.07953396,-0.129166238,-0.202511152,-0.945492216,-0.633958293,-0.320078735,-0.169650153,-0.547766684,4
-0.392008146,-0.458223689,-0.312866601,-0.356435887,0.657174402,-0.380821641,0.335279467,-0.914395823,0.271562954,0.004643228,1.422978285,8
-0.630444518,-1.157210552,-0.723813563,-0.981818005,0.518408407,-0.856316278,-0.340036511,-1.084661466,0.271562954,-0.431090225,0.519720174,7
-0.392008146,1.039605303,0.180269754,0.542550907,0.703429734,0.391857144,1.73248494,1.148823148,0.797466677,0.614670061,-0.876224179,5
0.561737341,-1.157210552,-0.148487816,-0.981818005,0.888451061,-0.737442619,0.009264857,-0.941104159,-0.845982458,-0.169650153,0.766063296,6
-0.630444518,-1.257065818,-0.395055993,-0.90364524,-0.082910907,-0.856316278,-0.57290409,-0.834270814,-0.583030596,-0.953970368,-0.219309189,5
-0.511226332,0.440473707,-0.312866601,-0.805929284,0.240876416,-0.915753108,-0.293462995,-1.508656303,-0.3858167,0.266083299,1.915664528,6
-0.27278996,-1.556631616,0.180269754,-0.805929284,-0.314187566,0.451293973,-0.340036511,-0.623942667,-0.780244493,1.573283656,-0.301423563,7
-0.392008146,-0.757789487,-1.62789688,-0.395522269,6.392835546,-0.024200664,0.661294078,-0.066406149,-1.700576008,-0.343943534,-0.876224179,6
1.277046457,0.640184239,-0.723813563,-0.004658446,-0.499208893,0.154109825,-0.852345184,-0.89436457,-1.832051939,-2.261170725,1.422978285,6
-0.153571774,-0.657934221,-0.230677208,-0.688670137,0.009599757,0.272983485,-0.433183543,-0.954458327,-0.780244493,1.398990275,0.355491427,7
-0.153571774,-0.458223689,-0.230677208,-0.708213328,0.055855089,0.272983485,-0.409896785,-0.967812495,-0.845982458,1.311843585,0.355491427,7
-0.153571774,-0.657934221,-0.230677208,-0.688670137,0.009599757,0.272983485,-0.433183543,-0.954458327,-0.780244493,1.398990275,0.355491427,7
-0.392008146,-0.757789487,-1.62789688,-0.395522269,6.392835546,-0.024200664,0.661294078,-0.066406149,-1.700576008,-0.343943534,-0.876224179,6
-0.392008146,0.041052642,0.673406109,0.347118996,-0.082910907,1.461720077,1.313323299,0.487791827,-0.320078735,-0.082503463,-0.876224179,5
1.038610085,-0.258513156,0.262459146,-1.059990769,-0.129166238,-1.510121404,-1.387940616,-0.961135411,-0.714506527,-0.953970368,0.766063296,5
-1.584190006,-1.556631616,-0.066298423,-0.688670137,-0.082910907,-0.856316278,-1.550947921,-1.73567716,-0.122864839,-1.47685051,1.997778902,8
-0.392008146,0.041052642,0.591216716,0.112600701,0.009599757,1.402283247,1.266749783,0.474437659,-0.320078735,-0.082503463,-0.876224179,5
-0.153571774,-1.057355286,0.098080362,-0.90364524,-0.267932234,-0.380821641,-1.294793584,-1.518671929,-1.832051939,0.701816751,1.258749538,7
0.442519155,-0.258513156,-0.477245386,-0.962274813,-0.129166238,-0.975189937,-0.619477606,-0.260041586,1.257632435,0.614670061,-0.301423563,6
-0.392008146,0.041052642,0.591216716,0.112600701,0.009599757,1.402283247,1.266749783,0.474437659,-0.320078735,-0.082503463,-0.876224179,5
-0.392008146,0.041052642,0.673406109,0.347118996,-0.082910907,1.461720077,1.313323299,0.487791827,-0.320078735,-0.082503463,-0.876224179,5
-0.511226332,-0.258513156,1.330921248,0.229859849,0.055855089,1.105099099,1.033882204,0.521177247,-0.122864839,-0.343943534,-1.040452927,5
-0.749662704,-0.358368423,0.098080362,-0.805929284,-0.314187566,0.451293973,-0.712624637,-1.201510437,0.994680573,-0.431090225,1.094520791,6
-0.153571774,0.440473707,-0.148487816,0.444834951,-0.776740884,-0.261947982,-0.805771669,-0.901041654,-1.24041025,-1.302557129,1.505092659,7
1.038610085,-0.258513156,0.262459146,-1.059990769,-0.129166238,-1.510121404,-1.387940616,-0.961135411,-0.714506527,-0.953970368,0.766063296,5
-1.584190006,-1.556631616,-0.066298423,-0.688670137,-0.082910907,-0.856316278,-1.550947921,-1.73567716,-0.122864839,-1.47685051,1.997778902,8
-0.392008146,-0.358368423,-0.477245386,0.053971128,-0.637974888,-0.55913213,-1.131786279,-0.814239562,-0.3858167,-1.47685051,1.505092659,6
-0.749662704,-0.558078955,0.015890969,-0.278263122,-0.637974888,0.035236166,-1.085212763,-1.348406286,0.534514816,-1.128263748,2.490465144,7
-1.107317262,0.440473707,-0.312866601,-0.884102049,-0.591719556,0.332420314,0.055838373,-1.682260488,0.665990746,-0.605383606,1.915664528,7
-0.749662704,-0.857644753,-0.395055993,-0.864558858,-1.100528206,-0.143074323,-1.01535249,-1.715645908,-0.977458389,0.44037668,1.915664528,7
-1.107317262,0.440473707,-0.312866601,-0.884102049,-0.591719556,0.332420314,0.055838373,-1.682260488,0.665990746,-0.605383606,1.915664528,7
2.946101061,-0.358368423,-0.395055993,0.405748569,-0.406698229,5.265677172,1.592764393,-0.069744691,-1.897789905,-0.953970368,0.437605801,3
-0.630444518,0.740039505,-0.477245386,1.207019407,-0.314187566,-0.975189937,-0.363323269,0.411005361,0.074349058,-0.518236915,0.109148306,6
-0.27278996,1.838447433,-0.559434778,-0.23917674,-0.314187566,-0.024200664,-1.01535249,-0.957796869,-0.188602804,-0.431090225,1.587207033,7
-0.749662704,0.240763174,-0.395055993,-0.845015666,0.102110421,-0.143074323,0.055838373,-1.535364639,0.205824988,-0.256796844,1.997778902,7
-1.107317262,-0.857644753,-0.395055993,-1.040447578,0.055855089,1.877777884,0.288705952,-0.854302066,2.309439881,0.876110132,0.519720174,7
-1.226535448,-0.358368423,-0.477245386,-1.001361196,-0.637974888,0.035236166,-1.038639248,-1.759046955,-0.714506527,1.311843585,1.997778902,7
0.442519155,-1.306993451,-0.066298423,-1.040447578,-0.17542157,-1.272374085,-1.760528742,-1.348406286,-0.583030596,-1.041117058,1.094520791,7
-0.392008146,1.588809267,0.344648539,0.542550907,0.564663739,1.818341055,2.407800919,1.392536716,0.271562954,0.44037668,-1.122567301,6
-1.345753634,-0.957500019,0.262459146,-1.020904387,-0.452953561,-0.975189937,-1.527661163,-1.879234467,-0.648768562,0.004643228,1.833550154,7
-1.345753634,-0.957500019,0.262459146,-1.040447578,-0.452953561,-0.261947982,-1.01535249,-1.582104227,-0.188602804,-0.082503463,1.258749538,6
-1.584190006,0.440473707,-0.148487816,0.366662187,-0.129166238,-0.202511152,-0.805771669,-0.500416612,0.337300919,-0.169650153,0.601834548,6
-0.392008146,-1.157210552,0.098080362,-0.90364524,-0.17542157,-0.55913213,-0.805771669,-1.515333387,0.008611092,2.27045718,1.587207033,7
-2.180280936,-0.657934221,-0.477245386,-0.981818005,0.055855089,0.748478121,0.19555892,-0.82759373,2.04648802,0.004643228,-0.055080442,5
0.680955527,0.140907908,0.180269754,1.812858334,0.194621084,-0.380821641,-0.363323269,0.881739786,-0.845982458,0.44037668,-0.055080442,5
-1.107317262,-0.15865789,-0.066298423,-0.405293865,-0.267932234,-1.212937256,-1.387940616,-1.608812563,0.665990746,0.091789918,1.833550154,6
-1.46497182,-0.15865789,-0.312866601,-0.90364524,-0.314187566,-0.321384812,-0.805771669,-1.4051615,1.915012089,0.266083299,1.669321407,7
0.204082783,-1.057355286,-0.230677208,-0.942731622,-0.406698229,-1.212937256,-0.852345184,-1.054614588,-0.320078735,0.091789918,1.258749538,6
-0.034353588,-1.057355286,-0.312866601,-0.864558858,0.055855089,-1.331810915,-0.526330574,-0.881010402,-0.188602804,0.178936609,0.930292043,6
-0.153571774,-0.258513156,-0.477245386,-0.278263122,-0.499208893,0.391857144,-0.316749753,-1.228218773,-0.451554666,-0.953970368,1.75143578,7
-0.392008146,-1.057355286,-0.477245386,-0.90364524,-0.17542157,1.580593736,0.894161657,-0.707406217,-0.254340769,-0.605383606,-0.219309189,5
-1.345753634,-1.057355286,0.180269754,-1.001361196,-0.452953561,-1.450684574,-1.620808195,-0.714083301,1.586322262,1.660430346,-0.055080442,7
-0.630444518,-0.358368423,-0.395055993,-1.059990769,-0.360442897,-1.034626767,-0.409896785,-1.188156269,0.731728712,-0.605383606,0.848177669,5
-0.27278996,-0.657934221,0.015890969,-0.981818005,0.148365752,0.035236166,-0.642764364,-1.084661466,-1.10893432,0.091789918,0.437605801,6
-0.27278996,-0.458223689,-0.066298423,0.327575804,0.102110421,0.570167633,0.847588141,0.187323045,-0.517292631,0.266083299,-0.301423563,6
-0.153571774,-0.458223689,-0.148487816,0.42529176,0.009599757,0.689041292,0.451713257,0.120552205,-0.714506527,0.266083299,0.027033932,6
-0.511226332,-0.558078955,-0.477245386,-0.532324607,0.610919071,-0.380821641,0.265419194,-0.797546852,0.271562954,-0.692530296,1.340863912,7
-2.180280936,-1.107282919,-0.97038174,-0.141460784,0.055855089,0.391857144,0.148985404,-0.253364502,-0.057126873,0.52752337,-0.465652311,6
-0.392008146,1.488954001,-0.723813563,-0.796157688,-0.545464225,-0.737442619,-1.224933311,-1.114708344,-0.911720423,-0.692530296,0.766063296,6
-0.034353588,1.039605303,-0.395055993,1.412222915,0.102110421,0.98622544,1.150315993,1.228948156,-1.24041025,0.963256823,-0.794109806,6
-0.034353588,1.039605303,-0.395055993,1.412222915,0.102110421,0.98622544,1.150315993,1.228948156,-1.24041025,0.963256823,-0.794109806,6
-0.034353588,1.039605303,-0.395055993,1.412222915,0.102110421,0.98622544,1.150315993,1.228948156,-1.24041025,0.963256823,-0.794109806,6
0.323300969,-0.058802624,-0.477245386,1.715142378,0.009599757,-1.747868722,-2.296124173,0.831661656,-0.122864839,-0.866823677,0.355491427,6
0.800173713,-1.057355286,-0.559434778,-0.356435887,0.194621084,-0.737442619,-0.968778974,0.020395944,-0.714506527,-0.169650153,-0.794109806,6
-0.86888089,0.240763174,-0.230677208,-1.020904387,0.102110421,-0.975189937,-0.340036511,-1.391807332,0.863204643,0.44037668,1.75143578,6
0.800173713,-1.057355286,-0.559434778,-0.356435887,0.194621084,-0.737442619,-0.968778974,0.020395944,-0.714506527,-0.169650153,-0.794109806,6
-0.511226332,-0.15865789,-0.148487816,0.044199532,0.610919071,-0.083637493,-0.829058427,-0.540479116,-0.057126873,-0.605383606,0.519720174,5
-0.034353588,0.839894771,-0.477245386,1.392679724,0.102110421,0.92678861,1.150315993,1.222271072,-1.24041025,0.963256823,-0.794109806,7
-0.034353588,1.039605303,-0.395055993,1.412222915,0.102110421,0.98622544,1.150315993,1.228948156,-1.24041025,0.963256823,-0.794109806,6
-0.153571774,-0.957500019,-0.806002955,0.659810054,0.564663739,1.699467395,1.127029235,0.347573062,-0.3858167,0.178936609,0.109148306,6
-0.27278996,-0.957500019,-0.806002955,0.75752601,0.518408407,1.699467395,1.057168962,0.34423452,-0.451554666,0.091789918,0.109148306,6
-0.392008146,-1.157210552,-1.052571133,0.053971128,0.425897743,0.451293973,0.405139741,-0.106468653,-0.254340769,0.266083299,0.273377053,6
0.323300969,-0.058802624,-0.477245386,1.715142378,0.009599757,-1.747868722,-2.296124173,0.831661656,-0.122864839,-0.866823677,0.355491427,6
-0.630444518,-1.057355286,-0.559434778,0.679353246,0.055855089,-0.55913213,-0.8989187,0.601302256,0.994680573,0.091789918,-0.465652311,6
0.323300969,-0.558078955,-0.477245386,0.151687084,0.657174402,0.332420314,-0.177029206,-0.219979082,-0.714506527,0.876110132,0.683948922,6
-1.107317262,-0.558078955,-0.477245386,-1.040447578,-0.545464225,0.689041292,-1.155073037,-1.849187589,0.205824988,-0.953970368,1.75143578,6
-0.27278996,0.839894771,-0.477245386,0.366662187,-0.545464225,-0.380821641,-1.364653858,-0.884348944,-1.503362112,-0.866823677,1.669321407,6
-0.511226332,1.538881634,-0.477245386,0.943186327,-0.637974888,-0.261947982,-1.224933311,-0.653989545,-1.10893432,-0.953970368,1.587207033,6
-1.226535448,-0.757789487,-0.477245386,1.24610579,-0.360442897,-0.380821641,-0.177029206,0.033750112,0.797466677,0.701816751,1.094520791,7
-1.941844564,0.440473707,-0.888192348,0.630495268,-0.915506879,-0.55913213,-0.479757058,-0.82759373,-0.057126873,0.353229989,1.422978285,6
-0.153571774,-0.757789487,-0.477245386,1.207019407,0.102110421,1.105099099,-0.083882174,0.467760575,0.008611092,-1.041117058,0.191262679,6
-1.107317262,-0.558078955,-0.066298423,1.128846643,-0.591719556,-0.61856896,-0.992065732,-0.19994783,-0.122864839,-0.605383606,0.683948922,7
-0.27278996,0.839894771,-0.477245386,0.366662187,-0.545464225,-0.380821641,-1.364653858,-0.884348944,-1.503362112,-0.866823677,1.669321407,6
-0.511226332,1.538881634,-0.477245386,0.943186327,-0.637974888,-0.261947982,-1.224933311,-0.653989545,-1.10893432,-0.953970368,1.587207033,6
0.204082783,-0.957500019,1.248731856,-1.001361196,-0.591719556,-1.391247745,-1.574234679,-1.148093764,-0.911720423,0.353229989,0.683948922,7
-0.630444518,-1.057355286,-0.559434778,0.679353246,0.055855089,-0.55913213,-0.8989187,0.601302256,0.994680573,0.091789918,-0.465652311,6
0.323300969,-0.558078955,-0.477245386,0.151687084,0.657174402,0.332420314,-0.177029206,-0.219979082,-0.714506527,0.876110132,0.683948922,6
-1.107317262,-0.558078955,-0.477245386,-1.040447578,-0.545464225,0.689041292,-1.155073037,-1.849187589,0.205824988,-0.953970368,1.75143578,6
-1.107317262,-0.757789487,-0.64162417,-1.040447578,-0.591719556,0.154109825,-1.690668468,-1.542041723,-0.320078735,-0.953970368,0.848177669,6
0.800173713,-0.757789487,-0.64162417,-0.317349505,-0.591719556,-0.55913213,-1.481087647,-1.134739596,-1.371886181,0.004643228,1.505092659,7
-0.86888089,0.240763174,-1.052571133,-1.040447578,-0.637974888,-0.261947982,-0.666051121,-1.755708412,-1.437624147,-0.605383606,1.422978285,6
-1.107317262,0.140907908,-0.723813563,-0.981818005,-0.591719556,-0.321384812,-0.596190848,-2.076208447,-0.714506527,-0.518236915,2.244122023,6
-0.392008146,-0.957500019,-0.477245386,-0.923188431,-0.221676902,1.04566227,0.498286773,-0.697390591,-0.3858167,-0.343943534,-0.219309189,6
0.084864597,-0.558078955,-0.477245386,0.816155584,-0.314187566,-0.202511152,-0.526330574,-0.203286372,-0.911720423,0.52752337,0.848177669,7
-1.107317262,0.140907908,-0.723813563,-0.981818005,-0.591719556,-0.321384812,-0.596190848,-2.076208447,-0.714506527,-0.518236915,2.244122023,6
-0.86888089,0.240763174,-1.052571133,-1.040447578,-0.637974888,-0.261947982,-0.666051121,-1.755708412,-1.437624147,-0.605383606,1.422978285,6
-1.584190006,-1.257065818,-0.64162417,-0.170775571,0.240876416,0.92678861,-0.014021901,-0.26671867,1.849274124,0.091789918,0.437605801,6
-0.034353588,0.041052642,-0.806002955,-0.845015666,-0.545464225,0.807914951,-0.433183543,-1.782416749,-1.371886181,-0.518236915,2.244122023,7
-1.226535448,-0.857644753,-1.052571133,-0.923188431,-0.036655575,1.283409588,-0.107168932,-0.25002596,0.863204643,-0.431090225,-0.794109806,5
1.038610085,-0.558078955,-0.64162417,0.503464525,0.055855089,0.154109825,-0.177029206,0.948510626,0.403038885,0.353229989,-0.219309189,6
-0.392008146,-0.957500019,-0.477245386,-0.923188431,-0.221676902,1.04566227,0.498286773,-0.697390591,-0.3858167,-0.343943534,-0.219309189,6
0.084864597,1.239315836,-0.723813563,-0.90364524,0.194621084,0.92678861,1.150315993,-0.807562478,-1.24041025,0.52752337,0.766063296,6
-0.988099076,0.041052642,-0.559434778,-0.336892696,-0.730485552,1.223972758,0.009264857,-1.248250025,-0.188602804,-0.605383606,1.669321407,8
0.800173713,0.839894771,1.248731856,0.952957922,0.009599757,3.066514477,1.895492246,1.41590651,-1.174672285,-0.518236915,-1.040452927,5
-0.511226332,0.041052642,0.015890969,-0.551867799,-0.267932234,-0.380821641,-0.433183543,-1.017890625,0.600252781,-0.082503463,1.340863912,7
-0.034353588,-0.857644753,0.098080362,0.09305751,-0.036655575,0.92678861,-0.340036511,-0.286749922,-0.583030596,-0.431090225,0.191262679,7
-0.511226332,0.041052642,0.015890969,-0.551867799,-0.267932234,-0.380821641,-0.433183543,-1.017890625,0.600252781,-0.082503463,1.340863912,7
-0.630444518,-0.558078955,-0.148487816,-0.297806313,0.009599757,0.867351781,0.381852983,-0.333489511,1.257632435,0.52752337,0.601834548,6
-0.153571774,-0.458223689,-0.312866601,0.102829106,-0.082910907,0.391857144,0.917448415,0.147260541,0.403038885,0.614670061,0.109148306,6
-0.630444518,0.440473707,-0.230677208,-0.884102049,-0.406698229,-0.083637493,-0.316749753,-1.38846879,-0.845982458,-0.343943534,1.094520791,6
-0.988099076,0.041052642,-0.559434778,-0.336892696,-0.730485552,1.223972758,0.009264857,-1.248250025,-0.188602804,-0.605383606,1.669321407,8
0.800173713,0.839894771,1.248731856,0.952957922,0.009599757,3.066514477,1.895492246,1.41590651,-1.174672285,-0.518236915,-1.040452927,5
2.230791945,1.13946057,0.098080362,-0.90364524,2.322366347,-0.796879449,-1.387940616,-1.335052118,-1.569100078,0.44037668,1.75143578,6
-0.392008146,-0.358368423,-0.312866601,0.952957922,-0.915506879,-1.450684574,-1.457800889,-0.116484279,-0.3858167,0.52752337,1.915664528,7
-0.034353588,0.140907908,-0.312866601,0.347118996,-0.915506879,-0.024200664,-0.642764364,-0.907718739,-1.24041025,-1.041117058,1.505092659,6
-0.034353588,0.041052642,-0.312866601,0.366662187,-0.915506879,0.094672996,-0.619477606,-0.924411449,-1.306148216,-0.953970368,1.505092659,8
-0.27278996,1.039605303,-0.64162417,0.610952077,-0.452953561,-0.024200664,-1.131786279,-0.754145805,-1.371886181,-1.041117058,1.587207033,6
1.277046457,0.041052642,-0.312866601,0.386205378,-0.730485552,-0.024200664,-0.57290409,-0.747468721,-1.700576008,-0.605383606,1.505092659,6
-0.511226332,-0.258513156,0.919974286,0.268946231,0.102110421,0.98622544,1.127029235,0.534531416,0.074349058,0.353229989,-1.122567301,5
-0.392008146,-0.15865789,1.002163678,0.268946231,0.055855089,0.748478121,1.08045572,0.547885584,0.074349058,0.44037668,-1.122567301,5
0.561737341,0.140907908,-0.477245386,0.737982819,-0.637974888,0.451293973,-0.037308659,0.314187642,-0.583030596,-0.169650153,0.109148306,6
-0.749662704,-0.857644753,-0.395055993,-0.180547166,-0.17542157,0.510730803,1.150315993,-0.373552015,0.008611092,-0.169650153,-0.137194816,6
-0.988099076,0.540328973,-0.148487816,0.268946231,0.287131748,0.98622544,1.010595446,0.804953319,1.3233704,1.398990275,-0.794109806,5
-1.584190006,0.440473707,-0.066298423,0.190773466,-0.406698229,-0.61856896,-1.038639248,-0.493739528,0.403038885,0.004643228,0.519720174,6
0.919391899,1.838447433,-1.29913931,-0.610497372,0.379642412,-1.034626767,0.079125131,-0.079760317,-0.451554666,0.178936609,0.273377053,6
2.230791945,-0.857644753,-0.312866601,-0.278263122,-0.822996215,-0.083637493,-0.4564703,-0.58054162,-1.634838043,-0.169650153,0.601834548,5
0.919391899,1.838447433,-1.29913931,-0.610497372,0.379642412,-1.034626767,0.079125131,-0.079760317,-0.451554666,0.178936609,0.273377053,6
2.230791945,-0.058802624,-0.723813563,-0.278263122,-1.008017543,0.98622544,-0.945492216,-0.553833284,-2.095003801,0.004643228,0.766063296,5
-1.345753634,-0.957500019,-0.477245386,-1.001361196,-0.545464225,-1.569558234,-1.061926005,-1.081322924,0.140087023,0.266083299,0.601834548,6
-1.345753634,-1.257065818,-0.148487816,-1.020904387,-0.406698229,-1.272374085,-0.479757058,-0.931088533,0.008611092,0.091789918,-0.219309189,6
-1.584190006,0.440473707,-0.066298423,0.190773466,-0.406698229,-0.61856896,-1.038639248,-0.493739528,0.403038885,0.004643228,0.519720174,6
-0.988099076,0.540328973,-0.148487816,0.268946231,0.287131748,0.98622544,1.010595446,0.804953319,1.3233704,1.398990275,-0.794109806,5
0.204082783,0.440473707,-0.312866601,0.679353246,-0.221676902,1.640030566,1.220176267,0.754875189,-0.451554666,0.004643228,-0.219309189,6
-0.86888089,-0.458223689,0.098080362,-1.118620343,0.240876416,-0.678005789,-0.666051121,-0.854302066,1.19189447,-0.518236915,0.437605801,3
2.350010131,0.240763174,0.098080362,-0.356435887,-0.637974888,-0.202511152,0.19555892,0.140583457,-0.254340769,-0.343943534,0.848177669,7
-1.107317262,-1.356921084,-1.381328702,-0.161003975,-0.452953561,0.094672996,-0.293462995,-0.143192615,-0.911720423,0.701816751,-0.547766684,6
-0.153571774,-0.358368423,-0.395055993,0.601180481,-0.17542157,1.223972758,0.405139741,0.567916836,-0.517292631,0.178936609,-0.301423563,6
-0.27278996,-0.657934221,1.166542463,1.636969613,0.194621084,-0.261947982,1.290036541,1.756437796,-1.569100078,2.27045718,-1.368910422,6
2.350010131,0.240763174,0.098080362,-0.356435887,-0.637974888,-0.202511152,0.19555892,0.140583457,-0.254340769,-0.343943534,0.848177669,7
-0.988099076,0.240763174,-0.312866601,-0.845015666,-0.68423022,0.867351781,0.544860288,-1.555395891,1.3233704,-0.518236915,1.833550154,7
0.323300969,0.939750037,0.509027324,1.011587496,-0.637974888,-0.083637493,1.73248494,0.714812685,-0.583030596,0.178936609,-0.547766684,6
-0.27278996,3.635842223,-0.312866601,-1.020904387,-0.730485552,-1.034626767,-1.481087647,-1.655552152,-0.188602804,0.963256823,1.997778902,4
0.323300969,0.939750037,0.509027324,1.011587496,-0.637974888,-0.083637493,1.73248494,0.714812685,-0.583030596,0.178936609,-0.547766684,6
-0.988099076,0.240763174,-0.312866601,-0.845015666,-0.68423022,0.867351781,0.544860288,-1.555395891,1.3233704,-0.518236915,1.833550154,7
0.800173713,0.041052642,1.248731856,2.682530342,0.657174402,-0.321384812,0.125698647,2.60442747,-1.174672285,-0.431090225,-1.615253543,5
-0.749662704,0.140907908,-0.477245386,-0.336892696,0.610919071,-0.440258471,-1.364653858,-1.268281277,0.337300919,0.614670061,1.833550154,8
-0.86888089,0.041052642,-0.477245386,-0.41506546,-0.915506879,-0.796879449,-0.805771669,-1.722322992,-1.371886181,1.311843585,2.162007649,8
0.204082783,-0.957500019,0.426837931,1.57834004,0.240876416,0.748478121,0.381852983,1.773130506,1.060418539,2.531897251,-1.122567301,5
-0.630444518,0.440473707,-0.559434778,-0.297806313,-0.545464225,-1.034626767,-0.409896785,-0.854302066,1.126156504,1.921870418,1.669321407,6
0.204082783,-1.057355286,0.509027324,1.588111635,0.055855089,0.689041292,0.381852983,1.766453422,0.994680573,2.531897251,-1.122567301,6
0.204082783,-1.057355286,0.509027324,1.588111635,0.055855089,0.689041292,0.381852983,1.766453422,0.994680573,2.531897251,-1.122567301,6
-1.345753634,-0.358368423,-0.64162417,0.708668032,-0.314187566,1.640030566,0.521573531,-0.136515531,0.928942608,0.091789918,0.601834548,6
-0.630444518,0.440473707,-0.559434778,-0.297806313,-0.545464225,-1.034626767,-0.409896785,-0.854302066,1.126156504,1.921870418,1.669321407,6
0.204082783,-0.957500019,0.426837931,1.57834004,0.240876416,0.748478121,0.381852983,1.773130506,1.060418539,2.531897251,-1.122567301,5
0.204082783,-1.057355286,0.509027324,1.588111635,0.055855089,0.689041292,0.381852983,1.766453422,0.994680573,2.531897251,-1.122567301,6
0.204082783,-0.957500019,0.426837931,1.724913974,0.055855089,0.570167633,0.428426499,1.769791964,0.994680573,2.444750561,-1.122567301,6
1.038610085,0.140907908,-0.395055993,-0.639812159,-0.082910907,0.332420314,-0.526330574,-0.87767186,0.337300919,-1.215410439,0.848177669,5
-0.86888089,-0.208585523,-0.559434778,-1.001361196,-0.406698229,-0.321384812,-1.248220068,-1.942666766,-0.911720423,0.876110132,1.997778902,7
1.515482829,0.640184239,-0.395055993,-0.23917674,1.397259711,-0.975189937,-1.108499521,-0.927749991,-1.569100078,-0.866823677,1.669321407,6
-0.511226332,-0.358368423,-0.477245386,-1.040447578,-0.545464225,-0.55913213,-1.318080342,-1.628843816,0.403038885,-1.38970382,1.505092659,6
-0.034353588,-0.358368423,-0.888192348,0.132143893,-0.221676902,-0.915753108,-0.992065732,-0.567187452,-0.583030596,3.141924084,0.766063296,6
-0.27278996,1.239315836,-0.97038174,0.464378143,0.287131748,-0.678005789,-0.619477606,0.534531416,0.205824988,-0.343943534,-0.876224179,5
-0.27278996,0.240763174,0.837784893,2.360067687,0.518408407,1.758904225,1.965352519,1.803177384,-0.517292631,0.353229989,-1.122567301,5
-0.27278996,1.239315836,-0.97038174,0.464378143,0.287131748,-0.678005789,-0.619477606,0.534531416,0.205824988,-0.343943534,-0.876224179,5
-0.153571774,-1.057355286,-0.148487816,-0.981818005,-0.267932234,-0.024200664,-0.782484911,-1.301666697,-0.188602804,1.486136965,1.258749538,5
0.204082783,-0.258513156,-0.477245386,-1.020904387,-0.267932234,-0.261947982,-0.666051121,-0.807562478,-0.057126873,0.353229989,0.519720174,5
-1.226535448,-0.058802624,-0.559434778,-0.278263122,-0.499208893,-1.272374085,-0.992065732,-1.194833353,-0.583030596,-1.38970382,1.094520791,7
-1.107317262,-1.157210552,-0.97038174,-0.942731622,-0.17542157,0.035236166,-0.782484911,-1.221541689,0.337300919,-1.47685051,0.766063296,6
-0.27278996,0.240763174,0.837784893,2.408925665,0.518408407,1.758904225,1.965352519,1.803177384,-0.517292631,0.353229989,-1.122567301,5
-0.392008146,-1.257065818,-0.148487816,-0.08283121,-0.591719556,1.402283247,-0.270176237,-0.747468721,0.008611092,1.921870418,1.340863912,8
0.442519155,0.640184239,-0.312866601,0.58163729,0.518408407,-0.083637493,0.894161657,0.461083491,-0.254340769,-0.431090225,-0.055080442,6
-1.107317262,-1.057355286,-0.395055993,0.640266863,-0.082910907,-0.143074323,-0.968778974,0.400989735,-0.451554666,-1.128263748,-1.040452927,6
-0.27278996,1.938302699,-0.395055993,-0.3271211,-0.545464225,-0.380821641,-0.13045569,-1.201510437,0.665990746,-0.256796844,2.079893275,7
-0.392008146,-1.257065818,-0.148487816,-0.08283121,-0.591719556,1.402283247,-0.270176237,-0.747468721,0.008611092,1.921870418,1.340863912,8
-0.392008146,-0.657934221,-0.395055993,-0.209861953,-0.776740884,0.451293973,-0.782484911,-1.014552083,-1.700576008,-0.518236915,0.848177669,7
-0.392008146,-0.657934221,-0.395055993,-0.209861953,-0.776740884,0.451293973,-0.782484911,-1.014552083,-1.700576008,-0.518236915,0.848177669,7
1.277046457,-0.358368423,1.166542463,0.073514319,0.055855089,-1.331810915,-0.13045569,0.668073097,0.271562954,1.834723727,-0.383537937,5
-1.584190006,0.640184239,-0.312866601,0.09305751,-0.360442897,-0.737442619,-1.178359795,-0.500416612,0.403038885,0.004643228,0.519720174,6
-1.345753634,2.637289562,-2.778548374,-0.981818005,-0.591719556,0.272983485,-0.759198153,-1.662229236,0.46877685,-1.215410439,1.587207033,5
0.442519155,-0.458223689,-0.806002955,-1.07953396,-0.68423022,-0.380821641,-1.248220068,-1.6355209,-1.897789905,-0.953970368,1.422978285,6
-1.107317262,1.13946057,-1.710086272,-1.020904387,-0.17542157,1.461720077,0.754441109,-1.007874999,-0.845982458,0.266083299,0.109148306,5
-0.988099076,-1.706414515,-0.230677208,-1.001361196,-0.406698229,1.164535929,0.125698647,-0.987843747,1.454846331,-0.692530296,0.519720174,7
-1.345753634,0.440473707,-1.134760525,-0.74729971,-0.869251547,-1.094063597,-0.386610027,-1.602135479,1.126156504,2.531897251,2.818922639,7
0.800173713,-0.558078955,-0.477245386,1.08976026,0.472153075,1.937214714,0.079125131,1.38252109,-1.306148216,-1.651143891,-1.040452927,6
-0.153571774,-0.857644753,0.509027324,0.66958165,0.425897743,0.332420314,-0.852345184,0.387635567,-1.371886181,0.614670061,0.027033932,6
-0.27278996,-0.358368423,-0.312866601,-0.503009821,-0.17542157,4.13637741,0.917448415,-0.757484347,-0.977458389,0.876110132,0.683948922,8
-0.153571774,-1.057355286,0.015890969,-0.864558858,-0.267932234,0.154109825,-0.666051121,-1.38846879,0.337300919,-0.343943534,1.997778902,6
-0.86888089,0.240763174,-0.230677208,-0.942731622,-0.499208893,0.272983485,-0.782484911,-1.675583404,0.46877685,-0.866823677,1.997778902,7
-0.034353588,0.140907908,0.591216716,0.268946231,0.009599757,0.98622544,0.731154351,0.404328277,-0.451554666,0.178936609,-0.711995432,5
-0.153571774,-0.857644753,0.015890969,-0.884102049,-0.267932234,0.332420314,-0.735911395,-1.38846879,0.403038885,-0.343943534,1.997778902,6
-0.153571774,-1.057355286,0.015890969,-0.864558858,-0.267932234,0.154109825,-0.666051121,-1.38846879,0.337300919,-0.343943534,1.997778902,6
-0.392008146,-0.358368423,-0.559434778,0.75752601,0.055855089,1.105099099,1.84891873,1.088729391,-0.977458389,-0.343943534,-1.368910422,5
-0.392008146,-1.157210552,0.180269754,-1.040447578,-0.68423022,-0.4996953,-1.085212763,-1.775739665,0.271562954,-1.302557129,2.244122023,8
0.800173713,-0.558078955,-0.477245386,1.08976026,0.472153075,1.937214714,0.079125131,1.38252109,-1.306148216,-1.651143891,-1.040452927,6
-0.27278996,-0.358368423,-0.312866601,-0.503009821,-0.17542157,4.13637741,0.917448415,-0.757484347,-0.977458389,0.876110132,0.683948922,8
-0.153571774,-0.857644753,0.509027324,0.66958165,0.425897743,0.332420314,-0.852345184,0.387635567,-1.371886181,0.614670061,0.027033932,6
-0.27278996,-1.157210552,0.180269754,-0.864558858,-0.036655575,-0.678005789,-0.200315964,-0.440322855,0.731728712,0.876110132,0.027033932,6
-0.511226332,0.240763174,-0.559434778,-0.473695034,-0.360442897,0.094672996,-0.992065732,-1.301666697,0.074349058,0.963256823,1.75143578,8
-0.511226332,-0.558078955,-1.216949918,-1.040447578,0.84219573,0.035236166,1.196889509,-0.396921809,-0.911720423,0.091789918,-0.794109806,6
-0.86888089,0.839894771,0.919974286,0.777069202,0.657174402,-0.796879449,1.033882204,0.985234589,0.797466677,0.614670061,-0.547766684,6
-0.86888089,0.939750037,-0.806002955,-0.063288019,-0.637974888,-0.975189937,-1.248220068,-1.608812563,-0.977458389,-1.999730653,2.40835077,8
0.800173713,0.34061844,-0.806002955,-0.90364524,-0.406698229,0.213546655,0.242132436,-0.954458327,-0.911720423,-0.431090225,1.094520791,7
-0.86888089,0.839894771,0.919974286,0.777069202,0.657174402,-0.796879449,1.033882204,0.985234589,0.797466677,0.614670061,-0.547766684,6
-1.226535448,0.440473707,-0.477245386,-0.336892696,-0.314187566,-0.083637493,-1.061926005,-1.508656303,0.205824988,0.701816751,2.162007649,7
-0.511226332,0.240763174,-0.559434778,-0.473695034,-0.360442897,0.094672996,-0.992065732,-1.301666697,0.074349058,0.963256823,1.75143578,8
-1.345753634,-0.558078955,-0.312866601,-1.040447578,0.055855089,0.035236166,-0.200315964,-0.720760385,0.46877685,-0.343943534,-0.055080442,5
-1.822626378,1.738592166,-0.559434778,-0.004658446,-0.591719556,-0.915753108,-0.875631942,-1.575427143,0.205824988,-1.912583963,2.40835077,8
-0.988099076,0.839894771,-0.64162417,0.3373474,-0.499208893,-1.272374085,-1.201646553,-1.284973987,-0.845982458,-1.912583963,2.079893275,7
-0.86888089,0.939750037,-0.806002955,-0.063288019,-0.637974888,-0.975189937,-1.248220068,-1.608812563,-0.977458389,-1.999730653,2.40835077,8
0.680955527,-0.657934221,-0.148487816,-0.317349505,0.472153075,0.213546655,-0.619477606,-0.076421775,-0.517292631,0.266083299,-0.219309189,7
-0.034353588,0.041052642,-0.066298423,-1.020904387,-0.314187566,-1.153500426,-0.968778974,-1.254927109,-0.780244493,-0.866823677,1.012406417,6
-0.511226332,-0.558078955,-1.216949918,-1.040447578,0.84219573,0.035236166,1.196889509,-0.396921809,-0.911720423,0.091789918,-0.794109806,6
1.038610085,-0.757789487,-1.134760525,-0.981818005,-0.452953561,-0.61856896,-1.318080342,-1.094677092,-1.043196354,-0.256796844,1.012406417,6
-0.27278996,0.041052642,-0.230677208,0.190773466,-0.221676902,-1.688431893,-1.364653858,-0.540479116,-0.977458389,-0.169650153,0.766063296,8
0.800173713,0.34061844,-0.806002955,-0.90364524,-0.406698229,0.213546655,0.242132436,-0.954458327,-0.911720423,-0.431090225,1.094520791,7
1.277046457,-0.757789487,0.837784893,-1.059990769,0.518408407,-0.678005789,-0.666051121,-0.86097915,-0.648768562,-1.47685051,0.601834548,6
-1.107317262,0.041052642,-0.559434778,1.773771952,-0.452953561,-0.261947982,-0.13045569,-0.026343644,0.008611092,-0.431090225,2.079893275,7
-1.107317262,0.041052642,-0.559434778,1.773771952,-0.452953561,-0.261947982,-0.13045569,-0.026343644,0.008611092,-0.431090225,2.079893275,7
-0.27278996,-0.358368423,0.180269754,0.386205378,-0.17542157,0.391857144,-0.386610027,0.190661587,0.994680573,0.266083299,0.355491427,6
-0.749662704,-0.558078955,-0.477245386,-0.786386093,-0.17542157,0.154109825,-0.875631942,-1.395145874,-0.320078735,-1.041117058,0.930292043,7
-1.107317262,-0.358368423,-0.477245386,-0.48346663,-0.360442897,1.521156906,-0.13045569,-0.901041654,0.731728712,0.44037668,0.683948922,7
0.919391899,1.538881634,5.44039087,2.643443959,-0.637974888,0.391857144,0.568147046,1.088729391,0.665990746,0.091789918,1.258749538,6
-0.630444518,0.240763174,0.180269754,-0.864558858,0.287131748,-1.034626767,0.032551615,-0.477046818,1.257632435,0.353229989,0.027033932,6
-0.988099076,0.540328973,-0.312866601,-0.669126946,-0.452953561,-0.321384812,-0.363323269,-1.648875068,0.797466677,-0.779676987,2.162007649,7
-1.107317262,0.041052642,-0.559434778,1.773771952,-0.452953561,-0.261947982,-0.13045569,-0.026343644,0.008611092,-0.431090225,2.079893275,7
-0.27278996,-0.358368423,0.180269754,0.386205378,-0.17542157,0.391857144,-0.386610027,0.190661587,0.994680573,0.266083299,0.355491427,6
-0.27278996,0.140907908,0.919974286,1.539253658,0.379642412,-0.321384812,0.96402193,1.512724228,-0.320078735,0.701816751,-1.122567301,5
-0.034353588,0.540328973,-0.230677208,-0.434608652,-0.267932234,-0.856316278,-1.085212763,-1.522010471,-0.057126873,-0.082503463,2.40835077,7
-0.511226332,-1.157210552,0.015890969,-0.981818005,-0.776740884,-0.380821641,-0.153742448,-1.027906251,0.928942608,1.311843585,0.848177669,7
-1.107317262,-0.757789487,-0.148487816,-0.669126946,-0.68423022,-0.55913213,-0.503043816,-0.941104159,1.257632435,1.660430346,0.601834548,7
0.680955527,0.540328973,-0.477245386,-0.297806313,-0.17542157,-0.856316278,0.358566225,-0.103130111,1.126156504,0.701816751,0.355491427,6
0.204082783,0.839894771,-0.477245386,-0.786386093,-0.452953561,-0.024200664,-0.57290409,-1.602135479,0.008611092,-0.431090225,2.490465144,7
-0.27278996,0.140907908,0.919974286,1.539253658,0.379642412,-0.321384812,0.96402193,1.512724228,-0.320078735,0.701816751,-1.122567301,5
-0.630444518,-0.15865789,-0.723813563,0.835698775,0.009599757,1.818341055,0.917448415,0.634687676,-0.122864839,0.52752337,-0.465652311,6
0.084864597,-0.558078955,-0.806002955,0.894328349,-0.221676902,2.353272521,0.63800732,0.307510558,-1.371886181,0.614670061,0.027033932,6
-0.511226332,-0.857644753,-0.477245386,-0.981818005,0.009599757,-0.796879449,-1.155073037,-1.261604193,-0.057126873,0.178936609,1.012406417,7
-0.749662704,-0.657934221,-0.230677208,-1.020904387,-0.129166238,-0.321384812,-0.526330574,-0.86097915,1.980750054,1.660430346,0.437605801,6
1.157828271,0.740039505,-0.477245386,1.265648981,-0.637974888,-1.331810915,-1.7838155,-0.320135342,-1.306148216,-0.518236915,2.079893275,6
0.919391899,1.039605303,-0.888192348,0.855241966,-0.730485552,-0.440258471,-1.038639248,-0.840947898,-1.700576008,-0.692530296,2.572579518,6
-0.153571774,-0.857644753,-0.066298423,-1.001361196,-0.68423022,-0.796879449,-1.224933311,-1.431869836,-0.714506527,1.137550204,1.505092659,7
0.323300969,0.540328973,0.015890969,-0.864558858,-0.082910907,1.521156906,0.731154351,-1.565411517,0.403038885,0.353229989,2.326236397,7
-0.392008146,0.140907908,-0.395055993,-0.90364524,-0.452953561,0.154109825,-0.875631942,-1.992744896,-0.714506527,-0.605383606,2.654693892,7
0.680955527,-0.757789487,0.591216716,-1.020904387,0.194621084,-0.55913213,-0.200315964,-0.944442701,0.008611092,0.266083299,0.519720174,5
-0.034353588,0.540328973,2.317193957,0.210316657,-0.360442897,0.629604462,-0.177029206,-0.911057281,0.271562954,-0.518236915,2.40835077,7
-1.107317262,-0.458223689,-1.545707487,0.640266863,0.102110421,3.898630091,1.569477635,0.517838705,-0.911720423,-1.651143891,-1.122567301,5
-1.226535448,-0.458223689,-0.806002955,-0.512781416,-0.360442897,1.521156906,0.288705952,-0.924411449,0.797466677,0.091789918,0.683948922,7
-0.392008146,0.440473707,0.591216716,0.151687084,0.102110421,1.164535929,0.894161657,0.404328277,0.074349058,-0.256796844,-0.876224179,5
-1.107317262,-0.458223689,-1.545707487,0.640266863,0.102110421,3.898630091,1.569477635,0.517838705,-0.911720423,-1.651143891,-1.122567301,5
-1.941844564,0.839894771,-0.559434778,-0.024201637,-0.822996215,0.272983485,-0.177029206,-0.767499974,1.19189447,-0.779676987,0.930292043,6
-1.941844564,0.839894771,-0.559434778,-0.024201637,-0.822996215,0.272983485,-0.177029206,-0.767499974,1.19189447,-0.779676987,0.930292043,6
2.350010131,-0.058802624,-0.477245386,-1.099077152,-1.008017543,-0.380821641,-0.270176237,-1.441885462,-1.174672285,-1.215410439,1.587207033,6
0.800173713,-0.458223689,-0.395055993,0.42529176,0.33338708,1.758904225,0.148985404,0.714812685,-0.517292631,-1.47685051,-0.547766684,6
-0.034353588,4.734250151,-1.710086272,-0.024201637,-0.452953561,-0.975189937,-2.086543352,-0.346843679,-0.648768562,-2.086877344,0.519720174,4
0.204082783,0.740039505,-0.559434778,-0.649583755,-0.545464225,-0.440258471,-0.13045569,-1.488625051,0.46877685,-0.953970368,2.162007649,7
0.323300969,0.34061844,0.098080362,0.151687084,0.009599757,0.570167633,0.894161657,0.447729323,-0.320078735,0.353229989,-0.629881058,5
-0.630444518,0.041052642,0.837784893,0.132143893,0.102110421,0.807914951,0.917448415,0.374281398,-0.254340769,-0.082503463,-1.040452927,5
0.323300969,-0.458223689,1.002163678,-0.004658446,-0.452953561,-1.094063597,-1.271506826,-0.457015565,-0.583030596,2.531897251,1.012406417,6
-0.392008146,-0.558078955,-0.312866601,1.617426422,-0.036655575,0.867351781,-0.083882174,0.961864795,-0.320078735,-1.041117058,0.109148306,6
0.323300969,0.34061844,0.098080362,0.151687084,0.009599757,0.570167633,0.894161657,0.447729323,-0.320078735,0.353229989,-0.629881058,5
-0.630444518,0.041052642,0.837784893,0.132143893,0.102110421,0.807914951,0.917448415,0.374281398,-0.254340769,-0.082503463,-1.040452927,5
0.323300969,-0.358368423,-0.477245386,-0.884102049,-0.637974888,-0.321384812,-1.108499521,-0.921072907,-0.583030596,-0.866823677,0.355491427,6
-0.86888089,-0.058802624,1.084353071,-1.020904387,4.635132937,-0.440258471,-0.805771669,-0.640635377,0.271562954,0.178936609,-0.301423563,5
-0.511226332,0.041052642,-0.723813563,-0.317349505,-0.776740884,1.105099099,-0.270176237,-1.14141668,-0.122864839,-0.431090225,1.422978285,7
0.323300969,-0.058802624,-0.230677208,-1.020904387,-0.68423022,-0.4996953,-1.387940616,-1.749031328,-1.043196354,-1.38970382,1.833550154,6
1.038610085,0.041052642,-0.723813563,-0.590954181,-1.008017543,-0.4996953,-0.945492216,-1.525349013,-1.371886181,-1.041117058,2.079893275,6
1.396264643,-0.15865789,-0.559434778,-0.41506546,-0.730485552,0.451293973,-0.386610027,-0.680697881,-0.188602804,-1.38970382,0.601834548,6
-0.392008146,-0.458223689,0.262459146,0.405748569,-0.452953561,0.629604462,0.31199271,0.534531416,0.074349058,-0.082503463,-0.876224179,6
-1.107317262,0.540328973,-1.134760525,-0.90364524,-0.68423022,0.807914951,0.451713257,-0.754145805,1.454846331,0.353229989,0.437605801,6
-1.107317262,0.540328973,-1.134760525,-0.90364524,-0.68423022,0.807914951,0.451713257,-0.754145805,1.454846331,0.353229989,0.437605801,6
0.442519155,-0.757789487,-0.395055993,2.555499599,-0.314187566,1.996651543,2.268080372,2.073599288,-0.583030596,-0.082503463,-1.040452927,6
-0.392008146,-0.458223689,0.262459146,0.405748569,-0.452953561,0.629604462,0.31199271,0.534531416,0.074349058,-0.082503463,-0.876224179,6
0.442519155,-0.757789487,-0.395055993,2.633672364,-0.314187566,1.996651543,2.268080372,2.073599288,-0.583030596,-0.082503463,-1.040452927,6
-0.86888089,1.938302699,-1.216949918,0.366662187,-0.776740884,-0.678005789,0.055838373,-0.720760385,0.205824988,-0.343943534,1.505092659,6
-1.107317262,0.540328973,-1.134760525,-0.90364524,-0.68423022,0.807914951,0.451713257,-0.754145805,1.454846331,0.353229989,0.437605801,6
0.323300969,-1.356921084,-0.148487816,-1.040447578,-1.100528206,0.748478121,-0.549617332,-0.660666629,-0.977458389,1.573283656,-0.383537937,6
-1.46497182,-0.558078955,-0.97038174,1.99851865,-0.082910907,0.213546655,-0.689337879,1.46598464,0.337300919,-0.082503463,-1.204681674,6
-1.46497182,-0.558078955,-0.97038174,1.99851865,-0.082910907,0.213546655,-0.689337879,1.46598464,0.337300919,-0.082503463,-1.204681674,6
-1.46497182,-0.558078955,-0.97038174,1.99851865,-0.082910907,0.213546655,-0.689337879,1.46598464,0.337300919,-0.082503463,-1.204681674,6
1.396264643,-0.757789487,-0.477245386,-1.07953396,-1.054272874,0.807914951,-1.224933311,-1.181479184,-1.766313974,-1.128263748,0.519720174,6
-1.345753634,-1.356921084,-1.545707487,-0.063288019,-0.17542157,-0.4996953,-0.386610027,-0.179916577,-0.845982458,0.963256823,-0.465652311,6
-2.537935494,-0.657934221,-1.052571133,0.737982819,-0.406698229,-1.094063597,-0.642764364,-0.306781174,3.098295466,-0.082503463,1.422978285,7
1.396264643,-0.757789487,-0.477245386,-1.07953396,-1.054272874,0.807914951,-1.224933311,-1.181479184,-1.766313974,-1.128263748,0.519720174,6
-1.46497182,-0.558078955,-0.97038174,1.99851865,-0.082910907,0.213546655,-0.689337879,1.46598464,0.337300919,-0.082503463,-1.204681674,6
0.680955527,0.640184239,-0.806002955,-0.503009821,-0.68423022,-1.807305552,-2.459131478,-1.061291672,-1.174672285,-1.128263748,1.094520791,4
-0.392008146,3.635842223,-0.477245386,-0.395522269,-0.637974888,-0.975189937,-1.434514132,-1.268281277,-0.517292631,1.137550204,1.997778902,6
0.084864597,2.038157965,-1.792275665,-0.375979078,0.194621084,-0.737442619,-1.248220068,-0.059729065,-2.160741766,-1.215410439,-1.204681674,5
0.800173713,0.939750037,0.015890969,-0.630040563,-0.822996215,0.391857144,0.521573531,-1.288312529,-1.174672285,-1.38970382,1.587207033,6
0.084864597,2.038157965,-1.792275665,-0.375979078,0.194621084,-0.737442619,-1.248220068,-0.059729065,-2.160741766,-1.215410439,-1.204681674,5
-0.392008146,3.635842223,-0.477245386,-0.395522269,-0.637974888,-0.975189937,-1.434514132,-1.268281277,-0.517292631,1.137550204,1.997778902,6
1.277046457,-0.258513156,-0.559434778,0.640266863,-0.452953561,-1.212937256,-1.271506826,-0.033020728,-1.306148216,-1.128263748,0.601834548,6
0.800173713,1.039605303,-0.477245386,-0.434608652,-0.776740884,-1.688431893,-0.642764364,-1.188156269,-1.24041025,-0.692530296,1.75143578,6
-0.034353588,-0.15865789,-0.559434778,-0.434608652,-0.68423022,-0.915753108,-1.387940616,-1.09133855,-0.451554666,-0.866823677,0.848177669,6
1.038610085,-1.257065818,0.015890969,-1.040447578,-0.499208893,-0.261947982,-1.085212763,-1.067968756,-0.780244493,2.009017108,0.683948922,7
1.277046457,-0.258513156,-0.559434778,0.640266863,-0.452953561,-1.212937256,-1.271506826,-0.033020728,-1.306148216,-1.128263748,0.601834548,6
-0.034353588,-0.15865789,-0.559434778,-0.434608652,-0.68423022,-0.915753108,-1.387940616,-1.09133855,-0.451554666,-0.866823677,0.848177669,6
-1.226535448,3.785625122,-2.778548374,-0.161003975,-0.591719556,-1.628995063,-2.528991752,-0.186593661,0.863204643,0.178936609,0.027033932,4
0.800173713,1.039605303,-0.477245386,-0.434608652,-0.776740884,-1.688431893,-0.642764364,-1.188156269,-1.24041025,-0.692530296,1.75143578,6
1.038610085,0.34061844,0.509027324,-0.942731622,-0.869251547,-0.915753108,-1.224933311,-1.021229167,-0.254340769,-0.082503463,1.176635164,6
1.396264643,-1.057355286,-1.052571133,-0.942731622,-0.452953561,-0.678005789,-0.479757058,-0.066406149,-0.057126873,0.266083299,-0.301423563,6
-0.153571774,-0.957500019,-0.477245386,-1.040447578,-0.869251547,-0.202511152,-0.642764364,-1.09133855,-0.254340769,-0.343943534,0.437605801,7
0.561737341,0.041052642,0.180269754,1.597883231,0.102110421,-0.024200664,0.498286773,0.881739786,-0.320078735,0.614670061,0.109148306,5
0.442519155,-0.458223689,-0.559434778,-0.74729971,-0.499208893,0.213546655,-0.4564703,-0.927749991,-0.977458389,0.876110132,0.683948922,7
-0.27278996,-0.558078955,-0.97038174,-1.020904387,-0.360442897,-1.807305552,-0.363323269,-1.061291672,-0.583030596,-1.041117058,0.601834548,4
0.561737341,-0.258513156,-0.477245386,0.161458679,-0.822996215,-1.272374085,-1.434514132,-0.593895788,-1.634838043,-1.041117058,0.848177669,7
0.680955527,0.240763174,-1.052571133,0.024656341,-0.915506879,-0.143074323,0.079125131,-0.573864536,-1.766313974,-1.215410439,0.519720174,5
0.323300969,-0.15865789,-0.806002955,0.112600701,-1.054272874,-0.975189937,-0.223602722,-0.800885394,-0.320078735,0.004643228,1.915664528,7
-0.749662704,0.440473707,-0.148487816,-0.962274813,-0.406698229,-1.391247745,-1.481087647,-1.411838584,0.731728712,-0.256796844,1.505092659,6
0.919391899,-0.358368423,-0.312866601,-0.981818005,-0.221676902,-1.212937256,-0.875631942,-0.420291603,0.46877685,0.353229989,-0.055080442,6
0.561737341,-0.258513156,-0.477245386,0.161458679,-0.822996215,-1.272374085,-1.434514132,-0.593895788,-1.634838043,-1.041117058,0.848177669,7
0.084864597,-0.358368423,0.098080362,-1.059990769,-0.637974888,0.391857144,-0.829058427,-1.428531294,-0.188602804,-1.041117058,1.012406417,7
-1.345753634,0.041052642,-0.477245386,-0.434608652,-0.082910907,0.98622544,0.428426499,-0.720760385,1.060418539,-0.431090225,0.191262679,7
-0.153571774,-0.857644753,3.056898489,2.164635775,-0.17542157,-0.856316278,-0.596190848,1.228948156,-2.226479732,0.091789918,-0.794109806,6
-0.153571774,-0.857644753,3.056898489,2.164635775,-0.17542157,-0.856316278,-0.596190848,1.228948156,-2.226479732,0.091789918,-0.794109806,6
-0.153571774,-0.857644753,3.056898489,2.164635775,-0.17542157,-0.856316278,-0.596190848,1.228948156,-2.226479732,0.091789918,-0.794109806,6
-0.392008146,-0.857644753,0.098080362,-0.962274813,-0.406698229,0.094672996,-0.759198153,-1.368437538,-0.057126873,1.660430346,1.258749538,7
-0.630444518,0.041052642,0.180269754,-1.001361196,0.33338708,-0.440258471,1.08045572,-0.684036423,0.797466677,-0.343943534,0.273377053,5
-1.584190006,0.041052642,-0.559434778,-0.493238225,-0.129166238,0.98622544,0.428426499,-0.714083301,1.060418539,-0.431090225,0.191262679,7
-1.584190006,0.041052642,-0.477245386,-0.434608652,-0.082910907,0.98622544,0.428426499,-0.720760385,1.060418539,-0.431090225,0.191262679,7
-0.153571774,-0.857644753,-0.148487816,0.229859849,0.148365752,0.094672996,-0.759198153,-0.280072838,-0.451554666,-0.431090225,0.191262679,7
0.323300969,-1.157210552,-0.395055993,-1.059990769,-0.68423022,0.272983485,-0.386610027,-1.528687555,-0.451554666,-0.779676987,1.340863912,7
-0.392008146,-1.057355286,-0.477245386,-1.040447578,-0.545464225,1.164535929,-0.735911395,-1.592119853,-1.24041025,0.266083299,1.176635164,7
-0.392008146,-0.857644753,-0.477245386,1.050673878,-0.17542157,1.105099099,-0.060595417,0.254093886,-0.057126873,-1.041117058,0.273377053,6
-1.345753634,-0.757789487,-0.806002955,-0.981818005,-0.591719556,1.758904225,0.684580836,-1.244911483,2.638129709,0.614670061,1.505092659,7
-0.392008146,1.13946057,0.344648539,0.640266863,0.33338708,0.807914951,2.011926035,1.238963783,0.731728712,0.701816751,-0.876224179,6
-0.153571774,-1.556631616,-0.312866601,1.265648981,0.148365752,-0.202511152,-1.201646553,0.794937693,0.074349058,-1.215410439,-0.465652311,6
-0.392008146,0.190835541,-0.806002955,-0.942731622,-0.314187566,-0.380821641,0.009264857,-0.373552015,1.060418539,1.050403513,-0.055080442,7
-0.392008146,-0.15865789,-0.806002955,0.151687084,-0.360442897,-0.440258471,-0.060595417,0.347573062,1.060418539,0.963256823,-0.055080442,6
0.084864597,0.440473707,-0.559434778,0.132143893,-0.869251547,0.094672996,-0.409896785,-0.837609356,-0.254340769,0.963256823,1.75143578,7
0.561737341,0.839894771,-0.888192348,-0.884102049,-1.331804865,-0.261947982,-1.644094952,-1.655552152,-1.700576008,-1.128263748,1.669321407,6
-0.27278996,0.740039505,1.166542463,0.464378143,0.472153075,-0.024200664,0.63800732,0.708135601,-0.977458389,-0.169650153,-0.876224179,5
-0.630444518,1.039605303,-0.806002955,0.151687084,0.055855089,0.332420314,0.265419194,0.628010592,-0.517292631,0.963256823,-1.040452927,5
-0.153571774,-1.356921084,-1.29913931,-0.981818005,0.055855089,-0.321384812,-1.155073037,-0.840947898,0.534514816,0.44037668,0.601834548,6
0.084864597,-1.157210552,-0.723813563,1.539253658,-0.082910907,-0.4996953,0.218845678,1.282364829,-1.832051939,-0.256796844,-1.040452927,6
0.084864597,-1.157210552,-0.723813563,1.539253658,-0.082910907,-0.4996953,0.218845678,1.282364829,-1.832051939,-0.256796844,-1.040452927,6
-0.27278996,0.740039505,1.166542463,0.464378143,0.472153075,-0.024200664,0.63800732,0.708135601,-0.977458389,-0.169650153,-0.876224179,5
-0.153571774,-1.356921084,-1.29913931,-0.981818005,0.055855089,-0.321384812,-1.155073037,-0.840947898,0.534514816,0.44037668,0.601834548,6
-0.153571774,-1.157210552,-1.29913931,-0.90364524,0.009599757,-0.261947982,-0.596190848,-0.633958293,0.534514816,0.52752337,0.273377053,6
0.084864597,-1.157210552,-0.723813563,1.539253658,-0.082910907,-0.4996953,0.218845678,1.282364829,-1.832051939,-0.256796844,-1.040452927,6
-0.630444518,1.039605303,-0.806002955,0.151687084,0.055855089,0.332420314,0.265419194,0.628010592,-0.517292631,0.963256823,-1.040452927,5
0.323300969,-0.358368423,-0.312866601,-1.020904387,-0.406698229,-1.450684574,-1.038639248,-1.675583404,-1.503362112,-1.128263748,1.669321407,6
0.919391899,0.440473707,2.235004565,1.050673878,-0.221676902,1.818341055,1.127029235,1.262333577,-1.24041025,0.44037668,-0.958338553,5
0.084864597,0.140907908,-0.066298423,-1.07953396,-0.221676902,-0.915753108,-0.526330574,-1.228218773,0.140087023,0.091789918,0.766063296,5
0.204082783,-0.058802624,-0.806002955,1.207019407,-0.082910907,0.748478121,-0.503043816,1.035312719,-0.977458389,0.614670061,-0.383537937,7
-0.153571774,1.738592166,-0.477245386,3.835578621,-0.68423022,-0.4996953,-0.409896785,2.93494313,-0.845982458,-0.605383606,0.109148306,6
-0.749662704,-0.757789487,-0.64162417,-0.336892696,-0.267932234,4.314687898,0.661294078,-0.460354107,-0.780244493,2.27045718,0.191262679,7
0.204082783,-0.058802624,-0.806002955,1.207019407,-0.082910907,0.748478121,-0.503043816,1.035312719,-0.977458389,0.614670061,-0.383537937,7
0.323300969,-0.358368423,-0.312866601,-1.020904387,-0.406698229,-1.450684574,-1.038639248,-1.675583404,-1.503362112,-1.128263748,1.669321407,6
-0.153571774,1.738592166,-0.477245386,3.835578621,-0.68423022,-0.4996953,-0.409896785,2.93494313,-0.845982458,-0.605383606,0.109148306,6
-0.392008146,0.839894771,-0.477245386,-0.063288019,-0.776740884,-1.391247745,-1.085212763,-1.208187521,0.008611092,-1.912583963,1.915664528,7
0.919391899,0.440473707,2.235004565,1.050673878,-0.221676902,1.818341055,1.127029235,1.262333577,-1.24041025,0.44037668,-0.958338553,5
0.084864597,0.140907908,-0.066298423,-1.07953396,-0.221676902,-0.915753108,-0.526330574,-1.228218773,0.140087023,0.091789918,0.766063296,5
-0.630444518,0.939750037,-1.134760525,-0.161003975,3.293728315,1.521156906,1.010595446,0.143921999,0.337300919,-0.518236915,-0.794109806,5
-0.630444518,1.039605303,-1.134760525,-0.219633549,3.293728315,1.283409588,0.96402193,0.143921999,0.337300919,-0.518236915,-0.794109806,6
-0.630444518,0.839894771,-1.134760525,-0.141460784,3.339983647,1.521156906,0.754441109,0.147260541,0.337300919,-0.518236915,-0.794109806,6
-0.392008146,0.240763174,-0.723813563,0.308032613,-0.452953561,-0.856316278,-0.363323269,-0.179916577,-0.845982458,-0.953970368,0.273377053,6
-0.392008146,0.240763174,-0.723813563,0.308032613,-0.452953561,-0.856316278,-0.363323269,-0.179916577,-0.845982458,-0.953970368,0.273377053,6
-0.511226332,-0.657934221,1.413110641,2.184178966,-0.036655575,-0.083637493,-0.340036511,1.836562805,0.074349058,-0.169650153,-1.368910422,6
-0.392008146,0.240763174,-0.723813563,0.308032613,-0.452953561,-0.856316278,-0.363323269,-0.179916577,-0.845982458,-0.953970368,0.273377053,6
0.800173713,0.34061844,-0.559434778,0.464378143,-1.146783538,1.283409588,0.381852983,0.087166784,-0.714506527,-0.953970368,0.437605801,7
-1.345753634,3.036710626,-2.778548374,-0.962274813,-1.19303887,-0.143074323,-1.01535249,-1.662229236,0.665990746,-0.953970368,1.587207033,6
-0.511226332,-0.15865789,0.426837931,-0.981818005,-1.19303887,-1.391247745,-1.713955226,-1.09133855,0.403038885,2.27045718,0.683948922,7
2.111573759,0.240763174,0.015890969,-0.317349505,-1.285549533,-0.737442619,-0.293462995,0.194000129,-0.451554666,0.004643228,0.601834548,7
-0.630444518,0.140907908,-0.148487816,-0.786386093,-1.470570861,-0.083637493,-1.178359795,-1.361760454,0.337300919,1.486136965,1.669321407,7
-0.27278996,-1.45677635,-0.148487816,-0.532324607,-1.331804865,-0.202511152,-0.945492216,-0.226656166,-0.451554666,-0.431090225,-0.383537937,6
-0.153571774,-0.857644753,-0.066298423,-0.297806313,0.055855089,0.391857144,-0.223602722,-0.443661397,-0.451554666,0.614670061,0.437605801,6
-1.107317262,-0.258513156,0.509027324,-0.141460784,0.287131748,1.223972758,0.288705952,-0.059729065,-0.188602804,3.403364156,0.027033932,6
-1.107317262,-0.258513156,0.509027324,-0.141460784,0.287131748,1.223972758,0.288705952,-0.059729065,-0.188602804,3.403364156,0.027033932,6
-0.153571774,-0.857644753,-0.066298423,-0.297806313,0.055855089,0.391857144,-0.223602722,-0.443661397,-0.451554666,0.614670061,0.437605801,6
-0.630444518,-0.358368423,-0.888192348,-0.864558858,0.009599757,-0.321384812,-0.153742448,-1.121385428,-0.451554666,0.44037668,0.766063296,7
-1.226535448,-0.957500019,-0.477245386,-0.258719931,-0.314187566,0.867351781,-0.014021901,-0.837609356,-0.188602804,-0.431090225,0.683948922,6
0.323300969,0.540328973,-0.97038174,-0.375979078,-0.68423022,-1.510121404,-1.550947921,-1.134739596,-1.437624147,0.266083299,1.422978285,7
-0.630444518,0.140907908,-0.806002955,-0.630040563,-0.406698229,-0.261947982,-1.038639248,-1.582104227,-1.897789905,1.486136965,1.75143578,7
0.442519155,0.34061844,-0.723813563,0.044199532,-0.637974888,-0.321384812,-0.037308659,-0.573864536,-1.897789905,-1.041117058,0.519720174,5
0.084864597,0.140907908,0.262459146,-0.942731622,-0.499208893,-0.083637493,-0.316749753,-1.194833353,0.46877685,-0.169650153,1.505092659,6
-0.034353588,-0.857644753,2.152815173,-0.473695034,-0.406698229,-1.747868722,-0.409896785,-0.537140574,-1.766313974,0.876110132,-0.055080442,4
-0.749662704,0.440473707,-1.381328702,2.213493753,0.657174402,0.92678861,1.173602751,1.669635704,-0.3858167,-0.082503463,-1.368910422,6
-0.392008146,-1.906125048,-0.066298423,-0.981818005,-0.452953561,-1.094063597,-0.712624637,-0.366874931,0.534514816,1.050403513,-0.794109806,6
-0.749662704,0.440473707,-1.381328702,2.213493753,0.657174402,0.92678861,1.173602751,1.669635704,-0.3858167,-0.082503463,-1.368910422,6
-0.153571774,-0.957500019,-0.148487816,0.151687084,0.055855089,-1.094063597,-0.712624637,0.274125138,1.520584297,-0.431090225,-0.055080442,6
-0.153571774,2.437579029,-0.64162417,-0.141460784,-0.360442897,-0.4996953,-0.223602722,-1.38846879,-0.517292631,-1.912583963,2.079893275,7
0.204082783,0.041052642,-0.477245386,0.405748569,-0.730485552,-0.61856896,1.196889509,-0.260041586,-0.188602804,-0.256796844,1.422978285,7
-1.46497182,-1.257065818,1.084353071,0.972501113,-0.499208893,0.807914951,-0.270176237,0.133906373,-1.043196354,-1.302557129,0.027033932,8
-1.345753634,-0.008874991,-0.312866601,-0.200090357,-0.129166238,0.332420314,0.218845678,-0.520447864,0.928942608,-0.605383606,0.273377053,7
-1.822626378,2.537434296,-1.463518095,-0.727756519,-0.452953561,-0.083637493,-0.270176237,-1.869218841,0.074349058,0.353229989,2.244122023,8
-1.345753634,0.440473707,-0.477245386,-0.41506546,-0.637974888,0.629604462,-0.57290409,-1.568750059,-0.188602804,0.701816751,2.079893275,8
-0.27278996,-0.558078955,0.426837931,-1.020904387,0.148365752,-0.55913213,0.288705952,-0.23333325,2.04648802,-0.169650153,-0.383537937,6
-0.988099076,3.236421159,-1.792275665,-0.90364524,0.194621084,-1.450684574,-1.481087647,-0.493739528,1.520584297,-0.082503463,-0.055080442,4
-0.511226332,-0.15865789,-0.230677208,-1.001361196,-0.545464225,1.402283247,0.125698647,-1.575427143,-0.188602804,0.44037668,1.587207033,6
-2.299499122,0.140907908,1.659678818,-0.141460784,-0.499208893,1.105099099,0.358566225,-1.468593798,0.534514816,-1.302557129,1.997778902,8
-1.822626378,2.537434296,-1.463518095,-0.727756519,-0.452953561,-0.083637493,-0.270176237,-1.869218841,0.074349058,0.353229989,2.244122023,8
-0.153571774,-0.657934221,-0.64162417,1.031130687,-0.360442897,1.521156906,0.288705952,0.357588688,-1.10893432,0.614670061,0.027033932,7
-1.345753634,0.440473707,-0.477245386,-0.41506546,-0.637974888,0.629604462,-0.57290409,-1.568750059,-0.188602804,0.701816751,2.079893275,8
-0.511226332,-0.058802624,-0.64162417,0.894328349,-0.730485552,-1.985616041,-1.3413671,-0.046374896,-0.780244493,-1.128263748,0.601834548,5
-1.226535448,0.939750037,-0.148487816,-0.942731622,-0.776740884,0.332420314,-0.875631942,-1.66890632,1.454846331,0.52752337,1.833550154,7
-0.86888089,-0.657934221,-1.29913931,1.011587496,-0.082910907,1.521156906,0.358566225,0.798276235,-0.320078735,0.266083299,-0.876224179,6
-0.153571774,0.240763174,-0.395055993,-0.043744828,-0.961762211,-0.380821641,-1.038639248,-1.151432306,-1.043196354,-1.47685051,1.997778902,7
0.442519155,1.339171102,-0.395055993,-0.90364524,-0.637974888,-0.55913213,-1.527661163,-1.759046955,-1.503362112,-1.215410439,2.079893275,8
-1.822626378,0.240763174,-0.312866601,-1.020904387,-0.776740884,-0.61856896,-1.085212763,-2.249812632,0.797466677,-0.779676987,2.572579518,7
-0.392008146,0.640184239,-1.134760525,-1.059990769,0.33338708,-0.55913213,-0.642764364,-0.26671867,0.863204643,0.52752337,-1.122567301,5
-1.584190006,-0.258513156,-1.216949918,-0.786386093,0.148365752,0.391857144,0.614720562,-0.720760385,0.403038885,-0.518236915,-0.055080442,6
-1.941844564,0.240763174,-0.312866601,-1.020904387,-0.776740884,-0.61856896,-1.085212763,-2.249812632,0.797466677,-0.779676987,2.572579518,7
-0.034353588,3.036710626,1.988436388,0.347118996,-0.637974888,-0.380821641,0.684580836,-0.470369733,0.600252781,-0.431090225,1.422978285,6
0.323300969,-0.458223689,-0.723813563,2.418697261,1.813557697,-0.975189937,-0.666051121,2.096969083,-0.583030596,0.178936609,-1.451024796,5
0.204082783,-0.757789487,-0.559434778,0.620723672,-0.406698229,-0.975189937,-0.805771669,0.093843868,-0.977458389,-1.041117058,0.027033932,7
-0.153571774,-1.257065818,0.591216716,1.265648981,-0.082910907,2.620738254,1.010595446,1.088729391,0.337300919,2.531897251,-0.219309189,6
0.084864597,-0.558078955,-0.64162417,0.542550907,-0.869251547,0.094672996,-0.409896785,-0.627281209,-0.845982458,-1.302557129,1.669321407,8
-0.630444518,-1.157210552,0.837784893,-1.020904387,0.240876416,0.213546655,-0.409896785,-1.194833353,-0.517292631,2.27045718,0.683948922,7
-0.153571774,-1.257065818,0.591216716,1.265648981,-0.082910907,2.620738254,1.010595446,1.088729391,0.337300919,2.531897251,-0.219309189,6
-0.153571774,0.34061844,-0.312866601,0.308032613,-0.822996215,-0.143074323,-0.409896785,-0.840947898,-0.3858167,1.224696894,1.75143578,7
-0.153571774,-1.257065818,0.591216716,1.265648981,-0.082910907,2.620738254,1.010595446,1.088729391,0.337300919,2.531897251,-0.219309189,6
0.800173713,0.240763174,0.262459146,-0.942731622,1.906068361,-0.4996953,0.870874899,0.073812616,-0.648768562,0.091789918,-0.547766684,5
-1.107317262,-1.157210552,-0.559434778,1.08976026,-0.730485552,0.213546655,-0.968778974,-0.046374896,-0.254340769,-1.302557129,0.273377053,5
0.204082783,-0.657934221,0.098080362,-0.766842902,-0.267932234,0.332420314,1.08045572,-0.961135411,0.863204643,0.614670061,1.669321407,6
0.084864597,-0.558078955,-0.64162417,0.542550907,-0.869251547,0.094672996,-0.409896785,-0.627281209,-0.845982458,-1.302557129,1.669321407,8
-1.584190006,-0.657934221,-0.806002955,-0.395522269,-0.869251547,0.094672996,0.242132436,-1.054614588,0.731728712,-1.563997201,0.848177669,7
0.561737341,-0.558078955,-0.64162417,0.464378143,-0.869251547,-0.737442619,-0.642764364,-0.353520763,-1.371886181,-0.692530296,0.766063296,6
0.204082783,-0.757789487,-0.559434778,0.620723672,-0.406698229,-0.975189937,-0.805771669,0.093843868,-0.977458389,-1.041117058,0.027033932,7
-0.153571774,0.34061844,-0.312866601,0.308032613,-0.822996215,-0.143074323,-0.409896785,-0.840947898,-0.3858167,1.224696894,1.75143578,7
0.323300969,-0.458223689,-0.723813563,2.418697261,1.813557697,-0.975189937,-0.666051121,2.096969083,-0.583030596,0.178936609,-1.451024796,5
-0.630444518,-1.257065818,0.509027324,-1.001361196,0.33338708,1.521156906,0.148985404,-1.014552083,-0.122864839,1.660430346,0.437605801,6
-0.630444518,-1.157210552,0.837784893,-1.020904387,0.240876416,0.213546655,-0.409896785,-1.194833353,-0.517292631,2.27045718,0.683948922,7
-0.153571774,-1.257065818,0.591216716,1.265648981,-0.082910907,2.620738254,0.987308688,1.088729391,0.337300919,2.531897251,-0.219309189,6
-0.749662704,-0.558078955,0.015890969,-1.020904387,-0.452953561,-0.202511152,-1.01535249,-1.518671929,-0.845982458,2.183310489,0.930292043,6
0.800173713,0.240763174,0.262459146,-0.942731622,1.906068361,-0.4996953,0.870874899,0.073812616,-0.648768562,0.091789918,-0.547766684,5
0.084864597,0.240763174,-0.559434778,-0.962274813,1.397259711,-0.678005789,0.125698647,-0.240010334,-0.583030596,0.266083299,-0.301423563,5
-0.392008146,-0.15865789,-0.97038174,2.291666518,0.194621084,-0.737442619,-0.014021901,1.629573199,-0.845982458,0.091789918,-1.040452927,5
0.680955527,-0.358368423,-0.230677208,1.304735363,0.194621084,-0.55913213,0.940735172,1.562802359,-0.911720423,0.353229989,-1.122567301,6
0.680955527,-0.358368423,-0.230677208,1.304735363,0.194621084,-0.55913213,0.940735172,1.562802359,-0.911720423,0.353229989,-1.122567301,6
0.680955527,-0.358368423,-0.230677208,1.304735363,0.194621084,-0.55913213,0.940735172,1.562802359,-0.911720423,0.353229989,-1.122567301,6
0.680955527,-0.358368423,-0.230677208,1.304735363,0.194621084,-0.55913213,0.940735172,1.562802359,-0.911720423,0.353229989,-1.122567301,6
-0.392008146,-1.257065818,0.015890969,-1.059990769,-0.406698229,0.570167633,-1.411227374,-1.558734433,-1.503362112,0.091789918,1.012406417,6
-0.27278996,0.640184239,0.755595501,-0.942731622,-0.221676902,-0.380821641,-0.596190848,-1.341729202,0.271562954,-0.431090225,1.75143578,6
0.919391899,0.740039505,1.002163678,1.050673878,1.952323693,1.521156906,1.010595446,1.23562524,-2.160741766,-0.169650153,-1.204681674,5
-0.27278996,0.34061844,-2.038843842,-0.981818005,-0.314187566,1.04566227,0.032551615,-0.700729133,-0.451554666,-0.431090225,-0.301423563,5
-2.65715368,3.935408022,-2.038843842,-1.059990769,-1.19303887,-1.807305552,-3.041300425,-2.316583472,0.731728712,-1.302557129,2.572579518,5
0.680955527,-0.358368423,-0.230677208,1.304735363,0.194621084,-0.55913213,0.940735172,1.562802359,-0.911720423,0.353229989,-1.122567301,6
-0.749662704,-0.757789487,-1.29913931,0.816155584,-0.036655575,1.283409588,0.451713257,0.835000198,-0.648768562,0.44037668,-1.040452927,5
-0.392008146,0.041052642,-0.888192348,0.777069202,0.148365752,0.570167633,1.173602751,1.128791896,-0.451554666,0.178936609,-1.368910422,5
1.873137387,-0.957500019,-0.312866601,-1.040447578,-0.822996215,-0.083637493,-1.038639248,-0.48038536,-2.357955662,-1.128263748,-0.383537937,4
-0.511226332,0.740039505,0.344648539,0.190773466,-0.452953561,-0.915753108,1.313323299,0.988573131,1.849274124,-0.082503463,-1.122567301,6
-0.153571774,-0.558078955,-0.64162417,-1.020904387,-0.221676902,-0.380821641,0.987308688,-1.041260419,-0.977458389,-1.215410439,0.601834548,5
-0.749662704,-0.957500019,-0.806002955,-0.590954181,0.33338708,-0.915753108,-0.479757058,-0.143192615,-0.517292631,0.266083299,-1.040452927,6
-0.392008146,-0.15865789,-0.97038174,2.291666518,0.194621084,-0.737442619,-0.014021901,1.629573199,-0.845982458,0.091789918,-1.040452927,5
-0.392008146,0.240763174,0.919974286,0.308032613,-0.360442897,1.105099099,1.40647033,0.481114743,-0.057126873,-0.082503463,-0.794109806,5
-0.749662704,0.640184239,-0.559434778,-0.766842902,-1.008017543,0.272983485,0.288705952,-1.071307298,1.060418539,0.963256823,1.176635164,7
0.919391899,0.240763174,-0.888192348,-0.864558858,1.027217057,-0.440258471,-0.037308659,-0.113145737,-0.517292631,1.137550204,-0.547766684,5
0.919391899,0.34061844,-0.888192348,-0.864558858,1.073472389,-0.380821641,-0.13045569,-0.113145737,-0.517292631,1.137550204,-0.547766684,5
-1.46497182,-0.108730257,-0.477245386,0.09305751,-0.452953561,0.629604462,0.242132436,-0.390244725,1.126156504,-0.431090225,0.273377053,7
-1.822626378,-0.208585523,-0.066298423,-1.020904387,0.240876416,-0.380821641,-0.409896785,-1.228218773,1.19189447,1.486136965,0.683948922,6
-0.392008146,-0.15865789,-0.477245386,0.58163729,-0.822996215,-1.331810915,-0.433183543,-0.540479116,-0.122864839,-1.302557129,1.340863912,6
-2.537935494,-1.057355286,-0.477245386,-0.688670137,-0.730485552,-0.796879449,-0.666051121,-1.321697949,1.257632435,-1.302557129,0.683948922,7
-1.46497182,-0.108730257,-0.477245386,0.09305751,-0.452953561,0.629604462,0.242132436,-0.390244725,1.126156504,-0.431090225,0.273377053,7
-0.86888089,-0.757789487,-0.066298423,-0.200090357,-0.822996215,-0.856316278,-1.504374405,-1.348406286,1.126156504,-0.692530296,2.490465144,7
0.680955527,0.041052642,0.591216716,-1.001361196,-0.082910907,-1.450684574,-0.316749753,-0.410275977,0.600252781,-0.343943534,-0.137194816,5
-0.86888089,-0.558078955,-1.134760525,2.809561084,-0.499208893,1.342846418,1.033882204,2.023521158,-0.517292631,0.353229989,-1.204681674,6
0.084864597,0.640184239,-0.64162417,0.75752601,-0.221676902,0.92678861,0.614720562,-0.113145737,-0.714506527,-1.215410439,0.930292043,6
0.680955527,0.041052642,0.591216716,-1.001361196,-0.082910907,-1.450684574,-0.316749753,-0.410275977,0.600252781,-0.343943534,-0.137194816,5
-0.511226332,-0.857644753,0.015890969,-0.942731622,-0.776740884,0.213546655,-0.549617332,-1.542041723,0.140087023,1.660430346,1.669321407,6
-1.107317262,-0.657934221,-0.395055993,1.304735363,-0.17542157,-0.440258471,-0.340036511,1.736406544,1.3233704,-0.343943534,-1.533139169,5
-0.988099076,-0.558078955,1.002163678,-0.90364524,5.282707583,-0.083637493,-1.527661163,-1.922635514,0.008611092,-1.38970382,2.40835077,6
-0.511226332,0.440473707,1.166542463,0.308032613,-0.915506879,-1.034626767,-1.201646553,-0.907718739,0.205824988,2.619043942,1.833550154,4
0.204082783,-0.657934221,3.139087882,-0.942731622,5.606494905,1.758904225,-0.4564703,-0.306781174,-1.437624147,0.178936609,-1.040452927,5
-1.584190006,-0.15865789,-1.29913931,-0.981818005,-0.545464225,-1.034626767,-0.107168932,-0.807562478,0.863204643,-1.215410439,-0.219309189,6
0.084864597,-1.257065818,-0.477245386,1.617426422,0.240876416,-0.380821641,0.218845678,1.255656493,-1.503362112,-0.866823677,-1.204681674,7
0.084864597,-1.257065818,-0.477245386,1.617426422,0.240876416,-0.380821641,0.218845678,1.255656493,-1.503362112,-0.866823677,-1.204681674,7
0.084864597,-1.257065818,-0.477245386,1.617426422,0.240876416,-0.380821641,0.218845678,1.255656493,-1.503362112,-0.866823677,-1.204681674,7
0.084864597,-1.257065818,-0.477245386,1.617426422,0.240876416,-0.380821641,0.218845678,1.255656493,-1.503362112,-0.866823677,-1.204681674,7
0.084864597,-1.257065818,-0.477245386,1.617426422,0.240876416,-0.380821641,0.218845678,1.255656493,-1.503362112,-0.866823677,-1.204681674,7
0.084864597,-1.257065818,-0.477245386,1.617426422,0.240876416,-0.380821641,0.218845678,1.255656493,-1.503362112,-0.866823677,-1.204681674,7
0.084864597,-1.257065818,-0.477245386,1.617426422,0.240876416,-0.380821641,0.218845678,1.255656493,-1.503362112,-0.866823677,-1.204681674,7
0.561737341,-0.058802624,-0.477245386,-0.90364524,-0.267932234,0.570167633,-0.433183543,-1.244911483,-1.10893432,-0.779676987,1.176635164,5
-0.153571774,-0.558078955,-0.312866601,0.816155584,1.11972772,1.877777884,1.266749783,0.794937693,-1.96352787,-0.605383606,-1.204681674,6
-0.86888089,-0.358368423,-0.723813563,1.187476216,0.425897743,0.689041292,-0.13045569,1.142146064,0.731728712,0.178936609,-1.204681674,5
-0.749662704,0.041052642,-0.395055993,0.073514319,0.240876416,0.272983485,0.079125131,-0.139854073,1.586322262,0.876110132,0.437605801,6
0.084864597,-1.257065818,-0.477245386,1.617426422,0.240876416,-0.380821641,0.218845678,1.255656493,-1.503362112,-0.866823677,-1.204681674,7
-1.703408192,-1.057355286,-0.888192348,-0.688670137,-0.314187566,-1.510121404,-0.735911395,-0.577203078,0.600252781,0.091789918,-0.383537937,5
-0.511226332,-0.15865789,0.015890969,-0.981818005,-0.267932234,-0.61856896,1.033882204,-0.667343713,0.665990746,-0.256796844,0.191262679,5
-0.392008146,-0.058802624,-0.066298423,-0.981818005,-0.17542157,-0.678005789,1.010595446,-0.670682255,0.665990746,-0.256796844,0.191262679,5
-1.822626378,1.838447433,-1.545707487,-0.845015666,-0.915506879,-0.380821641,-0.223602722,-1.545380265,1.3233704,2.444750561,2.40835077,8
1.038610085,-0.857644753,-0.148487816,0.190773466,-1.424315529,0.689041292,-0.363323269,-0.460354107,-1.306148216,-0.866823677,0.437605801,6
-1.703408192,-1.057355286,-0.888192348,-0.688670137,-0.314187566,-1.510121404,-0.735911395,-0.577203078,0.600252781,0.091789918,-0.383537937,5
-0.511226332,-0.15865789,0.015890969,-0.981818005,-0.267932234,-0.61856896,1.033882204,-0.667343713,0.665990746,-0.256796844,0.191262679,5
-0.392008146,-0.058802624,-0.066298423,-0.981818005,-0.17542157,-0.678005789,1.010595446,-0.670682255,0.665990746,-0.256796844,0.191262679,5
1.038610085,-0.857644753,-0.148487816,0.190773466,-1.424315529,0.689041292,-0.363323269,-0.460354107,-1.306148216,-0.866823677,0.437605801,6
1.038610085,-0.757789487,-0.148487816,-0.278263122,-1.378060197,-0.261947982,-0.8989187,-0.767499974,-1.306148216,-0.866823677,0.437605801,6
-0.988099076,-1.057355286,-0.477245386,-0.766842902,-0.822996215,-0.796879449,-0.968778974,-1.148093764,-0.188602804,-1.041117058,0.519720174,7
0.561737341,-0.757789487,0.098080362,-0.063288019,-0.961762211,-1.510121404,-2.319410931,-0.573864536,-2.620907524,0.266083299,0.355491427,5
-0.27278996,1.13946057,-0.806002955,-0.727756519,-1.331804865,-0.796879449,-1.387940616,-1.10803126,-1.043196354,-1.041117058,0.848177669,5
-1.822626378,1.838447433,-1.545707487,-0.845015666,-0.915506879,-0.380821641,-0.223602722,-1.545380265,1.3233704,2.444750561,2.40835077,8
-0.034353588,1.239315836,-1.381328702,1.265648981,-0.591719556,1.402283247,1.08045572,1.128791896,-0.714506527,0.004643228,-0.876224179,5
-0.034353588,1.239315836,-1.381328702,1.265648981,-0.591719556,1.402283247,1.08045572,1.128791896,-0.714506527,0.004643228,-0.876224179,5
-0.034353588,1.239315836,-1.381328702,1.265648981,-0.591719556,1.402283247,1.08045572,1.128791896,-0.714506527,0.004643228,-0.876224179,5
-0.749662704,-0.358368423,-0.395055993,1.42199451,-0.499208893,1.04566227,-0.13045569,0.504484537,-0.122864839,-0.953970368,0.109148306,6
-0.034353588,1.239315836,-1.381328702,1.265648981,-0.591719556,1.402283247,1.08045572,1.128791896,-0.714506527,0.004643228,-0.876224179,5
0.561737341,-0.058802624,-0.230677208,-0.786386093,-1.470570861,-1.212937256,0.079125131,-1.07464584,-1.043196354,1.398990275,1.258749538,4
-0.988099076,-0.058802624,-0.477245386,0.659810054,-0.17542157,1.521156906,-0.340036511,0.387635567,-0.320078735,-0.605383606,-0.219309189,6
-0.749662704,-0.358368423,-0.395055993,1.42199451,-0.499208893,1.04566227,-0.13045569,0.504484537,-0.122864839,-0.953970368,0.109148306,6
-2.299499122,3.336276425,-1.792275665,-1.001361196,-1.70184752,1.758904225,-0.922205458,-2.256489716,0.46877685,-1.041117058,2.490465144,5
-0.27278996,1.439026368,0.426837931,1.109303452,-0.267932234,1.521156906,2.524234708,1.262333577,0.797466677,0.788963442,-0.629881058,5
-0.511226332,0.540328973,-0.477245386,-0.063288019,-1.285549533,0.332420314,-0.852345184,-0.981166663,0.337300919,-1.47685051,1.422978285,6
-0.034353588,0.540328973,-0.230677208,0.24940304,-0.267932234,-0.380821641,-0.107168932,-0.633958293,-0.517292631,0.701816751,1.505092659,5
-0.511226332,0.540328973,-0.477245386,-0.063288019,-1.285549533,0.332420314,-0.852345184,-0.981166663,0.337300919,-1.47685051,1.422978285,6
-0.749662704,-1.257065818,-0.312866601,-0.981818005,-1.100528206,0.154109825,-0.922205458,-1.05795313,1.520584297,0.701816751,0.766063296,7
-0.511226332,0.440473707,0.919974286,0.24940304,-1.100528206,-0.261947982,-0.992065732,-0.941104159,0.074349058,1.834723727,1.833550154,7
-0.27278996,1.439026368,0.426837931,1.109303452,-0.267932234,1.521156906,2.524234708,1.262333577,0.797466677,0.788963442,-0.629881058,5
0.561737341,-0.258513156,-0.395055993,0.073514319,-1.19303887,-0.261947982,-0.619477606,-0.260041586,-0.3858167,-1.738290582,0.273377053,6
0.800173713,-0.058802624,-0.312866601,0.542550907,-1.285549533,-0.737442619,-1.01535249,-0.119822821,-0.714506527,-1.738290582,0.437605801,6
-0.630444518,-0.058802624,0.919974286,0.366662187,0.194621084,0.98622544,1.313323299,0.447729323,-0.057126873,-0.082503463,-0.794109806,5
-0.511226332,-0.258513156,-0.559434778,2.145092584,0.84219573,-0.380821641,0.009264857,1.20223982,0.074349058,0.004643228,-0.301423563,6
-1.584190006,-0.857644753,-0.230677208,-0.727756519,-0.869251547,-1.450684574,-0.922205458,-1.508656303,1.783536158,-0.779676987,2.244122023,7
0.561737341,0.140907908,1.166542463,1.24610579,-0.406698229,1.550875321,0.987308688,1.309073165,-1.10893432,-1.302557129,-1.368910422,5
-0.630444518,0.640184239,0.837784893,0.347118996,-0.129166238,1.105099099,1.429757088,0.451067865,-0.057126873,-0.082503463,-0.794109806,5
-0.392008146,-0.058802624,1.495300033,0.327575804,-0.082910907,1.04566227,1.453043846,0.441052239,-0.057126873,-0.082503463,-0.794109806,5
-0.392008146,-0.15865789,1.495300033,0.347118996,0.055855089,0.98622544,1.196889509,0.417682445,-0.188602804,-0.169650153,-0.794109806,6
-0.630444518,-0.058802624,0.919974286,0.366662187,0.194621084,0.98622544,1.313323299,0.447729323,-0.057126873,-0.082503463,-0.794109806,5
-0.511226332,-0.15865789,1.330921248,0.308032613,0.240876416,0.629604462,1.336610056,0.400989735,-0.057126873,-0.169650153,-0.794109806,5
-0.153571774,-0.258513156,-0.312866601,1.050673878,-0.129166238,1.04566227,-0.153742448,0.36092723,-1.043196354,0.788963442,-0.055080442,6
-0.749662704,0.440473707,-0.64162417,1.08976026,0.148365752,1.640030566,0.707867594,0.648041844,-0.320078735,0.52752337,-0.465652311,6
-1.703408192,-0.358368423,0.919974286,-0.923188431,0.009599757,-0.796879449,-0.619477606,-0.640635377,0.205824988,-0.082503463,-0.383537937,5
-0.511226332,-0.258513156,-0.559434778,2.145092584,0.84219573,-0.380821641,0.009264857,1.20223982,0.074349058,0.004643228,-0.301423563,6
-0.392008146,-1.45677635,-0.395055993,1.461080893,0.472153075,-0.143074323,-1.038639248,0.955187711,-0.122864839,-0.866823677,-0.876224179,6
0.084864597,1.13946057,-1.052571133,0.835698775,2.414877011,-1.331810915,-1.131786279,0.804953319,-1.043196354,-0.169650153,-0.958338553,5
1.157828271,-0.657934221,0.426837931,-0.864558858,0.518408407,-0.856316278,-0.037308659,-0.800885394,-0.911720423,0.266083299,0.355491427,5
0.084864597,0.240763174,-0.477245386,-0.825472475,-0.17542157,-0.856316278,0.870874899,-0.834270814,0.074349058,0.701816751,0.766063296,5
1.396264643,-0.757789487,-0.312866601,-1.001361196,-0.452953561,-1.688431893,-2.10983011,-0.58054162,-1.306148216,2.096163799,-0.137194816,5
1.634701015,-0.957500019,-0.312866601,-1.040447578,-0.591719556,-0.915753108,-1.923536047,-1.024567709,-1.10893432,0.178936609,0.437605801,6
1.157828271,-0.657934221,0.426837931,-0.864558858,0.518408407,-0.856316278,-0.037308659,-0.800885394,-0.911720423,0.266083299,0.355491427,5
0.323300969,-1.057355286,0.015890969,-0.004658446,-0.17542157,-1.153500426,-0.666051121,-0.460354107,-1.306148216,-0.779676987,0.273377053,6
1.396264643,-0.757789487,-0.312866601,-1.001361196,-0.452953561,-1.688431893,-2.10983011,-0.58054162,-1.306148216,2.096163799,-0.137194816,5
1.634701015,-0.957500019,-0.312866601,-1.040447578,-0.591719556,-0.915753108,-1.923536047,-1.024567709,-1.10893432,0.178936609,0.437605801,6
0.084864597,1.13946057,-1.052571133,0.835698775,2.414877011,-1.331810915,-1.131786279,0.804953319,-1.043196354,-0.169650153,-0.958338553,5
-0.153571774,-0.657934221,2.317193957,-0.004658446,-0.221676902,-1.688431893,-0.619477606,-0.193270746,-1.503362112,0.876110132,-0.219309189,5
-0.034353588,-0.657934221,2.317193957,-0.024201637,-0.17542157,-1.688431893,-0.712624637,-0.193270746,-1.503362112,0.876110132,-0.219309189,6
0.323300969,-1.057355286,0.015890969,-0.004658446,-0.17542157,-1.153500426,-0.666051121,-0.460354107,-1.306148216,-0.779676987,0.273377053,6
-0.153571774,-0.15865789,0.015890969,1.695599187,0.657174402,0.391857144,0.521573531,0.965203337,0.337300919,0.266083299,0.027033932,3
0.323300969,0.041052642,0.344648539,-0.864558858,0.287131748,-0.737442619,0.381852983,-0.987843747,-0.3858167,0.266083299,0.519720174,5
1.157828271,-0.657934221,0.426837931,-0.864558858,0.518408407,-0.856316278,-0.037308659,-0.800885394,-0.911720423,0.266083299,0.355491427,5
0.084864597,0.240763174,-0.477245386,-0.825472475,-0.17542157,-0.856316278,0.870874899,-0.834270814,0.074349058,0.701816751,0.766063296,5
0.561737341,0.640184239,-0.477245386,1.109303452,0.148365752,-0.261947982,0.218845678,0.87172416,0.205824988,0.004643228,-0.137194816,5
-0.749662704,1.538881634,-0.148487816,0.464378143,-0.17542157,-1.034626767,-0.782484911,-0.814239562,0.600252781,-1.38970382,1.997778902,7
-0.153571774,1.339171102,-0.312866601,0.464378143,-0.036655575,-0.440258471,-0.200315964,0.380958482,-0.451554666,0.876110132,-0.465652311,5
-0.749662704,1.239315836,-0.806002955,-0.258719931,-0.452953561,0.451293973,-0.200315964,-0.767499974,0.337300919,-0.431090225,0.683948922,6
-2.180280936,0.740039505,-0.64162417,0.073514319,-0.545464225,0.035236166,-0.4564703,-0.76082289,1.257632435,-0.779676987,0.848177669,6
-2.180280936,0.740039505,-0.64162417,0.073514319,-0.545464225,0.035236166,-0.4564703,-0.76082289,1.257632435,-0.779676987,0.848177669,6
-0.749662704,0.240763174,-1.134760525,-0.532324607,-0.314187566,-0.083637493,-0.177029206,-0.86097915,-1.24041025,-0.953970368,0.191262679,5
-0.034353588,0.041052642,-0.477245386,1.128846643,-0.17542157,0.98622544,-0.014021901,0.354250146,-1.043196354,0.614670061,-0.055080442,6
0.084864597,0.540328973,-0.477245386,-0.141460784,-0.591719556,0.213546655,1.499617362,-0.800885394,-0.122864839,1.311843585,1.669321407,6
-0.27278996,-0.15865789,1.248731856,0.327575804,0.287131748,0.748478121,1.336610056,0.474437659,0.008611092,-0.082503463,-0.794109806,5
0.442519155,-0.358368423,-0.312866601,-0.766842902,-0.17542157,-0.261947982,-0.829058427,-1.021229167,-0.911720423,0.614670061,0.683948922,7
-0.27278996,1.838447433,-1.052571133,-0.473695034,-0.545464225,-1.391247745,-1.201646553,-1.335052118,0.46877685,0.44037668,2.079893275,6
-2.180280936,0.740039505,-0.64162417,0.073514319,-0.545464225,0.035236166,-0.4564703,-0.76082289,1.257632435,-0.779676987,0.848177669,6
-2.180280936,-0.458223689,-1.29913931,-1.059990769,0.33338708,-1.331810915,-0.945492216,-1.535364639,0.205824988,-0.866823677,0.848177669,5
-0.749662704,1.239315836,-0.806002955,-0.258719931,-0.452953561,0.451293973,-0.200315964,-0.767499974,0.337300919,-0.431090225,0.683948922,6
0.204082783,1.6387369,-0.888192348,-0.121917593,-0.499208893,-0.678005789,-0.922205458,-1.181479184,-0.254340769,0.701816751,2.244122023,7
-2.537935494,-0.15865789,-0.888192348,0.816155584,-0.545464225,-0.737442619,-0.666051121,-0.473708275,1.783536158,-1.825437272,0.848177669,7
-0.153571774,0.34061844,-1.216949918,-0.57141099,1.859813029,-0.321384812,-0.223602722,-0.386906183,-2.357955662,-0.431090225,-0.711995432,5
-0.153571774,0.34061844,-1.216949918,-0.57141099,1.859813029,-0.321384812,-0.223602722,-0.386906183,-2.357955662,-0.431090225,-0.711995432,5
0.084864597,-1.257065818,-0.395055993,1.949660672,0.564663739,0.570167633,-0.689337879,1.215593988,-0.254340769,-1.041117058,-0.629881058,6
-0.511226332,1.339171102,-0.97038174,-0.317349505,0.287131748,0.807914951,0.055838373,0.147260541,-0.320078735,1.137550204,-1.040452927,5
-0.86888089,0.34061844,-0.888192348,-0.610497372,0.287131748,-0.083637493,-0.619477606,0.043765738,-0.188602804,-0.082503463,-1.697367917,5
1.277046457,-0.058802624,-0.066298423,-1.020904387,0.194621084,0.332420314,-0.852345184,-1.381791706,-1.24041025,-0.343943534,1.587207033,6
1.277046457,-0.058802624,-0.066298423,-1.020904387,0.194621084,0.332420314,-0.852345184,-1.381791706,-1.24041025,-0.343943534,1.587207033,6
-0.511226332,1.339171102,-0.97038174,-0.317349505,0.287131748,0.807914951,0.055838373,0.147260541,-0.320078735,1.137550204,-1.040452927,5
-0.86888089,0.34061844,-0.888192348,-0.610497372,0.287131748,-0.083637493,-0.619477606,0.043765738,-0.188602804,-0.082503463,-1.697367917,5
-0.27278996,0.939750037,-0.723813563,-0.766842902,-0.822996215,-0.678005789,-1.294793584,-1.088000008,-0.320078735,-1.128263748,1.012406417,6
-0.392008146,-0.657934221,1.330921248,0.444834951,-0.452953561,0.332420314,1.196889509,-0.406937435,-1.503362112,0.614670061,0.437605801,6
0.680955527,-0.15865789,-0.230677208,-0.942731622,-0.637974888,0.035236166,-0.712624637,-1.241572941,-1.437624147,-0.518236915,1.176635164,6
0.680955527,0.640184239,-0.477245386,-0.473695034,-0.822996215,0.629604462,-0.922205458,-1.528687555,0.074349058,0.091789918,2.244122023,7
-0.27278996,0.939750037,-0.723813563,-0.766842902,-0.822996215,-0.678005789,-1.294793584,-1.088000008,-0.320078735,-1.128263748,1.012406417,6
-0.630444518,0.440473707,-0.888192348,1.91057429,0.425897743,0.035236166,0.847588141,1.48267735,0.46877685,0.44037668,-1.122567301,5
-0.27278996,-0.358368423,-0.148487816,0.503464525,-1.054272874,-0.915753108,-0.712624637,-0.51377078,0.994680573,-1.215410439,1.75143578,6
-0.630444518,0.440473707,-0.888192348,1.91057429,0.425897743,0.035236166,0.847588141,1.48267735,0.46877685,0.44037668,-1.122567301,5
0.204082783,1.13946057,3.714413629,-0.981818005,6.855388864,-0.737442619,-1.155073037,-0.680697881,-0.122864839,-0.256796844,0.027033932,6
1.515482829,0.34061844,0.755595501,0.112600701,0.055855089,-1.034626767,-1.224933311,0.708135601,0.271562954,1.311843585,0.109148306,5
-0.27278996,-0.358368423,-0.148487816,0.503464525,-1.054272874,-0.915753108,-0.712624637,-0.51377078,0.994680573,-1.215410439,1.75143578,6
-1.226535448,-1.057355286,-0.395055993,-0.649583755,-0.730485552,-0.202511152,-0.386610027,-1.678921946,1.454846331,-1.38970382,2.654693892,7
-1.226535448,-0.757789487,-0.888192348,-0.962274813,-0.406698229,0.154109825,-1.085212763,-1.318359407,1.126156504,0.004643228,1.258749538,6
-0.392008146,0.440473707,-0.64162417,-0.356435887,-0.68423022,-0.55913213,-0.4564703,-0.727437469,1.389108366,2.096163799,1.669321407,7
-1.226535448,-1.556631616,-0.559434778,-0.317349505,-0.730485552,0.272983485,-0.689337879,-0.633958293,2.375177847,1.660430346,1.340863912,6
-1.226535448,-0.957500019,-0.395055993,-0.356435887,-0.637974888,1.937214714,-0.060595417,-0.857640608,0.140087023,-0.953970368,0.683948922,6
-1.226535448,-0.757789487,-0.888192348,-0.962274813,-0.406698229,0.154109825,-1.085212763,-1.318359407,1.126156504,0.004643228,1.258749538,6
-1.822626378,-1.057355286,-0.559434778,-0.727756519,0.148365752,-0.440258471,-0.829058427,-0.640635377,1.783536158,0.52752337,-0.137194816,6
-0.988099076,-0.657934221,-0.312866601,-0.024201637,-0.314187566,0.689041292,-0.083882174,-1.161447932,0.534514816,-1.563997201,1.833550154,6
0.442519155,-0.258513156,-0.64162417,0.151687084,0.102110421,0.98622544,1.569477635,0.571255378,-0.451554666,-1.041117058,-1.040452927,5
0.442519155,-0.258513156,-0.64162417,0.151687084,0.102110421,0.98622544,1.569477635,0.571255378,-0.451554666,-1.041117058,-1.040452927,5
-0.86888089,-0.558078955,-0.312866601,1.167933025,0.379642412,4.314687898,0.288705952,1.041989803,-0.583030596,-0.169650153,-0.794109806,6
-0.511226332,-0.058802624,-1.216949918,0.034427937,-0.036655575,3.720319602,0.824301383,-0.173239493,-0.188602804,-1.302557129,-0.301423563,6
-0.511226332,-0.058802624,-1.216949918,0.034427937,-0.036655575,3.720319602,0.824301383,-0.173239493,-0.188602804,-1.302557129,-0.301423563,6
-0.392008146,1.13946057,-0.97038174,-0.473695034,-0.360442897,-1.094063597,-0.968778974,-1.328375033,0.403038885,0.353229989,2.079893275,7
-1.107317262,0.34061844,0.344648539,-0.317349505,-0.267932234,0.332420314,-0.8989187,-1.495302135,0.337300919,0.614670061,2.162007649,6
1.753919201,-0.458223689,-0.148487816,-1.001361196,0.102110421,1.402283247,-0.619477606,-0.79420831,-0.583030596,0.52752337,0.437605801,6
0.442519155,-0.258513156,-0.64162417,0.151687084,0.102110421,0.98622544,1.569477635,0.571255378,-0.451554666,-1.041117058,-1.040452927,5
-1.107317262,-0.558078955,-0.723813563,0.91387154,0.472153075,4.552435217,0.870874899,0.648041844,-0.714506527,-1.128263748,-0.876224179,6
-0.86888089,-0.558078955,-0.312866601,1.167933025,0.379642412,4.314687898,0.288705952,1.041989803,-0.583030596,-0.169650153,-0.794109806,6
-0.988099076,-0.458223689,-0.559434778,0.659810054,0.425897743,2.293835691,-0.13045569,0.394312651,-0.188602804,-0.779676987,-0.219309189,6
-0.511226332,-0.058802624,-1.216949918,0.034427937,-0.036655575,3.720319602,0.824301383,-0.173239493,-0.188602804,-1.302557129,-0.301423563,6
0.442519155,0.839894771,1.659678818,1.343821746,0.379642412,1.640030566,1.243463025,1.496031518,-0.845982458,0.004643228,-1.533139169,4
0.800173713,0.939750037,1.413110641,1.031130687,2.229855684,1.342846418,0.96402193,1.20223982,-1.832051939,0.178936609,-1.204681674,5
-0.27278996,-0.15865789,1.413110641,0.308032613,0.749685066,0.867351781,1.266749783,0.431036613,-0.3858167,0.091789918,-0.711995432,5
0.561737341,-0.558078955,-0.559434778,-0.942731622,0.518408407,0.570167633,-0.968778974,-0.390244725,0.665990746,-0.431090225,-0.465652311,7
-0.988099076,-0.558078955,-0.477245386,1.978975459,0.610919071,1.105099099,-0.107168932,0.831661656,0.074349058,-0.953970368,0.027033932,5
0.204082783,0.041052642,-0.230677208,-0.962274813,0.33338708,-0.915753108,-0.968778974,-1.15810939,-0.254340769,0.091789918,0.766063296,5
-0.511226332,0.740039505,-0.230677208,0.737982819,1.073472389,1.342846418,0.707867594,0.92180229,-0.057126873,0.004643228,-0.876224179,5
-0.153571774,4.534539618,-1.134760525,0.034427937,0.379642412,-0.61856896,-1.737241984,-0.306781174,-0.451554666,-1.825437272,0.519720174,4
-1.107317262,0.041052642,-0.806002955,2.223265349,0.055855089,0.391857144,-0.666051121,1.602864863,-0.583030596,-0.343943534,-1.286796048,6
-1.107317262,0.041052642,-0.806002955,2.223265349,0.055855089,0.391857144,-0.666051121,1.602864863,-0.583030596,-0.343943534,-1.286796048,6
0.204082783,-0.757789487,0.262459146,-0.962274813,0.148365752,-0.440258471,-0.24688948,-0.633958293,-0.254340769,0.266083299,0.273377053,5
-0.153571774,0.540328973,-0.230677208,0.190773466,-0.036655575,-0.083637493,0.079125131,-0.633958293,-0.845982458,0.52752337,1.422978285,6
-1.107317262,0.041052642,-0.806002955,2.223265349,0.055855089,0.391857144,-0.666051121,1.602864863,-0.583030596,-0.343943534,-1.286796048,6
0.323300969,-0.358368423,0.180269754,-0.864558858,-0.776740884,-0.856316278,-1.7838155,-1.134739596,-0.3858167,1.224696894,1.669321407,6
-0.153571774,0.540328973,-0.230677208,0.190773466,-0.036655575,-0.083637493,0.079125131,-0.633958293,-0.845982458,0.52752337,1.422978285,6
0.323300969,-0.358368423,0.180269754,-0.864558858,-0.776740884,-0.856316278,-1.7838155,-1.134739596,-0.3858167,1.224696894,1.669321407,6
-1.107317262,0.041052642,-0.806002955,2.223265349,0.055855089,0.391857144,-0.666051121,1.602864863,-0.583030596,-0.343943534,-1.286796048,6
-0.86888089,-0.058802624,-0.64162417,1.109303452,0.009599757,0.451293973,-0.293462995,0.314187642,-0.188602804,-1.041117058,0.273377053,6
-0.630444518,1.039605303,-0.64162417,0.347118996,-0.129166238,-0.440258471,-0.968778974,-0.607249956,-1.306148216,-1.563997201,0.766063296,6
0.204082783,-0.757789487,0.262459146,-0.962274813,0.148365752,-0.440258471,-0.24688948,-0.633958293,-0.254340769,0.266083299,0.273377053,5
-1.107317262,-0.657934221,-0.312866601,0.444834951,-0.452953561,0.689041292,-0.293462995,-0.159885325,-0.057126873,-0.866823677,0.109148306,5
0.084864597,0.640184239,-1.956654449,-0.57141099,-0.082910907,-1.094063597,-1.7838155,-0.153208241,-1.174672285,-0.866823677,-1.040452927,5
-1.226535448,1.588809267,-1.463518095,-0.004658446,-0.68423022,-0.856316278,-0.13045569,-0.884348944,0.337300919,-0.256796844,1.422978285,6
0.084864597,-0.258513156,-0.066298423,-0.845015666,-1.146783538,-1.094063597,-1.481087647,-1.318359407,0.46877685,-0.343943534,1.505092659,6
-0.27278996,-0.15865789,-0.395055993,0.24940304,-0.360442897,0.272983485,0.917448415,0.210692839,0.271562954,0.614670061,-0.055080442,6
0.084864597,-0.358368423,-0.312866601,1.148389834,-0.499208893,2.174962032,0.754441109,0.414343903,-1.306148216,0.701816751,-0.055080442,6
1.873137387,-0.458223689,0.015890969,-1.001361196,-0.499208893,1.105099099,-0.689337879,-0.800885394,-0.780244493,0.52752337,0.437605801,7
-1.107317262,-0.657934221,-0.312866601,0.444834951,-0.452953561,0.689041292,-0.293462995,-0.159885325,-0.057126873,-0.866823677,0.109148306,5
0.084864597,0.640184239,-1.956654449,-0.57141099,-0.082910907,-1.094063597,-1.7838155,-0.153208241,-1.174672285,-0.866823677,-1.040452927,5
-2.537935494,3.735697489,-1.792275665,-1.040447578,-1.516826192,-1.866742382,-3.018013667,-0.567187452,0.863204643,-1.128263748,2.490465144,4
-0.988099076,-0.558078955,0.344648539,-0.708213328,4.542622274,-1.391247745,-1.737241984,-1.121385428,-1.569100078,1.311843585,0.766063296,6
-1.345753634,-0.058802624,-0.64162417,-0.57141099,1.165983052,-0.55913213,-1.644094952,-1.408500042,-0.583030596,-0.953970368,0.848177669,6
-2.299499122,1.788519799,-1.29913931,-0.884102049,-0.452953561,-0.143074323,-0.782484911,-2.236458464,0.140087023,2.967630703,2.901037013,7
-0.511226332,0.540328973,-0.312866601,-0.512781416,-0.452953561,-0.083637493,-1.201646553,-1.294989613,0.403038885,1.224696894,1.669321407,7
-0.511226332,0.540328973,-0.312866601,-0.512781416,-0.452953561,-0.083637493,-1.201646553,-1.294989613,0.403038885,1.224696894,1.669321407,7
-0.27278996,0.34061844,-0.312866601,-0.786386093,-0.360442897,-0.321384812,-1.318080342,-1.832494879,-0.648768562,-1.128263748,1.915664528,7
-0.86888089,1.13946057,-0.806002955,-0.317349505,-0.406698229,0.570167633,-0.037308659,-0.807562478,0.271562954,-0.518236915,0.601834548,7
-0.86888089,1.13946057,-0.806002955,-0.317349505,-0.406698229,0.570167633,-0.037308659,-0.807562478,0.271562954,-0.518236915,0.601834548,7
0.204082783,0.939750037,-0.312866601,-0.043744828,-0.267932234,0.807914951,-0.014021901,-1.318359407,-0.122864839,-1.912583963,2.572579518,6
0.323300969,-0.458223689,3.960981806,-1.001361196,4.773898933,2.056088373,-0.712624637,-0.373552015,-1.700576008,-0.605383606,-1.040452927,6
-0.511226332,0.540328973,-0.312866601,-0.512781416,-0.452953561,-0.083637493,-1.201646553,-1.294989613,0.403038885,1.224696894,1.669321407,7
0.323300969,-0.258513156,-0.148487816,-0.962274813,0.379642412,-0.678005789,-0.805771669,-0.874333318,-0.122864839,-0.082503463,0.519720174,6
-0.86888089,1.13946057,-0.806002955,-0.317349505,-0.406698229,0.570167633,-0.037308659,-0.807562478,0.271562954,-0.518236915,0.601834548,7
-2.65715368,1.788519799,-1.29913931,-0.884102049,-0.452953561,-0.143074323,-0.782484911,-2.236458464,0.140087023,2.967630703,2.901037013,7
0.204082783,0.939750037,-0.312866601,-0.043744828,-0.267932234,0.807914951,-0.014021901,-1.318359407,-0.122864839,-1.912583963,2.572579518,6
-0.86888089,0.041052642,1.413110641,0.288489422,0.472153075,0.807914951,1.546190877,0.481114743,-0.057126873,0.266083299,-0.876224179,5
-0.630444518,0.740039505,-0.477245386,-0.942731622,-0.406698229,-0.261947982,-0.619477606,-2.126286577,-0.451554666,-0.779676987,3.06526576,7
-0.392008146,0.34061844,-0.477245386,-0.981818005,-0.499208893,-0.440258471,-0.759198153,-1.935989682,-1.24041025,-0.779676987,2.244122023,6
0.561737341,-0.258513156,0.262459146,-0.74729971,0.194621084,-0.678005789,-0.177029206,-0.927749991,-0.977458389,0.353229989,0.601834548,6
0.442519155,0.839894771,0.015890969,1.636969613,0.518408407,0.629604462,0.777727867,1.11877627,-0.320078735,0.701816751,-0.219309189,5
-0.27278996,0.34061844,-0.312866601,-0.786386093,-0.360442897,-0.321384812,-1.318080342,-1.832494879,-0.648768562,-1.128263748,1.915664528,7
1.992355573,0.34061844,-0.312866601,-1.07953396,-0.036655575,-1.153500426,-0.712624637,-0.557171826,-1.569100078,-0.866823677,-0.301423563,5
1.992355573,0.34061844,-0.312866601,-1.07953396,-0.036655575,-1.153500426,-0.712624637,-0.557171826,-1.569100078,-0.866823677,-0.301423563,5
1.992355573,-0.558078955,-0.066298423,-1.020904387,-0.68423022,0.154109825,-1.038639248,-0.590557246,-2.357955662,-1.563997201,-0.137194816,5
-0.034353588,-1.356921084,-0.395055993,0.679353246,0.472153075,-0.321384812,-1.131786279,0.320864726,0.008611092,-1.38970382,-0.465652311,6
-0.511226332,-0.558078955,-0.230677208,-0.493238225,0.009599757,-1.094063597,-0.782484911,-1.061291672,-0.254340769,-1.563997201,0.848177669,5
-0.392008146,0.440473707,1.084353071,1.793315143,0.795940398,-0.4996953,0.777727867,1.522739855,-0.057126873,0.614670061,-1.204681674,5
-0.392008146,0.440473707,1.084353071,1.793315143,0.795940398,-0.4996953,0.777727867,1.522739855,-0.057126873,0.614670061,-1.204681674,5
-0.988099076,0.041052642,-0.64162417,-0.962274813,-0.730485552,-0.61856896,-0.8989187,-1.742354244,-1.043196354,-0.692530296,1.340863912,6
-0.86888089,0.240763174,-0.477245386,-0.942731622,-0.452953561,-0.440258471,-0.782484911,-1.974382915,-0.320078735,-0.692530296,2.326236397,6
-0.034353588,-0.558078955,-0.477245386,0.268946231,0.194621084,0.451293973,-0.549617332,-0.30010409,0.205824988,0.963256823,0.848177669,8
2.111573759,0.34061844,-1.052571133,-0.161003975,-0.314187566,-0.440258471,-1.690668468,-0.293427006,-1.503362112,0.266083299,0.437605801,4
0.442519155,-0.058802624,-0.312866601,-1.001361196,-0.267932234,-0.55913213,-1.294793584,-0.647312461,0.600252781,0.353229989,0.191262679,6
0.084864597,1.838447433,-1.134760525,2.008290246,0.009599757,0.867351781,1.033882204,1.609541947,-0.714506527,0.614670061,-0.876224179,5
-1.46497182,-0.458223689,-0.723813563,0.298261018,-0.17542157,-1.153500426,-0.735911395,0.234062633,1.652060227,1.050403513,-0.137194816,6
-0.511226332,0.839894771,0.180269754,0.053971128,6.439090878,0.956507025,0.265419194,0.374281398,-0.122864839,-0.605383606,-0.958338553,5
1.515482829,-0.957500019,0.344648539,-1.040447578,-0.267932234,0.332420314,-1.108499521,-1.181479184,-2.029265835,0.963256823,1.258749538,6
-0.86888089,-0.058802624,-0.148487816,-0.024201637,0.102110421,0.689041292,0.451713257,-0.446999939,0.140087023,0.963256823,0.437605801,6
-0.034353588,1.239315836,0.262459146,0.483921334,0.33338708,0.035236166,0.19555892,0.614656424,-0.188602804,0.091789918,-0.958338553,5
-2.418717308,0.690111872,0.015890969,-1.059990769,1.027217057,-0.202511152,0.079125131,-0.927749991,0.337300919,-0.779676987,-0.301423563,5
0.323300969,-0.458223689,0.426837931,-0.962274813,0.33338708,-0.55913213,-0.782484911,-0.834270814,-0.057126873,-0.169650153,0.519720174,6
-0.630444518,-0.757789487,-1.545707487,0.034427937,0.009599757,-0.55913213,-0.619477606,-0.026343644,-1.306148216,0.788963442,-0.465652311,6
-0.988099076,-0.058802624,-0.148487816,-0.043744828,0.102110421,0.689041292,0.498286773,-0.450338481,0.205824988,0.963256823,0.437605801,6
-0.86888089,-0.058802624,-0.148487816,-0.024201637,0.102110421,0.689041292,0.451713257,-0.446999939,0.140087023,0.963256823,0.437605801,6
-1.107317262,0.240763174,-0.066298423,-0.845015666,-0.17542157,-0.261947982,-0.293462995,-1.508656303,0.863204643,-0.605383606,1.669321407,6
-0.988099076,0.240763174,-0.148487816,-0.825472475,-0.17542157,0.332420314,0.055838373,-1.548718807,0.797466677,-0.431090225,1.833550154,7
-1.46497182,-1.356921084,-0.312866601,-0.200090357,-0.036655575,-0.55913213,-0.805771669,0.177307419,0.863204643,-0.343943534,-0.958338553,5
-0.034353588,1.239315836,0.262459146,0.483921334,0.33338708,0.035236166,0.19555892,0.614656424,-0.188602804,0.091789918,-0.958338553,5
-2.418717308,0.690111872,0.015890969,-1.059990769,1.027217057,-0.202511152,0.079125131,-0.927749991,0.337300919,-0.779676987,-0.301423563,5
-0.749662704,0.540328973,-1.134760525,2.24280854,0.934706393,0.035236166,0.498286773,1.649604451,-0.320078735,0.178936609,-1.368910422,5
0.084864597,-1.157210552,-0.312866601,-0.74729971,-0.129166238,-0.083637493,-1.155073037,-1.231557315,-2.029265835,-0.169650153,0.601834548,6
1.753919201,-0.558078955,-0.312866601,-1.001361196,-0.360442897,0.570167633,-0.409896785,-0.79420831,-0.3858167,0.44037668,0.273377053,7
-0.749662704,0.540328973,-1.134760525,2.24280854,0.934706393,0.035236166,0.498286773,1.649604451,-0.320078735,0.178936609,-1.368910422,5
0.084864597,-1.157210552,-0.312866601,-0.74729971,-0.129166238,-0.083637493,-1.155073037,-1.231557315,-2.029265835,-0.169650153,0.601834548,6
-1.822626378,-0.358368423,-1.29913931,-0.805929284,0.194621084,-0.796879449,0.125698647,-0.697390591,0.337300919,-0.256796844,-0.137194816,5
0.919391899,0.34061844,0.180269754,-0.41506546,-0.915506879,-1.212937256,-1.224933311,-0.881010402,-0.517292631,-0.082503463,1.258749538,5
-1.584190006,-0.907572386,-1.216949918,0.132143893,0.102110421,0.035236166,-0.689337879,0.073812616,0.46877685,-0.692530296,-0.794109806,6
-1.584190006,-0.907572386,-1.216949918,0.132143893,0.102110421,0.035236166,-0.689337879,0.073812616,0.46877685,-0.692530296,-0.794109806,6
-0.392008146,1.538881634,-0.806002955,1.070217069,-0.267932234,1.105099099,0.451713257,0.688104349,-0.320078735,0.44037668,-0.547766684,6
0.800173713,1.13946057,1.002163678,1.031130687,1.767302366,1.164535929,0.707867594,1.192224194,-1.832051939,0.178936609,-1.204681674,5
0.323300969,3.036710626,-0.559434778,-0.121917593,-0.637974888,0.272983485,-0.503043816,-1.094677092,-0.122864839,0.353229989,2.079893275,7
-1.107317262,0.640184239,-0.148487816,-0.512781416,-0.082910907,-1.331810915,-0.549617332,-1.027906251,1.3233704,-0.431090225,1.094520791,7
0.680955527,0.740039505,1.166542463,1.167933025,0.472153075,1.521156906,0.85923152,1.292380455,-1.437624147,0.266083299,-1.368910422,5
0.442519155,1.039605303,-0.888192348,0.014884746,0.194621084,-1.034626767,-0.875631942,-0.373552015,-0.583030596,0.52752337,0.601834548,4
-1.822626378,-0.907572386,-1.216949918,0.132143893,0.102110421,0.035236166,-0.689337879,0.073812616,0.46877685,-0.692530296,-0.794109806,6
-0.749662704,-0.058802624,1.413110641,0.229859849,0.148365752,-0.024200664,1.40647033,0.441052239,-0.188602804,0.44037668,-0.876224179,4
-0.511226332,0.140907908,1.495300033,0.288489422,0.148365752,-0.024200664,1.220176267,0.451067865,-0.188602804,0.178936609,-0.794109806,6
-0.630444518,-1.057355286,-0.312866601,-0.708213328,-0.545464225,-0.143074323,-0.340036511,-0.881010402,-1.043196354,0.004643228,-0.055080442,6
-0.27278996,-0.957500019,-0.230677208,0.816155584,-0.499208893,0.391857144,0.079125131,0.521177247,-0.714506527,0.004643228,-0.547766684,7
-0.630444518,-1.057355286,-0.312866601,-0.708213328,-0.545464225,-0.143074323,-0.340036511,-0.881010402,-1.043196354,0.004643228,-0.055080442,6
-0.153571774,0.939750037,2.72814092,-0.962274813,5.97653756,-1.153500426,-0.968778974,-0.573864536,-0.845982458,0.614670061,-0.137194816,6
-0.749662704,-0.058802624,1.413110641,0.229859849,0.148365752,-0.024200664,1.40647033,0.441052239,-0.188602804,0.44037668,-0.876224179,4
-0.511226332,0.140907908,1.495300033,0.288489422,0.148365752,-0.024200664,1.220176267,0.451067865,-0.188602804,0.178936609,-0.794109806,6
-0.988099076,-0.358368423,-0.64162417,-0.923188431,-0.591719556,1.521156906,-0.13045569,-1.288312529,0.008611092,2.793337322,1.176635164,7
0.084864597,0.440473707,-0.395055993,0.229859849,-0.961762211,-0.024200664,-0.363323269,-0.847624982,-0.254340769,1.398990275,1.915664528,7
-0.034353588,-0.058802624,-0.723813563,0.210316657,-0.730485552,-1.034626767,-0.526330574,-1.001197915,-0.648768562,-0.953970368,2.079893275,6
-0.511226332,0.140907908,1.577489425,-0.923188431,-0.267932234,0.332420314,1.220176267,-0.653989545,0.46877685,0.876110132,-0.055080442,7
-0.511226332,0.140907908,1.495300033,-0.923188431,-0.545464225,0.332420314,1.243463025,-0.643973919,0.403038885,0.876110132,-0.055080442,6
-0.988099076,-0.558078955,-0.723813563,1.109303452,-0.499208893,1.105099099,-0.107168932,0.217369923,0.140087023,-0.779676987,0.191262679,5
-0.749662704,-0.558078955,-0.559434778,-0.375979078,-0.452953561,2.709893499,0.405139741,-0.453677023,-0.911720423,2.35760387,0.191262679,7
-0.988099076,-0.358368423,-0.64162417,-0.923188431,-0.591719556,1.521156906,-0.13045569,-1.288312529,0.008611092,2.793337322,1.176635164,7
-1.584190006,-0.458223689,-0.723813563,0.308032613,-0.129166238,-0.261947982,-0.8989187,0.043765738,0.008611092,-0.605383606,-0.055080442,6
0.084864597,0.440473707,-0.395055993,0.229859849,-0.961762211,-0.024200664,-0.363323269,-0.847624982,-0.254340769,1.398990275,1.915664528,7
-0.153571774,-1.656486882,-0.559434778,0.42529176,-0.082910907,0.570167633,-0.829058427,0.127229289,0.074349058,-1.041117058,-0.465652311,6
-0.153571774,-1.656486882,-0.559434778,0.42529176,-0.082910907,0.570167633,-0.829058427,0.127229289,0.074349058,-1.041117058,-0.465652311,6
0.442519155,-0.458223689,0.591216716,1.597883231,0.102110421,2.234398862,1.942065761,1.492692976,-0.188602804,1.921870418,-0.876224179,6
-0.988099076,-0.757789487,-1.381328702,-0.942731622,0.102110421,0.629604462,-0.24688948,-1.054614588,0.731728712,-0.518236915,0.766063296,6
-0.153571774,-1.656486882,-0.559434778,0.42529176,-0.082910907,0.570167633,-0.829058427,0.127229289,0.074349058,-1.041117058,-0.465652311,6
0.442519155,-0.458223689,0.591216716,1.597883231,0.102110421,2.234398862,1.942065761,1.492692976,-0.188602804,1.921870418,-0.876224179,6
-0.034353588,-0.757789487,0.591216716,-1.040447578,0.657174402,0.035236166,-0.829058427,-0.330150968,-1.306148216,-0.866823677,-1.040452927,5
-0.27278996,-0.857644753,-0.148487816,-0.532324607,-0.221676902,-0.55913213,-1.481087647,-0.81090102,-1.897789905,0.701816751,0.027033932,7
-0.27278996,0.041052642,0.015890969,0.483921334,0.102110421,-0.202511152,-0.666051121,0.130567831,0.403038885,0.44037668,0.437605801,7
-0.27278996,0.041052642,0.015890969,0.483921334,0.102110421,-0.202511152,-0.666051121,0.130567831,0.403038885,0.44037668,0.437605801,7
1.277046457,0.939750037,-0.230677208,-0.336892696,-0.360442897,-1.926179211,-0.293462995,-0.767499974,-1.897789905,2.009017108,1.340863912,5
-0.27278996,0.041052642,0.015890969,0.483921334,0.102110421,-0.202511152,-0.666051121,0.130567831,0.403038885,0.44037668,0.437605801,7
-1.107317262,-0.15865789,-0.395055993,-0.649583755,-0.221676902,0.094672996,0.102411889,-1.575427143,0.205824988,-0.866823677,1.915664528,7
-0.630444518,-0.358368423,1.248731856,-0.121917593,0.33338708,-0.61856896,-0.4564703,0.01371886,-1.174672285,4.27483106,0.027033932,6
-0.630444518,-0.358368423,1.248731856,-0.121917593,0.33338708,-0.61856896,-0.4564703,0.01371886,-1.174672285,4.27483106,0.027033932,6
-0.630444518,-0.358368423,1.248731856,-0.121917593,0.33338708,-0.61856896,-0.4564703,0.01371886,-1.174672285,4.27483106,0.027033932,6
-0.630444518,-0.258513156,1.906246995,-1.059990769,0.749685066,-0.856316278,-0.409896785,-0.593895788,-1.24041025,-0.779676987,-0.794109806,5
-0.988099076,-0.258513156,1.166542463,1.832401525,0.287131748,-0.61856896,-1.061926005,1.222271072,-0.780244493,-0.343943534,-1.040452927,6
-0.153571774,-1.356921084,0.098080362,-0.962274813,0.055855089,0.272983485,-0.526330574,-1.017890625,-0.780244493,2.009017108,0.519720174,6
-0.511226332,1.039605303,-0.64162417,-0.23917674,-0.17542157,-0.143074323,-0.642764364,-1.164786474,-0.845982458,0.091789918,1.505092659,7
-0.153571774,-1.356921084,0.098080362,-0.962274813,0.055855089,0.272983485,-0.526330574,-1.017890625,-0.780244493,2.009017108,0.519720174,6
-1.822626378,-1.257065818,-0.148487816,-0.766842902,-0.406698229,-1.510121404,-2.063256594,-1.795770917,-0.977458389,0.788963442,1.75143578,6
-0.630444518,-0.258513156,1.906246995,-1.059990769,0.749685066,-0.856316278,-0.409896785,-0.593895788,-1.24041025,-0.779676987,-0.794109806,5
-0.988099076,-0.258513156,1.166542463,1.832401525,0.287131748,-0.61856896,-1.061926005,1.222271072,-0.780244493,-0.343943534,-1.040452927,6
-0.153571774,-0.558078955,-0.148487816,-0.102374402,0.379642412,0.272983485,0.288705952,-0.119822821,0.074349058,0.701816751,0.273377053,6
0.323300969,-0.657934221,-0.395055993,-0.649583755,-0.082910907,0.213546655,-0.409896785,-0.911057281,-1.24041025,0.963256823,0.683948922,6
-1.107317262,-0.15865789,-0.395055993,-0.649583755,-0.221676902,0.094672996,0.102411889,-1.575427143,0.205824988,-0.866823677,1.915664528,7
-0.630444518,-0.358368423,1.248731856,-0.121917593,0.33338708,-0.61856896,-0.4564703,0.01371886,-1.174672285,4.27483106,0.027033932,6
-0.511226332,1.838447433,-0.806002955,0.992044305,0.240876416,1.223972758,0.731154351,0.57459392,-0.714506527,0.614670061,-0.547766684,6
-0.511226332,-0.957500019,1.166542463,2.262351731,0.379642412,1.223972758,1.010595446,2.07693783,-1.371886181,1.050403513,-1.615253543,6
-0.86888089,0.440473707,-1.792275665,-0.317349505,0.379642412,-1.747868722,-0.992065732,0.027073028,-0.188602804,0.091789918,-0.958338553,5
0.323300969,1.239315836,-0.806002955,0.405748569,0.425897743,0.570167633,0.265419194,0.701458517,0.074349058,0.266083299,-1.040452927,5
-1.226535448,-0.458223689,-0.806002955,-0.942731622,-0.406698229,-0.202511152,-0.57290409,-1.134739596,0.140087023,0.178936609,0.766063296,6
-0.630444518,-0.957500019,1.166542463,2.262351731,0.379642412,1.223972758,1.010595446,2.07693783,-1.371886181,1.050403513,-1.615253543,6
-0.86888089,0.440473707,-1.792275665,-0.317349505,0.379642412,-1.747868722,-0.992065732,0.027073028,-0.188602804,0.091789918,-0.958338553,5
-0.630444518,0.939750037,-1.792275665,-0.102374402,0.472153075,-1.747868722,-1.131786279,0.400989735,-0.845982458,-0.256796844,-1.697367917,4
0.084864597,-0.458223689,0.673406109,-1.040447578,0.749685066,-0.024200664,-0.922205458,-0.326812426,-0.977458389,-0.779676987,-1.040452927,5
0.323300969,1.239315836,-0.806002955,0.405748569,0.425897743,0.570167633,0.265419194,0.701458517,0.074349058,0.266083299,-1.040452927,5
0.800173713,-0.857644753,0.262459146,1.304735363,-0.591719556,0.98622544,0.265419194,1.035312719,-0.057126873,2.619043942,-0.055080442,6
-1.107317262,0.041052642,-0.559434778,-0.454151843,0.009599757,0.867351781,0.172272162,-0.967812495,0.534514816,0.614670061,0.930292043,6
-0.86888089,0.440473707,0.919974286,-0.688670137,-0.776740884,0.094672996,-1.061926005,-1.395145874,0.403038885,0.963256823,1.587207033,6
0.800173713,-0.857644753,0.262459146,1.304735363,-0.591719556,0.98622544,0.265419194,1.035312719,-0.057126873,2.619043942,-0.055080442,6
-0.630444518,-0.15865789,-0.64162417,-1.040447578,0.287131748,-0.796879449,0.847588141,-0.373552015,-0.648768562,0.44037668,-0.958338553,5
-1.226535448,-0.258513156,-0.559434778,-0.962274813,-0.776740884,0.094672996,-1.364653858,-1.655552152,0.074349058,-0.256796844,1.422978285,6
-0.988099076,0.041052642,-0.312866601,0.259174635,-0.68423022,-0.143074323,-0.014021901,-0.400260351,0.205824988,-0.256796844,0.437605801,6
-0.034353588,-0.857644753,0.344648539,-1.030675983,-1.054272874,-0.321384812,-0.805771669,-1.231557315,-0.517292631,-0.953970368,0.766063296,5
-0.630444518,0.140907908,1.906246995,-1.059990769,0.657174402,-1.212937256,-0.4564703,-0.587218704,-0.845982458,-0.692530296,-0.794109806,5
-0.153571774,-0.058802624,-0.97038174,2.223265349,-0.545464225,-1.153500426,-0.549617332,1.582833611,-0.780244493,0.353229989,-1.040452927,5
0.680955527,-0.15865789,0.344648539,-0.141460784,-1.146783538,-0.737442619,-0.340036511,-0.260041586,-0.3858167,1.137550204,0.519720174,6
-0.153571774,-0.058802624,-0.97038174,2.223265349,-0.545464225,-1.153500426,-0.549617332,1.582833611,-0.780244493,0.353229989,-1.040452927,5
-0.630444518,-0.757789487,-0.97038174,0.190773466,-0.637974888,1.04566227,0.754441109,-0.039697812,0.337300919,0.788963442,0.437605801,6
0.442519155,0.540328973,-0.97038174,-0.981818005,-0.221676902,0.272983485,0.870874899,-0.430307229,-0.320078735,-0.082503463,-0.465652311,5
0.442519155,0.640184239,-0.97038174,-0.981818005,-0.082910907,0.451293973,0.847588141,-0.433645771,-0.320078735,-0.256796844,-0.465652311,5
-0.630444518,0.140907908,1.906246995,-1.059990769,0.657174402,-1.212937256,-0.4564703,-0.587218704,-0.845982458,-0.692530296,-0.794109806,5
-0.988099076,8.229184466,-1.463518095,-0.395522269,-0.591719556,-1.628995063,-0.712624637,-1.194833353,1.060418539,-0.169650153,1.587207033,4
-0.749662704,-0.358368423,-0.395055993,-0.942731622,0.287131748,0.748478121,1.057168962,-0.253364502,0.140087023,0.091789918,-0.876224179,5
-0.86888089,-0.358368423,-0.97038174,0.288489422,0.33338708,0.570167633,0.218845678,0.431036613,0.271562954,0.266083299,-0.958338553,5
0.561737341,-1.157210552,-0.559434778,1.773771952,0.194621084,-0.61856896,-0.107168932,1.41590651,-1.897789905,-0.518236915,-1.451024796,7
0.561737341,-1.157210552,-0.559434778,1.773771952,0.194621084,-0.61856896,-0.107168932,1.41590651,-1.897789905,-0.518236915,-1.451024796,7
0.561737341,-1.157210552,-0.559434778,1.773771952,0.194621084,-0.61856896,-0.107168932,1.41590651,-1.897789905,-0.518236915,-1.451024796,7
0.561737341,-1.157210552,-0.559434778,1.773771952,0.194621084,-0.61856896,-0.107168932,1.41590651,-1.897789905,-0.518236915,-1.451024796,7
0.323300969,-1.057355286,-0.477245386,2.174407371,0.194621084,-0.143074323,0.335279467,1.853255515,-1.634838043,-0.518236915,-1.204681674,7
-0.034353588,-0.857644753,0.098080362,1.382908128,-0.360442897,0.807914951,-0.503043816,0.434375155,-1.24041025,1.224696894,0.191262679,6
-0.034353588,-0.857644753,0.098080362,1.382908128,-0.360442897,0.807914951,-0.503043816,0.434375155,-1.24041025,1.224696894,0.191262679,6
-0.153571774,-1.157210552,0.180269754,-1.001361196,-0.545464225,-0.202511152,-0.968778974,-1.194833353,-1.10893432,0.788963442,0.683948922,6
0.561737341,-1.157210552,-0.559434778,1.773771952,0.194621084,-0.61856896,-0.107168932,1.41590651,-1.897789905,-0.518236915,-1.451024796,7
-0.153571774,0.240763174,-0.559434778,1.011587496,-0.822996215,-0.796879449,-0.992065732,-0.340166595,-1.503362112,-0.953970368,1.012406417,6
-0.86888089,-0.358368423,-0.97038174,0.288489422,0.33338708,0.570167633,0.218845678,0.431036613,0.271562954,0.266083299,-0.958338553,5
0.561737341,-1.157210552,-0.559434778,1.773771952,0.194621084,-0.61856896,-0.107168932,1.41590651,-1.897789905,-0.518236915,-1.451024796,7
0.323300969,-1.057355286,-0.477245386,2.174407371,0.194621084,-0.143074323,0.335279467,1.853255515,-1.634838043,-0.518236915,-1.204681674,7
-0.153571774,0.240763174,-0.559434778,1.011587496,-0.822996215,-0.796879449,-0.992065732,-0.340166595,-1.503362112,-0.953970368,1.012406417,6
-0.511226332,1.538881634,-1.29913931,1.314506959,-0.637974888,-0.61856896,-0.200315964,0.497807453,0.271562954,0.178936609,0.191262679,5
-0.392008146,-1.057355286,0.180269754,-0.884102049,-0.452953561,0.154109825,-0.689337879,-1.201510437,-0.911720423,0.44037668,0.766063296,6
-0.034353588,-0.857644753,0.098080362,1.382908128,-0.360442897,0.807914951,-0.503043816,0.434375155,-1.24041025,1.224696894,0.191262679,6
-0.153571774,-1.157210552,0.180269754,-1.001361196,-0.545464225,-0.202511152,-0.968778974,-1.194833353,-1.10893432,0.788963442,0.683948922,6
-0.630444518,1.339171102,-2.696358981,-0.063288019,0.102110421,-0.915753108,-1.620808195,-0.179916577,0.008611092,-0.605383606,-0.383537937,5
-0.630444518,1.339171102,-2.696358981,-0.063288019,0.102110421,-0.915753108,-1.620808195,-0.179916577,0.008611092,-0.605383606,-0.383537937,5
0.561737341,0.839894771,-0.148487816,-0.884102049,-0.452953561,-0.4996953,-0.479757058,-0.734114553,-0.254340769,0.004643228,0.601834548,6
-0.988099076,-1.057355286,-1.052571133,-0.884102049,2.044834356,0.510730803,-0.223602722,-0.537140574,-0.780244493,-0.692530296,-0.629881058,5
-1.703408192,0.041052642,-1.052571133,-0.942731622,-0.637974888,-0.737442619,-1.271506826,-1.298328155,1.520584297,-0.605383606,1.669321407,5
-0.392008146,2.237868497,-0.64162417,0.952957922,-0.776740884,-0.202511152,-0.689337879,-0.380229099,0.534514816,2.531897251,1.997778902,8
0.204082783,1.6387369,-0.559434778,0.386205378,0.518408407,1.461720077,0.475000015,-0.53046349,-0.188602804,-1.128263748,1.094520791,6
-0.034353588,1.039605303,-0.477245386,0.366662187,0.749685066,-0.796879449,0.614720562,0.300833474,-0.188602804,2.009017108,0.109148306,5
0.204082783,1.6387369,-0.559434778,0.386205378,0.518408407,1.461720077,0.475000015,-0.53046349,-0.188602804,-1.128263748,1.094520791,6
-0.86888089,-0.358368423,-0.477245386,1.128846643,0.148365752,1.105099099,-0.153742448,0.347573062,0.008611092,-1.041117058,0.191262679,6
-0.988099076,0.041052642,-0.559434778,0.308032613,0.102110421,0.332420314,0.521573531,0.274125138,0.140087023,0.178936609,-0.465652311,5
0.800173713,-0.15865789,-0.148487816,-1.001361196,0.102110421,-0.737442619,-1.481087647,-1.288312529,-1.503362112,-0.256796844,1.258749538,6
0.680955527,-1.157210552,0.344648539,1.226562599,-0.129166238,2.085806788,0.544860288,0.968541879,-0.254340769,2.880484013,-0.055080442,7
-0.511226332,0.839894771,-1.463518095,-1.001361196,0.379642412,-1.450684574,-0.759198153,-0.059729065,0.008611092,-0.866823677,-1.615253543,5
-0.392008146,0.740039505,-1.216949918,0.796612393,0.657174402,-1.212937256,-1.3413671,0.57459392,-0.3858167,-0.953970368,-0.465652311,4
-1.46497182,-0.258513156,-0.64162417,1.187476216,0.148365752,1.015943855,-0.4564703,0.918463748,-0.714506527,-0.343943534,-0.876224179,6
0.561737341,0.939750037,-0.64162417,0.620723672,0.194621084,-0.143074323,-0.13045569,0.64136476,-0.3858167,-0.256796844,-0.055080442,5
-1.46497182,-0.258513156,-1.052571133,-0.962274813,-0.082910907,-0.856316278,-0.735911395,-0.914395823,0.731728712,0.876110132,0.437605801,6
-1.345753634,-0.458223689,-1.052571133,-0.962274813,-0.082910907,-0.856316278,-0.689337879,-0.927749991,0.731728712,0.701816751,0.437605801,6
-1.822626378,-0.108730257,-0.477245386,0.268946231,0.287131748,-0.4996953,-1.131786279,0.053781364,0.008611092,-0.953970368,-0.055080442,6
-1.46497182,-0.258513156,-0.559434778,0.855241966,0.194621084,1.342846418,-0.549617332,0.587948088,-0.583030596,0.091789918,-0.547766684,6
-1.46497182,-0.258513156,-0.64162417,1.187476216,0.148365752,1.015943855,-0.782484911,0.918463748,-0.714506527,-0.343943534,-0.876224179,6
-1.226535448,-0.458223689,-0.477245386,0.42529176,0.009599757,0.094672996,0.055838373,0.053781364,0.271562954,0.353229989,0.109148306,6
-0.86888089,0.240763174,-0.148487816,-1.020904387,0.287131748,-0.202511152,1.057168962,-0.500416612,0.600252781,-0.431090225,-0.301423563,5
-0.511226332,0.540328973,-0.806002955,1.57834004,0.102110421,-0.915753108,-1.01535249,0.133906373,-0.845982458,-1.651143891,0.848177669,8
0.561737341,-0.15865789,-0.395055993,-0.532324607,0.102110421,-1.272374085,-1.550947921,-0.887687486,-0.845982458,-0.343943534,0.766063296,6
0.084864597,-0.757789487,0.509027324,-1.040447578,0.564663739,-0.321384812,-1.085212763,-0.313458258,-1.043196354,-0.953970368,-1.040452927,6
-0.511226332,-0.657934221,0.673406109,-1.040447578,0.610919071,-0.143074323,-0.8989187,-0.487062444,-0.451554666,-0.953970368,-0.629881058,6
0.442519155,-0.258513156,-0.559434778,-0.512781416,0.055855089,-1.153500426,-1.411227374,-0.81090102,-0.780244493,-0.256796844,0.683948922,6
-0.153571774,-0.058802624,-0.806002955,-0.356435887,2.414877011,0.035236166,-0.293462995,-0.012989476,-0.254340769,0.004643228,-0.711995432,6
-0.27278996,-0.358368423,-0.312866601,0.737982819,1.11972772,0.510730803,0.917448415,0.835000198,-2.160741766,-0.256796844,-1.286796048,6
-0.630444518,-1.356921084,-0.477245386,0.288489422,0.518408407,-0.856316278,-1.3413671,0.03041157,0.46877685,-1.128263748,-0.383537937,6
-0.630444518,2.237868497,-1.134760525,-0.786386093,0.610919071,-0.975189937,-0.642764364,-0.340166595,-0.057126873,-0.779676987,-1.040452927,6
-0.392008146,1.339171102,-0.559434778,0.835698775,2.969940992,-0.915753108,-0.852345184,0.85503145,-0.714506527,-0.692530296,-1.204681674,6
-0.630444518,-0.258513156,-0.477245386,-0.297806313,-0.730485552,-0.380821641,-0.968778974,-1.308343781,-0.648768562,0.788963442,1.915664528,7
-0.392008146,1.339171102,-0.559434778,0.835698775,2.969940992,-0.915753108,-0.852345184,0.85503145,-0.714506527,-0.692530296,-1.204681674,6
1.277046457,-0.258513156,0.098080362,-1.040447578,0.379642412,-1.331810915,-0.083882174,-0.166562409,-0.714506527,0.52752337,-0.794109806,5
-0.630444518,-1.356921084,-0.477245386,0.288489422,0.518408407,-0.856316278,-1.3413671,0.03041157,0.46877685,-1.128263748,-0.383537937,6
-0.392008146,-0.657934221,0.015890969,-0.161003975,0.009599757,-0.321384812,0.009264857,-0.390244725,0.205824988,-0.953970368,0.437605801,5
-0.630444518,2.237868497,-1.134760525,-0.786386093,0.610919071,-0.975189937,-0.642764364,-0.340166595,-0.057126873,-0.779676987,-1.040452927,6
-0.749662704,0.140907908,-0.888192348,1.519710466,-0.406698229,-0.678005789,-0.945492216,0.374281398,-0.714506527,-0.953970368,0.109148306,6
-0.034353588,0.939750037,-0.888192348,0.601180481,0.518408407,1.105099099,0.614720562,0.507823079,0.271562954,-0.605383606,-0.383537937,5
-0.034353588,0.939750037,-0.888192348,0.601180481,0.518408407,1.105099099,0.614720562,0.507823079,0.271562954,-0.605383606,-0.383537937,5
-1.46497182,0.34061844,-0.477245386,-0.454151843,-0.730485552,-0.796879449,-1.248220068,-1.181479184,0.797466677,-0.953970368,1.012406417,7
-0.034353588,1.738592166,-0.559434778,-0.336892696,-0.499208893,-1.094063597,-1.387940616,-1.194833353,-0.451554666,-1.128263748,1.669321407,7
-0.034353588,0.240763174,0.919974286,-0.981818005,-0.314187566,0.035236166,-0.409896785,-1.191494811,-0.780244493,-0.169650153,0.519720174,7
-1.941844564,-0.458223689,1.824057603,-1.07953396,-0.221676902,0.629604462,0.032551615,-0.991182289,-0.188602804,1.137550204,-0.629881058,5
-0.153571774,0.240763174,-0.64162417,2.711845128,-0.406698229,0.570167633,0.242132436,1.038651261,-0.977458389,-0.953970368,1.505092659,6
-0.27278996,0.041052642,0.673406109,-0.57141099,-0.499208893,0.451293973,-0.805771669,-1.318359407,-0.057126873,-0.953970368,1.422978285,6
-2.299499122,-0.208585523,-0.97038174,-0.727756519,-0.129166238,0.629604462,0.31199271,-0.593895788,3.689937155,2.35760387,0.683948922,6
0.800173713,1.239315836,-0.559434778,-1.020904387,0.33338708,-0.737442619,1.243463025,-0.840947898,0.205824988,-0.953970368,0.930292043,5
-1.703408192,-0.657934221,-0.723813563,-1.020904387,-0.267932234,-1.034626767,-1.504374405,-1.368437538,0.797466677,0.614670061,0.683948922,6
-1.107317262,-0.757789487,-0.723813563,-0.864558858,-0.221676902,-0.321384812,-1.038639248,-1.128062512,0.534514816,0.614670061,0.519720174,6
-0.988099076,-1.057355286,-0.395055993,-1.040447578,-0.221676902,-0.202511152,-1.108499521,-1.268281277,0.46877685,0.701816751,0.601834548,6
0.680955527,-0.657934221,-0.395055993,-0.962274813,0.009599757,-0.024200664,-0.759198153,-0.977828121,-0.254340769,-0.343943534,0.683948922,6
0.442519155,-0.15865789,-0.148487816,-1.020904387,-0.221676902,-0.380821641,-1.061926005,-1.461916714,-0.780244493,-0.343943534,1.258749538,6
-0.86888089,0.740039505,-1.134760525,2.281894922,1.073472389,-0.143074323,0.428426499,1.642927367,-0.254340769,0.091789918,-1.368910422,6
-0.86888089,0.740039505,-1.134760525,2.281894922,1.073472389,-0.143074323,0.428426499,1.642927367,-0.254340769,0.091789918,-1.368910422,6
-0.511226332,1.538881634,-0.230677208,-0.551867799,0.009599757,-0.975189937,0.079125131,-1.315020865,-0.254340769,-1.302557129,1.258749538,8
-0.511226332,1.239315836,-0.230677208,-0.57141099,0.009599757,-0.796879449,0.172272162,-1.308343781,-0.254340769,-1.563997201,1.258749538,7
0.561737341,0.041052642,1.330921248,1.109303452,0.148365752,0.748478121,-0.409896785,1.048666887,-1.174672285,-0.431090225,-1.204681674,5
-0.749662704,-0.458223689,-0.97038174,2.15486418,0.379642412,0.391857144,0.265419194,1.459307556,-0.451554666,0.963256823,-0.958338553,6
-0.86888089,0.640184239,-0.723813563,1.109303452,0.610919071,-0.143074323,0.731154351,1.178870026,-0.320078735,0.614670061,-1.451024796,6
-0.392008146,1.6387369,-0.148487816,-0.669126946,2.276111015,-1.331810915,-1.504374405,-1.542041723,-0.583030596,1.224696894,1.915664528,6
-1.107317262,-1.45677635,0.180269754,-0.942731622,0.287131748,-0.737442619,-1.574234679,-1.475270883,-0.583030596,0.091789918,0.848177669,7
-0.749662704,-1.057355286,-0.888192348,-0.141460784,0.102110421,0.510730803,0.172272162,-0.113145737,-0.714506527,0.44037668,-0.383537937,5
-0.749662704,-0.957500019,-0.97038174,-0.161003975,0.055855089,0.570167633,0.172272162,-0.109807195,-0.648768562,0.44037668,-0.383537937,5
-0.27278996,0.34061844,0.015890969,0.073514319,0.610919071,0.92678861,1.755771698,0.407666819,0.928942608,0.614670061,-0.137194816,5
-0.392008146,0.540328973,-0.148487816,1.793315143,0.379642412,1.580593736,2.035212793,1.062021055,0.403038885,0.614670061,-0.055080442,5
-0.749662704,0.640184239,-0.230677208,-0.08283121,-1.19303887,-1.034626767,-1.66738171,-1.451901088,0.205824988,-1.738290582,2.40835077,7
-0.153571774,0.140907908,-0.148487816,-0.90364524,-0.637974888,-1.034626767,-0.223602722,-1.071307298,-0.911720423,1.137550204,0.601834548,6
0.561737341,0.34061844,-0.64162417,0.42529176,0.102110421,0.689041292,1.546190877,0.748198105,0.46877685,-1.128263748,-1.122567301,5
0.561737341,0.34061844,-0.64162417,0.42529176,0.102110421,0.689041292,1.546190877,0.748198105,0.46877685,-1.128263748,-1.122567301,5
-1.46497182,-0.258513156,-0.559434778,0.992044305,-0.267932234,-0.678005789,-0.4564703,-0.016328018,0.928942608,-1.563997201,0.273377053,6
-0.153571774,-0.058802624,-0.477245386,0.268946231,-0.360442897,-0.55913213,-1.178359795,-0.887687486,0.337300919,-1.302557129,1.669321407,6
-1.226535448,-0.15865789,-0.806002955,-0.786386093,0.009599757,-0.4996953,-0.177029206,-0.607249956,2.90108157,2.096163799,0.683948922,5
-1.226535448,3.735697489,-0.888192348,-0.278263122,-0.499208893,-0.915753108,-0.270176237,-1.335052118,1.783536158,-0.082503463,1.915664528,6
0.561737341,0.34061844,-0.64162417,0.42529176,0.102110421,0.689041292,1.546190877,0.748198105,0.46877685,-1.128263748,-1.122567301,5
-0.392008146,-0.458223689,-0.148487816,-0.962274813,-0.221676902,-1.628995063,-1.574234679,-1.558734433,0.205824988,-0.866823677,1.833550154,6
-0.153571774,-0.957500019,0.098080362,-0.200090357,0.379642412,1.04566227,0.079125131,-0.430307229,-0.583030596,0.44037668,0.437605801,7
-0.153571774,0.041052642,-0.395055993,1.070217069,0.287131748,0.92678861,0.218845678,0.427698071,-1.10893432,0.788963442,-0.055080442,6
-0.153571774,0.041052642,-0.395055993,1.070217069,0.287131748,0.92678861,0.218845678,0.427698071,-1.10893432,0.788963442,-0.055080442,6
-1.226535448,-0.058802624,-0.559434778,0.503464525,0.240876416,0.451293973,-0.083882174,-0.01966656,0.403038885,0.353229989,0.191262679,6
-0.988099076,-0.258513156,-0.477245386,0.698896437,0.425897743,1.223972758,-0.200315964,-0.053051981,0.205824988,-1.215410439,0.355491427,6
-0.153571774,0.041052642,-0.395055993,1.070217069,0.287131748,0.92678861,0.218845678,0.427698071,-1.10893432,0.788963442,-0.055080442,6
-0.153571774,-0.15865789,-0.395055993,1.070217069,0.287131748,1.105099099,0.475000015,0.434375155,-1.043196354,0.788963442,-0.055080442,6
0.204082783,-1.45677635,-0.395055993,1.773771952,0.84219573,1.223972758,-0.561260711,1.072036681,-0.188602804,-0.692530296,-0.629881058,7
-0.153571774,-0.957500019,0.098080362,-0.200090357,0.379642412,1.04566227,0.079125131,-0.430307229,-0.583030596,0.44037668,0.437605801,7
-0.86888089,-0.757789487,-0.723813563,1.676055996,0.425897743,-1.628995063,-0.4564703,1.172192942,0.008611092,0.353229989,-0.711995432,6
-1.345753634,-0.358368423,-0.477245386,-0.981818005,-0.360442897,0.272983485,-1.481087647,-2.353307435,-0.583030596,-1.738290582,2.818922639,7
0.800173713,2.038157965,-0.230677208,0.58163729,0.009599757,-1.747868722,1.266749783,0.995250215,-0.780244493,1.050403513,-0.876224179,5
0.561737341,-0.15865789,-0.148487816,-0.532324607,-0.637974888,-0.380821641,1.243463025,-0.941104159,-0.583030596,1.573283656,1.669321407,6
-0.86888089,-0.757789487,-0.723813563,1.676055996,0.425897743,-1.628995063,-0.4564703,1.172192942,0.008611092,0.353229989,-0.711995432,6
-0.988099076,0.240763174,1.084353071,-0.981818005,0.148365752,0.867351781,1.103742478,-0.487062444,0.008611092,-0.343943534,-0.794109806,5
-0.86888089,0.440473707,1.330921248,0.014884746,0.102110421,1.521156906,1.08045572,0.214031381,0.008611092,-0.343943534,-0.711995432,5
-0.988099076,0.240763174,1.084353071,-0.981818005,0.148365752,0.867351781,1.103742478,-0.487062444,0.008611092,-0.343943534,-0.794109806,5
-0.749662704,0.640184239,1.495300033,-0.024201637,0.055855089,1.640030566,1.08045572,0.217369923,-0.057126873,-0.431090225,-0.711995432,5
0.561737341,-1.157210552,-0.312866601,1.42199451,0.472153075,-0.143074323,0.661294078,1.365828379,-1.897789905,-0.431090225,-1.451024796,7
0.561737341,-1.157210552,-0.312866601,1.42199451,0.472153075,-0.143074323,0.661294078,1.365828379,-1.897789905,-0.431090225,-1.451024796,7
0.561737341,-1.157210552,-0.312866601,1.42199451,0.472153075,-0.143074323,0.661294078,1.365828379,-1.897789905,-0.431090225,-1.451024796,7
0.561737341,-1.157210552,-0.312866601,1.42199451,0.472153075,-0.143074323,0.661294078,1.365828379,-1.897789905,-0.431090225,-1.451024796,7
0.561737341,-1.157210552,-0.312866601,1.42199451,0.472153075,-0.143074323,0.661294078,1.365828379,-1.897789905,-0.431090225,-1.451024796,7
0.561737341,-1.157210552,-0.312866601,1.42199451,0.472153075,-0.143074323,0.661294078,1.365828379,-1.897789905,-0.431090225,-1.451024796,7
0.323300969,-0.15865789,0.344648539,-0.962274813,0.703429734,-1.391247745,-0.4564703,-0.747468721,-0.057126873,-0.256796844,-0.055080442,5
0.084864597,0.34061844,0.098080362,-0.942731622,0.795940398,-1.331810915,-0.479757058,-0.774177058,0.205824988,0.091789918,0.191262679,5
-0.392008146,-0.558078955,0.098080362,-0.981818005,0.194621084,-0.737442619,-1.318080342,-1.325036491,-0.122864839,-0.082503463,1.258749538,7
-1.345753634,-0.458223689,-0.230677208,-0.57141099,-0.082910907,-0.024200664,0.428426499,-1.395145874,0.008611092,-1.041117058,1.340863912,7
-0.749662704,-1.057355286,-0.148487816,-1.059990769,-0.267932234,0.213546655,-0.503043816,-1.769062581,0.797466677,-0.779676987,2.162007649,8
-1.107317262,-0.857644753,-0.64162417,-0.981818005,-0.314187566,-0.321384812,-0.829058427,-1.395145874,0.863204643,-0.692530296,1.587207033,6
-0.27278996,-0.657934221,0.015890969,-0.962274813,-0.499208893,0.570167633,-0.386610027,-1.558734433,0.337300919,-1.128263748,1.75143578,7
0.561737341,-1.157210552,-0.312866601,1.42199451,0.472153075,-0.143074323,0.661294078,1.365828379,-1.897789905,-0.431090225,-1.451024796,7
-0.392008146,-0.558078955,0.262459146,-0.942731622,-0.267932234,-0.261947982,-0.8989187,-1.358421912,-0.254340769,1.486136965,1.258749538,5
-0.153571774,0.640184239,-0.559434778,-0.23917674,0.657174402,-1.272374085,0.684580836,-0.5471562,0.534514816,0.701816751,0.930292043,6
0.204082783,0.640184239,4.289739376,-0.981818005,5.930282228,0.035236166,-0.945492216,-0.426968687,-1.766313974,0.091789918,-0.958338553,5
-0.749662704,-0.358368423,-0.97038174,1.070217069,0.194621084,1.758904225,0.917448415,0.811630404,-0.845982458,0.788963442,-0.958338553,6
-0.034353588,0.740039505,0.426837931,-0.786386093,0.102110421,-0.61856896,0.405139741,-0.944442701,0.074349058,0.44037668,0.519720174,7
-0.153571774,-0.358368423,-0.066298423,-0.630040563,0.148365752,1.937214714,0.498286773,-0.306781174,-0.583030596,1.747577037,-0.219309189,6
-0.630444518,-0.258513156,-0.066298423,-0.923188431,-0.406698229,-0.024200664,-0.619477606,-0.840947898,0.271562954,1.486136965,0.109148306,6
-1.345753634,-0.857644753,-0.066298423,-0.434608652,-0.360442897,0.807914951,-0.153742448,-1.031244793,-0.188602804,-0.605383606,0.683948922,7
-0.034353588,-0.358368423,0.509027324,1.75422876,0.287131748,2.709893499,1.359896814,1.48267735,0.074349058,1.747577037,-0.876224179,5
-0.511226332,0.34061844,2.235004565,1.285192172,0.33338708,-0.261947982,-0.386610027,0.975218963,-0.648768562,0.091789918,-0.958338553,6
-0.392008146,-0.258513156,-0.148487816,-0.161003975,-0.314187566,-1.212937256,-1.66738171,-0.84428644,-1.503362112,0.266083299,0.519720174,6
0.680955527,1.039605303,1.824057603,0.640266863,0.425897743,-1.212937256,0.707867594,0.631349134,-0.3858167,1.398990275,-0.465652311,6
-0.86888089,0.240763174,-0.312866601,-0.766842902,-0.221676902,-0.380821641,-1.3413671,-1.171463558,0.797466677,1.050403513,1.094520791,7
-0.630444518,0.540328973,-0.477245386,-0.473695034,-0.267932234,-0.678005789,-1.364653858,-1.288312529,0.46877685,1.311843585,1.75143578,7
-0.034353588,-0.358368423,0.509027324,1.75422876,0.287131748,2.709893499,1.359896814,1.48267735,0.074349058,1.747577037,-0.876224179,5
0.800173713,-0.058802624,-0.148487816,-1.020904387,-0.129166238,-0.737442619,-1.574234679,-0.600572872,-0.845982458,1.660430346,0.027033932,5
-1.226535448,-0.358368423,0.015890969,-0.864558858,-0.406698229,0.272983485,-0.735911395,-1.562072975,0.008611092,0.091789918,1.505092659,6
-1.941844564,0.540328973,-0.312866601,-1.020904387,0.102110421,-0.61856896,-0.479757058,-1.238234399,0.863204643,1.137550204,0.683948922,6
-0.630444518,-0.657934221,-1.052571133,-0.258719931,2.368621679,-0.856316278,-0.805771669,-0.086437401,-0.780244493,-0.256796844,-0.711995432,5
0.084864597,-0.558078955,-0.312866601,-0.981818005,-0.267932234,-1.272374085,-1.7838155,-1.43854692,0.074349058,-1.38970382,1.258749538,6
1.038610085,-0.058802624,0.098080362,-1.020904387,0.194621084,0.035236166,0.009264857,-0.927749991,-0.648768562,-0.343943534,0.601834548,5
-0.27278996,-0.757789487,-0.806002955,0.014884746,-0.082910907,-0.440258471,-0.922205458,-0.226656166,-0.451554666,-1.38970382,-0.219309189,6
1.396264643,-0.058802624,-0.066298423,-1.001361196,-0.036655575,-0.55913213,-0.922205458,-1.168125016,-1.371886181,-0.431090225,1.587207033,6
-0.27278996,-0.757789487,-0.806002955,0.014884746,-0.082910907,-0.440258471,-0.922205458,-0.226656166,-0.451554666,-1.38970382,-0.219309189,6
0.204082783,1.738592166,-0.806002955,-0.727756519,-0.267932234,-0.678005789,-1.224933311,-1.849187589,-1.634838043,-0.953970368,2.40835077,8
-1.345753634,-0.558078955,-0.395055993,-1.001361196,-0.452953561,-0.61856896,-1.66738171,-1.839171963,0.337300919,-1.215410439,1.75143578,6
-0.749662704,0.240763174,1.166542463,0.190773466,0.33338708,-0.083637493,0.218845678,0.187323045,-0.057126873,0.353229989,-0.547766684,5
1.157828271,0.839894771,1.577489425,1.265648981,0.148365752,1.640030566,-0.014021901,1.255656493,-1.634838043,-0.343943534,-1.122567301,5
1.396264643,-0.058802624,-0.066298423,-1.001361196,-0.036655575,-0.55913213,-0.922205458,-1.168125016,-1.371886181,-0.431090225,1.587207033,6
1.277046457,-0.358368423,-0.066298423,-1.020904387,-0.082910907,-0.440258471,-0.8989187,-1.271619819,-1.043196354,-0.518236915,1.669321407,6
-0.27278996,1.339171102,-0.559434778,-0.74729971,-0.591719556,-0.61856896,-1.271506826,-1.101354176,-0.911720423,-1.302557129,1.012406417,6
-0.27278996,-0.358368423,-0.230677208,-0.805929284,-0.082910907,0.094672996,-0.619477606,-1.345067744,0.665990746,-0.256796844,1.997778902,6
-0.86888089,0.240763174,-0.148487816,-1.001361196,0.379642412,-0.4996953,1.010595446,-0.500416612,0.731728712,-0.518236915,-0.301423563,5
-0.034353588,-0.15865789,0.344648539,0.796612393,-0.082910907,-0.143074323,-0.014021901,0.337557436,-0.845982458,0.091789918,-0.137194816,6
-0.27278996,1.339171102,-0.559434778,-0.74729971,-0.591719556,-0.61856896,-1.271506826,-1.101354176,-0.911720423,-1.302557129,1.012406417,6
-1.226535448,0.440473707,-1.134760525,1.558796849,0.194621084,-0.380821641,0.102411889,0.835000198,0.337300919,-0.692530296,-0.137194816,6
-0.988099076,-0.258513156,-0.312866601,-1.020904387,-0.452953561,0.391857144,-0.759198153,-1.054614588,0.994680573,0.614670061,0.273377053,7
-1.584190006,-0.458223689,-0.395055993,-0.649583755,-1.054272874,-0.975189937,-1.178359795,-1.161447932,0.403038885,0.178936609,0.601834548,6
-0.392008146,-0.458223689,-0.148487816,-0.923188431,-1.008017543,-0.55913213,-0.875631942,-1.10803126,0.665990746,0.963256823,1.094520791,6
-1.107317262,-1.057355286,-1.052571133,-0.08283121,0.194621084,-0.55913213,-0.13045569,-0.086437401,-0.714506527,0.44037668,-0.547766684,6
0.204082783,1.039605303,0.673406109,1.050673878,-0.221676902,-0.202511152,1.243463025,0.694781433,-0.977458389,0.004643228,-0.383537937,6
-0.392008146,0.34061844,0.262459146,-0.043744828,0.287131748,-1.331810915,0.568147046,0.621333508,0.337300919,-0.866823677,-1.368910422,4
-0.511226332,1.039605303,1.577489425,-0.981818005,4.45011161,-1.807305552,-1.644094952,-0.520447864,-0.320078735,0.266083299,-0.301423563,4
0.084864597,1.6387369,-0.806002955,1.109303452,0.472153075,1.937214714,1.639337909,1.008604383,-0.911720423,0.091789918,-0.794109806,5
0.084864597,1.6387369,-0.806002955,1.109303452,0.472153075,1.937214714,1.639337909,1.008604383,-0.911720423,0.091789918,-0.794109806,5
0.084864597,1.6387369,-0.806002955,1.109303452,0.472153075,1.937214714,1.639337909,1.008604383,-0.911720423,0.091789918,-0.794109806,5
-0.988099076,1.039605303,-1.62789688,-0.493238225,0.657174402,-0.4996953,-0.619477606,-0.240010334,-0.780244493,-1.302557129,-1.040452927,4
1.277046457,0.540328973,-0.148487816,-0.356435887,-0.221676902,-0.261947982,0.940735172,-0.774177058,-1.766313974,2.183310489,1.422978285,6
0.084864597,1.6387369,-0.806002955,1.109303452,0.472153075,1.937214714,1.639337909,1.008604383,-0.911720423,0.091789918,-0.794109806,5
-1.107317262,-0.857644753,-0.395055993,-1.020904387,0.009599757,-0.380821641,-1.108499521,-1.278296903,0.205824988,0.353229989,0.683948922,6
-0.749662704,0.041052642,0.015890969,0.327575804,-0.360442897,0.510730803,-0.24688948,-0.560510368,0.46877685,-1.738290582,1.340863912,6
-0.988099076,1.039605303,-1.62789688,-0.493238225,0.657174402,-0.4996953,-0.619477606,-0.240010334,-0.780244493,-1.302557129,-1.040452927,4
-1.941844564,1.538881634,-1.874465057,-1.040447578,-0.776740884,-1.747868722,-2.063256594,-1.134739596,2.112225985,-0.082503463,0.601834548,4
-1.822626378,-0.558078955,0.098080362,0.014884746,-0.776740884,-0.55913213,-1.224933311,-1.081322924,0.665990746,-0.431090225,1.669321407,7
-0.86888089,0.690111872,-0.559434778,0.718439628,0.472153075,0.154109825,1.103742478,0.234062633,0.797466677,0.614670061,0.109148306,5
-1.584190006,-0.208585523,1.906246995,0.835698775,0.472153075,1.818341055,0.731154351,0.160614709,0.403038885,1.050403513,-0.055080442,7
-2.06106275,-0.757789487,-0.559434778,-0.630040563,0.055855089,-1.153500426,-1.085212763,-0.603911414,1.652060227,0.353229989,-0.301423563,7
-0.86888089,0.140907908,-0.888192348,1.167933025,0.102110421,-0.143074323,1.429757088,0.654718928,-0.517292631,0.614670061,-0.465652311,6
-0.749662704,-0.15865789,-0.723813563,-0.23917674,0.009599757,-1.450684574,-0.153742448,-0.714083301,-1.437624147,1.660430346,0.437605801,6
-1.107317262,-0.558078955,-0.888192348,-0.278263122,-0.036655575,-1.510121404,-0.409896785,-0.517109322,-1.634838043,1.224696894,-0.383537937,6
0.680955527,0.740039505,0.262459146,-0.766842902,0.934706393,-0.380821641,-1.178359795,-1.508656303,-0.320078735,-0.605383606,1.833550154,6
-0.392008146,1.13946057,-0.477245386,0.542550907,-0.452953561,-1.510121404,-1.108499521,-0.700729133,-0.780244493,-1.215410439,1.340863912,6
-0.749662704,-0.458223689,-0.066298423,0.09305751,0.287131748,-0.737442619,-0.503043816,-0.119822821,0.271562954,-0.256796844,-0.055080442,6
-0.749662704,-0.558078955,-0.312866601,-0.864558858,0.194621084,-0.737442619,-0.4564703,-0.707406217,0.337300919,-0.169650153,-0.055080442,6
-0.630444518,0.140907908,-1.29913931,1.676055996,-0.267932234,-0.856316278,-0.549617332,1.068698139,-0.320078735,0.091789918,-1.040452927,5
-0.630444518,0.140907908,-1.29913931,1.676055996,-0.267932234,-0.856316278,-0.549617332,1.068698139,-0.320078735,0.091789918,-1.040452927,5
0.680955527,-0.458223689,-0.312866601,-1.020904387,-0.730485552,-0.4996953,-1.387940616,-0.747468721,-0.911720423,1.660430346,0.027033932,5
-0.630444518,0.140907908,-1.29913931,1.676055996,-0.267932234,-0.856316278,-0.549617332,1.068698139,-0.320078735,0.091789918,-1.040452927,5
-1.46497182,0.041052642,0.180269754,-0.90364524,-0.221676902,0.154109825,-1.155073037,-1.381791706,0.534514816,4.27483106,1.176635164,7
-0.511226332,-0.15865789,-0.806002955,0.855241966,-0.17542157,0.689041292,-0.223602722,0.614656424,-0.714506527,-0.779676987,-0.301423563,6
-0.630444518,-0.058802624,-0.395055993,-0.493238225,-0.545464225,1.580593736,0.009264857,-0.59723433,-0.583030596,0.876110132,0.519720174,6
-1.226535448,-0.558078955,-0.395055993,-0.434608652,-0.406698229,1.996651543,0.102411889,-0.674020797,-0.3858167,2.183310489,0.273377053,7
-0.153571774,-0.15865789,-0.64162417,-0.864558858,-1.239294202,-0.707724204,-1.574234679,-1.251588567,-0.188602804,-0.169650153,1.094520791,6
0.800173713,0.839894771,1.166542463,1.382908128,-0.360442897,0.510730803,-0.549617332,1.349135669,-0.977458389,-0.082503463,-1.040452927,5
0.800173713,0.740039505,1.084353071,1.343821746,-0.406698229,0.391857144,-0.549617332,1.355812753,-0.977458389,0.091789918,-1.040452927,5
-1.46497182,-0.957500019,-0.64162417,-0.825472475,-1.054272874,-0.856316278,-1.038639248,-1.622166732,-0.780244493,0.44037668,1.505092659,6
-0.392008146,0.839894771,1.084353071,-0.981818005,4.588877606,-0.55913213,-0.363323269,-0.473708275,-0.648768562,0.614670061,-0.301423563,6
-1.226535448,-1.356921084,-1.134760525,-0.942731622,-0.267932234,-0.55913213,-0.596190848,-1.037921877,0.403038885,-0.343943534,0.766063296,6
-1.703408192,-0.458223689,-1.216949918,-0.825472475,-0.082910907,0.213546655,0.498286773,-0.690713507,0.008611092,-0.518236915,-0.055080442,6
-0.27278996,-1.656486882,-0.64162417,1.636969613,0.33338708,0.510730803,-1.038639248,0.868385618,0.074349058,-1.215410439,-0.547766684,6
0.084864597,-0.358368423,-0.806002955,-0.90364524,0.055855089,-0.380821641,-1.131786279,-0.550494742,0.731728712,-0.518236915,-0.465652311,6
-0.27278996,-1.656486882,-0.64162417,1.636969613,0.33338708,0.510730803,-1.038639248,0.868385618,0.074349058,-1.215410439,-0.547766684,6
-1.941844564,1.938302699,-1.956654449,-1.001361196,-0.452953561,-1.450684574,-1.527661163,-1.114708344,1.915012089,0.44037668,0.601834548,4
0.680955527,0.140907908,-0.806002955,0.679353246,0.564663739,-0.61856896,-0.57290409,0.504484537,-0.254340769,-0.256796844,0.355491427,5
-1.107317262,0.540328973,-0.64162417,-0.258719931,0.240876416,-1.153500426,-0.479757058,0.000364692,-0.254340769,-0.692530296,-1.040452927,5
-1.107317262,0.540328973,-0.64162417,-0.258719931,0.240876416,-1.153500426,-0.479757058,0.000364692,-0.254340769,-0.692530296,-1.040452927,5
-1.345753634,0.440473707,-0.888192348,-0.962274813,-0.591719556,0.213546655,-0.433183543,-1.822479253,-1.503362112,-1.215410439,1.258749538,5
-1.345753634,0.240763174,-0.888192348,-0.962274813,-0.545464225,0.094672996,-0.433183543,-1.819140711,-1.503362112,-1.302557129,1.340863912,6
-3.730117354,0.34061844,-2.614169589,0.91387154,-0.452953561,-0.915753108,-0.596190848,-0.560510368,3.689937155,-0.431090225,1.587207033,6
-0.86888089,0.839894771,-0.97038174,-0.229405144,-0.360442897,0.510730803,0.125698647,-0.774177058,0.205824988,-0.779676987,0.601834548,6
-1.107317262,0.34061844,-0.559434778,-0.805929284,-0.17542157,-0.975189937,-0.4564703,-1.548718807,0.863204643,-0.692530296,1.833550154,7
-0.034353588,2.437579029,1.659678818,0.288489422,-0.452953561,-0.737442619,0.684580836,-0.49707807,0.46877685,-0.169650153,1.422978285,6
0.084864597,2.737144828,-2.367601412,0.308032613,-0.452953561,-0.975189937,0.568147046,-0.490400986,0.46877685,-0.256796844,1.422978285,6
-1.345753634,-0.757789487,-1.463518095,-0.981818005,-0.17542157,0.510730803,-0.945492216,-1.682260488,0.271562954,-1.041117058,1.422978285,6
-0.86888089,0.839894771,-0.97038174,-0.229405144,-0.360442897,0.510730803,0.125698647,-0.774177058,0.205824988,-0.779676987,0.601834548,6
-1.107317262,0.34061844,-0.559434778,-0.805929284,-0.17542157,-0.975189937,-0.4564703,-1.548718807,0.863204643,-0.692530296,1.833550154,7
-1.107317262,0.140907908,-0.559434778,-0.805929284,-0.082910907,-0.915753108,-0.526330574,-1.555395891,0.797466677,-0.692530296,1.833550154,7
-1.46497182,-0.558078955,-0.395055993,-0.57141099,-0.267932234,-0.4996953,0.148985404,-1.391807332,-0.122864839,-1.128263748,1.340863912,6
0.204082783,1.838447433,-0.888192348,1.42199451,-0.036655575,0.510730803,1.220176267,1.315750249,-0.517292631,0.353229989,-0.876224179,5
-0.392008146,-0.657934221,-0.312866601,0.679353246,-0.221676902,1.699467395,0.801014625,0.280802222,-0.780244493,0.091789918,-0.301423563,6
-0.034353588,1.439026368,-1.134760525,1.75422876,-0.129166238,1.283409588,1.429757088,1.442614846,-0.714506527,0.44037668,-0.876224179,5
-1.46497182,-0.558078955,-1.134760525,1.871487908,-0.082910907,0.332420314,-0.619477606,1.489354434,0.205824988,-0.256796844,-1.286796048,6
-1.46497182,-0.558078955,-1.134760525,1.871487908,-0.082910907,0.332420314,-0.619477606,1.489354434,0.205824988,-0.256796844,-1.286796048,6
-1.46497182,-0.558078955,-1.134760525,1.871487908,-0.082910907,0.332420314,-0.619477606,1.489354434,0.205824988,-0.256796844,-1.286796048,6
-1.46497182,-0.558078955,-1.134760525,1.871487908,-0.082910907,0.332420314,-0.619477606,1.489354434,0.205824988,-0.256796844,-1.286796048,6
-2.06106275,0.34061844,-1.134760525,-0.786386093,-0.869251547,-0.4996953,-0.526330574,-1.769062581,2.440915812,-0.343943534,2.079893275,7
0.323300969,-0.558078955,0.098080362,-0.180547166,0.379642412,0.094672996,1.010595446,0.194000129,-0.714506527,0.091789918,-0.137194816,5
-1.584190006,-0.957500019,-0.395055993,-0.805929284,-0.267932234,-1.807305552,-2.156403626,-0.967812495,-0.780244493,-0.343943534,-0.301423563,4
-0.86888089,-0.358368423,-0.559434778,2.027833437,-0.267932234,0.748478121,-0.24688948,0.918463748,0.271562954,-0.953970368,0.027033932,6
-1.46497182,-0.558078955,-1.134760525,1.871487908,-0.082910907,0.332420314,-0.619477606,1.489354434,0.205824988,-0.256796844,-1.286796048,6
-1.46497182,-0.15865789,-0.806002955,2.223265349,0.610919071,-0.737442619,-0.363323269,1.192224194,0.731728712,0.091789918,-0.301423563,5
-1.46497182,-0.15865789,-0.806002955,2.223265349,0.610919071,-0.737442619,-0.363323269,1.192224194,0.731728712,0.091789918,-0.301423563,5
-1.107317262,-0.757789487,-0.64162417,0.073514319,0.148365752,-0.796879449,-1.085212763,-0.453677023,-0.254340769,-0.605383606,0.437605801,6
-1.107317262,-0.757789487,-0.64162417,0.073514319,0.148365752,-0.796879449,-1.085212763,-0.453677023,-0.254340769,-0.605383606,0.437605801,6
-1.107317262,-0.757789487,-0.64162417,0.073514319,0.148365752,-0.796879449,-1.085212763,-0.453677023,-0.254340769,-0.605383606,0.437605801,6
-1.107317262,-0.757789487,-0.64162417,0.073514319,0.148365752,-0.796879449,-1.085212763,-0.453677023,-0.254340769,-0.605383606,0.437605801,6
0.800173713,0.041052642,-1.381328702,-0.942731622,0.009599757,-0.440258471,-0.526330574,-0.426968687,-0.714506527,-0.518236915,-0.383537937,5
0.084864597,-0.757789487,-0.066298423,-0.336892696,-0.730485552,-0.61856896,-1.481087647,-0.714083301,-2.029265835,0.44037668,0.027033932,6
-0.392008146,-0.15865789,-0.559434778,1.050673878,0.102110421,-0.440258471,-0.642764364,0.634687676,-2.095003801,0.004643228,-0.629881058,6
-1.46497182,-0.15865789,-0.806002955,2.223265349,0.610919071,-0.737442619,-0.363323269,1.192224194,0.731728712,0.091789918,-0.301423563,5
0.323300969,-0.657934221,0.180269754,1.812858334,-0.036655575,1.937214714,1.010595446,1.689666956,0.403038885,2.35760387,-0.876224179,5
-0.034353588,-0.558078955,-0.148487816,-0.121917593,-0.221676902,-0.915753108,-0.479757058,-0.400260351,-0.122864839,0.52752337,0.601834548,6
0.323300969,-0.657934221,0.180269754,1.812858334,-0.036655575,1.937214714,1.010595446,1.689666956,0.403038885,2.35760387,-0.876224179,5
0.561737341,-0.558078955,-0.477245386,0.503464525,0.009599757,-0.796879449,-0.433183543,0.173968877,-0.583030596,0.52752337,0.273377053,5
0.323300969,-0.657934221,0.180269754,1.812858334,-0.036655575,1.937214714,1.010595446,1.689666956,0.403038885,2.35760387,-0.876224179,5
-0.034353588,-0.558078955,-0.148487816,-0.121917593,-0.221676902,-0.915753108,-0.479757058,-0.400260351,-0.122864839,0.52752337,0.601834548,6
0.084864597,-0.757789487,0.098080362,0.464378143,-0.406698229,-0.261947982,-0.852345184,-0.093114485,-0.3858167,0.004643228,0.437605801,6
